qname	qlen	qstart	qend	strand	tname	tlen	tstart	tend	nmatch	alen	mapq
scaffold_747	2622	674	1489	-	CP052038.1	6487135	11638	12463	249	825	60
scaffold_10	1239786	645477	649597	+	CP052038.1	6487135	20596	24705	1596	4120	60
scaffold_66	184824	157630	158652	-	CP052038.1	6487135	32347	33368	660	1022	60
scaffold_21	738175	56235	122457	+	CP052038.1	6487135	35977	106090	38204	74933	60
scaffold_35	440808	258659	259633	-	CP052038.1	6487135	80242	81074	174	974	60
scaffold_315	18631	6918	7823	+	CP052038.1	6487135	80242	81074	122	914	60
scaffold_175	46490	34123	34912	-	CP052038.1	6487135	81593	82353	174	789	60
scaffold_21	738175	145471	174068	+	CP052038.1	6487135	111129	140128	15837	29089	60
scaffold_112	88048	80743	80968	+	CP052038.1	6487135	113736	113961	119	225	60
scaffold_21	738175	177870	214637	+	CP052038.1	6487135	146138	182972	26045	36927	60
scaffold_21	738175	225830	227493	+	CP052038.1	6487135	183914	185577	726	1663	60
scaffold_194	39750	33038	33837	-	CP052038.1	6487135	212604	213408	98	804	60
scaffold_21	738175	227588	227930	+	CP052038.1	6487135	223064	223406	166	342	60
scaffold_21	738175	229228	272149	+	CP052038.1	6487135	225995	268434	30255	43018	60
scaffold_21	738175	274944	343533	+	CP052038.1	6487135	274758	347379	38358	72973	60
scaffold_312	19256	6548	7647	-	CP052038.1	6487135	303130	304191	122	1099	60
scaffold_21	738175	348620	384365	+	CP052038.1	6487135	350422	387947	17819	37637	60
scaffold_1447	578	10	578	+	CP052038.1	6487135	372496	373064	557	568	60
scaffold_21	738175	386492	528850	+	CP052038.1	6487135	388310	516400	78178	143280	60
scaffold_1116	806	16	796	+	CP052038.1	6487135	396866	397646	680	780	60
scaffold_91	120630	24726	26199	-	CP052038.1	6487135	507933	509405	489	1473	60
scaffold_21	738175	537204	538844	+	CP052038.1	6487135	521916	523540	618	1640	60
scaffold_21	738175	540342	553699	+	CP052038.1	6487135	534434	547968	3905	13739	60
scaffold_21	738175	555650	563903	-	CP052038.1	6487135	552702	560999	586	8326	60
scaffold_21	738175	571834	584309	+	CP052038.1	6487135	563492	575912	8740	12482	60
scaffold_17	792558	748797	792378	-	CP052038.1	6487135	575933	616802	28468	43803	60
scaffold_17	792558	746082	747772	+	CP052038.1	6487135	618786	620479	104	1702	60
scaffold_17	792558	707273	744002	-	CP052038.1	6487135	621809	658399	24803	37004	60
scaffold_1707	502	4	495	-	CP052038.1	6487135	625134	625625	463	491	60
scaffold_17	792558	523694	699632	-	CP052038.1	6487135	666097	834518	126830	176239	60
scaffold_17	792558	434013	518429	-	CP052038.1	6487135	837867	919048	59887	86246	60
scaffold_17	792558	100864	429319	-	CP052038.1	6487135	921107	1250944	272014	330563	60
scaffold_17	792558	128	88545	-	CP052038.1	6487135	1265864	1354248	76146	88494	60
scaffold_23	662106	132	661981	+	CP052038.1	6487135	1354259	2014140	559252	664058	60
scaffold_1190	732	8	638	-	CP052038.1	6487135	1606792	1607440	101	651	60
scaffold_7	1660457	129	1660325	+	CP052038.1	6487135	2014145	3675384	1442228	1666107	60
scaffold_4	1881388	531174	531310	-	CP052038.1	6487135	3550804	3550948	102	144	60
scaffold_5	1863748	16906	17042	-	CP052038.1	6487135	3550804	3550948	102	144	60
scaffold_5	1863748	362051	362187	+	CP052038.1	6487135	3550804	3550948	102	144	60
scaffold_19	781025	127	45803	+	CP052038.1	6487135	3675395	3720554	36743	45746	60
scaffold_19	781025	51573	780943	+	CP052038.1	6487135	3729206	4460474	631160	733289	60
scaffold_39	398046	15	114779	+	CP052038.1	6487135	4601799	4716628	101935	114937	60
scaffold_1573	531	16	530	+	CP052038.1	6487135	4720370	4720911	353	541	60
scaffold_1059	878	232	864	+	CP052038.1	6487135	4722704	4723336	416	632	60
scaffold_921	1278	527	780	+	CP052038.1	6487135	4748940	4749192	129	253	60
scaffold_104	98169	54887	55117	-	CP052038.1	6487135	4750053	4750289	156	236	60
scaffold_1318	646	4	583	-	CP052038.1	6487135	4754239	4754818	465	579	60
scaffold_39	398046	155763	319993	+	CP052038.1	6487135	4761504	4927687	139371	166678	60
scaffold_111	88385	6777	8272	-	CP052038.1	6487135	4832546	4834047	275	1503	60
scaffold_39	398046	325401	397674	+	CP052038.1	6487135	4934955	5007200	62192	72363	60
scaffold_228	31656	132	31527	+	CP052038.1	6487135	5007220	5038729	27816	31641	60
scaffold_127	79228	29	79098	-	CP052038.1	6487135	5038738	5117878	66487	79269	60
scaffold_1	2692756	453752	1378948	-	CP052038.1	6487135	5117575	6049778	707769	940899	60
scaffold_88	125722	85580	86423	+	CP052038.1	6487135	5429748	5430592	248	844	60
scaffold_1372	620	4	620	+	CP052038.1	6487135	5917642	5918258	532	616	60
scaffold_1	2692756	392410	448154	-	CP052038.1	6487135	6051847	6107600	36466	55850	60
scaffold_1	2692756	391752	392096	-	CP052038.1	6487135	6115226	6115570	179	344	60
scaffold_1	2692756	357641	388259	-	CP052038.1	6487135	6140946	6171543	21583	30676	60
scaffold_1	2692756	337974	353698	-	CP052038.1	6487135	6173651	6189447	10827	15805	60
scaffold_1	2692756	332110	337262	-	CP052038.1	6487135	6200541	6205668	3473	5154	60
scaffold_1	2692756	328422	328938	-	CP052038.1	6487135	6206237	6206761	159	524	60
scaffold_21	738175	50790	52406	+	CP052038.1	6487135	6209422	6211038	484	1617	60
scaffold_35	440808	244504	245647	-	CP052038.1	6487135	6213888	6215040	269	1175	60
scaffold_12	1155968	738867	739566	+	CP052038.1	6487135	6214068	6214759	130	701	60
scaffold_1	2692756	316553	321046	-	CP052038.1	6487135	6215620	6220113	2352	4495	60
scaffold_1430	590	20	586	+	CP052038.1	6487135	6220263	6220827	467	566	60
scaffold_1	2692756	312701	313901	-	CP052038.1	6487135	6220403	6221595	153	1202	60
scaffold_1	2692756	289521	308041	-	CP052038.1	6487135	6221651	6243202	11479	21633	60
scaffold_1	2692756	249213	252143	-	CP052038.1	6487135	6249207	6252133	1650	2931	60
scaffold_1	2692756	239559	248256	-	CP052038.1	6487135	6263076	6272067	5139	9018	60
scaffold_1	2692756	140880	200316	-	CP052038.1	6487135	6273242	6325270	33482	59620	60
scaffold_1365	622	18	600	+	CP052038.1	6487135	6341546	6342128	365	582	60
scaffold_11	1212133	112483	113002	+	CP052038.1	6487135	6342900	6343521	98	621	60
scaffold_1	2692756	140440	140772	-	CP052038.1	6487135	6361304	6361636	166	332	60
scaffold_1	2692756	123329	139985	-	CP052038.1	6487135	6362711	6379609	10502	17112	60
scaffold_183	43655	1102	1632	+	CP052038.1	6487135	6380640	6381171	132	531	60
scaffold_45	358384	313410	313533	-	CP052038.1	6487135	6381871	6381990	100	123	60
scaffold_131	76605	33575	36126	+	CP052038.1	6487135	6381910	6384557	188	2652	60
scaffold_6	1692318	1548910	1549332	+	CP052038.1	6487135	74026	74432	94	422	59
scaffold_921	1278	941	1165	+	CP052038.1	6487135	4750420	4750645	89	225	59
scaffold_13	1103368	23856	24088	+	CP052038.1	6487135	6389346	6389578	90	232	59
scaffold_31	499125	9496	9610	+	CP052038.1	6487135	5543376	5543487	76	114	57
scaffold_1106	819	158	683	+	CP052038.1	6487135	5652025	5652559	89	534	57
scaffold_6	1692318	297742	297975	-	CP052038.1	6487135	80301	80560	163	259	56
scaffold_75	154281	154069	154205	-	CP052038.1	6487135	3550804	3550948	87	144	56
scaffold_12	1155968	702189	703689	+	CP052038.1	6487135	6213350	6214942	167	1600	56
scaffold_3	2381582	98	234	+	CP052038.1	6487135	3550804	3550948	85	144	54
scaffold_116	84153	83951	84086	-	CP052038.1	6487135	3550804	3550948	82	144	52
scaffold_1048	889	92	765	+	CP052038.1	6487135	1203218	1203899	95	681	51
scaffold_296	20863	6420	9261	-	CP052038.1	6487135	6393612	6396467	792	2884	49
scaffold_45	358384	243377	244346	-	CP052038.1	6487135	74373	75315	207	969	48
scaffold_220	33416	21652	22297	+	CP052038.1	6487135	4750650	4751296	84	646	46
scaffold_28	539988	193209	193304	+	CP052038.1	6487135	6383129	6383224	71	95	44
scaffold_1189	733	37	312	+	CP052038.1	6487135	336971	337246	79	275	43
scaffold_1617	522	100	273	-	CP052038.1	6487135	6214740	6214919	82	179	43
scaffold_21	738175	60711	60860	+	CP052038.1	6487135	6344444	6344593	87	149	43
scaffold_1	2692756	89221	90074	+	CP052038.1	6487135	4749372	4750289	383	933	42
scaffold_50	298037	109689	110045	+	CP052038.1	6487135	7575	7994	109	419	40
scaffold_336	17138	6511	7418	+	CP052038.1	6487135	6214127	6215009	148	921	40
scaffold_40	392173	110356	110759	-	CP052038.1	6487135	6214556	6214994	135	438	39
scaffold_283	22139	691	1518	+	CP052038.1	6487135	4749457	4750258	182	827	37
scaffold_12	1155968	704315	704856	-	CP052038.1	6487135	4722888	4723430	95	542	36
scaffold_1	2692756	119319	119644	+	CP052038.1	6487135	6437164	6437492	73	328	34
scaffold_12	1155968	733540	733639	+	CP052038.1	6487135	3550849	3550948	66	99	33
scaffold_954	1152	831	1086	+	CP052038.1	6487135	4741720	4741975	119	255	33
scaffold_71	175185	108842	113634	-	CP052038.1	6487135	6381885	6386683	153	4858	33
scaffold_1	2692756	37609	38014	+	CP052038.1	6487135	6416155	6416560	66	405	33
scaffold_1085	847	609	768	-	CP052038.1	6487135	7828	7987	110	159	32
scaffold_82	143064	65729	66639	+	CP052038.1	6487135	6214172	6215040	189	915	32
scaffold_1617	522	87	179	-	CP052038.1	6487135	4760907	4760999	92	92	30
scaffold_104	98169	44551	45446	+	CP052038.1	6487135	74394	75315	113	925	28
scaffold_19	781025	45900	45976	-	CP052038.1	6487135	3726375	3726451	61	76	28
scaffold_6	1692318	272754	273309	-	CP052038.1	6487135	4749874	4750384	240	566	28
scaffold_4	1881388	495120	497828	+	CP052038.1	6487135	6381871	6384516	227	2718	28
scaffold_12	1155968	731547	731907	+	CP052038.1	6487135	6438908	6439296	117	390	28
scaffold_68	182924	91530	92103	+	CP052038.1	6487135	4763079	4763654	68	575	27
scaffold_175	46490	2422	3152	+	CP052038.1	6487135	6381885	6382618	109	741	26
scaffold_44	359581	173173	175665	+	CP052038.1	6487135	4753042	4755726	212	2694	25
scaffold_315	18631	94	230	+	CP052038.1	6487135	3550804	3550948	65	144	24
scaffold_5	1863748	8205	8893	+	CP052038.1	6487135	4749621	4750196	83	688	24
scaffold_50	298037	147928	150390	+	CP052038.1	6487135	6379962	6382099	237	2468	24
scaffold_5	1863748	15224	15402	+	CP052038.1	6487135	6382439	6382618	86	179	24
scaffold_1	2692756	67035	69611	-	CP052038.1	6487135	25935	28483	77	2611	23
scaffold_61	235649	136643	137702	-	CP052038.1	6487135	5108779	5109883	70	1113	23
scaffold_1669	510	202	297	+	CP052038.1	6487135	6344810	6344905	54	95	22
scaffold_45	358384	228482	229877	-	CP052038.1	6487135	6383612	6384571	226	1398	21
scaffold_12	1155968	736445	737372	-	CP052038.1	6487135	74394	75315	146	930	20
scaffold_1388	609	252	476	+	CP052038.1	6487135	2464199	2464421	53	224	20
scaffold_45	358384	109749	109885	-	CP052038.1	6487135	6442648	6442784	58	136	20
scaffold_14	908909	131287	132248	+	CP052038.1	6487135	74279	75265	96	986	19
scaffold_9	1406917	1041780	1041946	-	CP052038.1	6487135	4564942	4565112	58	170	19
scaffold_1479	564	417	520	-	CP052038.1	6487135	3123297	3123410	58	113	18
scaffold_1657	513	440	513	+	CP052038.1	6487135	4750177	4750250	63	73	18
scaffold_1324	644	561	613	+	CP052038.1	6487135	4942791	4942843	52	52	18
scaffold_30	507731	476822	477623	-	CP052038.1	6487135	80377	81149	183	807	17
scaffold_122	81337	69342	69556	-	CP052038.1	6487135	6402033	6402246	55	214	17
scaffold_51	297976	278080	278210	-	CP052038.1	6487135	386381	386511	98	130	15
scaffold_1087	846	644	735	+	CP052038.1	6487135	3411102	3411193	53	91	15
scaffold_131	76605	57095	57192	+	CP052038.1	6487135	4752697	4752782	61	97	15
scaffold_10	1239786	144180	144387	-	CP052038.1	6487135	6384383	6384585	101	207	15
scaffold_10	1239786	799394	800224	+	CP052038.1	6487135	29528	30355	57	830	14
scaffold_129	76929	67782	68134	+	CP052038.1	6487135	212843	213195	57	352	14
scaffold_21	738175	228730	228789	+	CP052038.1	6487135	223415	223474	52	59	14
scaffold_128	78074	36850	36931	-	CP052038.1	6487135	386430	386511	68	81	14
scaffold_1379	615	176	433	-	CP052038.1	6487135	1070904	1071175	52	271	14
scaffold_1502	557	21	488	+	CP052038.1	6487135	1929932	1930399	57	467	14
scaffold_1390	608	7	477	+	CP052038.1	6487135	5725264	5725734	57	470	14
scaffold_4	1881388	514813	514971	-	CP052038.1	6487135	6382419	6382599	58	180	14
scaffold_4	1881388	1863565	1863924	-	CP052038.1	6487135	6437130	6437492	57	362	14
scaffold_75	154281	90522	90603	+	CP052038.1	6487135	386430	386511	60	81	13
scaffold_11	1212133	207754	209432	-	CP052038.1	6487135	4725940	4727544	84	1678	13
scaffold_175	46490	2317	2508	+	CP052038.1	6487135	4736970	4737156	57	191	13
scaffold_51	297976	63912	64538	+	CP052038.1	6487135	213039	213665	50	626	12
scaffold_30	507731	478657	479261	-	CP052038.1	6487135	6382165	6382637	131	604	12
scaffold_220	33416	5	201	-	CP052038.1	6487135	6383814	6384010	62	196	12
scaffold_1545	539	65	271	+	CP052038.1	6487135	2025607	2025830	57	223	11
scaffold_11	1212133	201913	202307	-	CP052038.1	6487135	6214647	6215040	136	399	11
scaffold_1669	510	23	131	+	CP052038.1	6487135	6342396	6342504	49	108	11
scaffold_1	2692756	168	12088	-	CP052038.1	6487135	6394308	6409213	5344	16763	11
scaffold_1147	773	92	667	+	CP052038.1	6487135	2996711	2997245	56	575	10
scaffold_28	539988	163426	163727	-	CP052038.1	6487135	4832367	4832693	57	326	10
scaffold_10	1239786	1041398	1041560	-	CP052038.1	6487135	6403057	6403219	52	162	10
scaffold_67	184376	77714	78744	+	CP052038.1	6487135	6441754	6442784	138	1035	10
scaffold_32	471417	12346	13052	+	CP052038.1	6487135	6412397	6413131	57	734	9
scaffold_1589	528	318	367	+	CP052038.1	6487135	6381107	6381156	49	49	8
scaffold_30	507731	20603	20877	+	CP052038.1	6487135	4719046	4719323	76	278	7
scaffold_144	69844	10706	14067	+	CP052038.1	6487135	5120598	5123921	57	3361	7
scaffold_1125	793	426	553	+	CP052038.1	6487135	4157129	4157256	45	127	6
scaffold_8	1419871	1291600	1291679	+	CP052038.1	6487135	4736970	4737049	61	79	6
scaffold_1711	501	93	311	+	CP052038.1	6487135	4760839	4761061	74	222	6
scaffold_20	777291	15049	20376	-	CP052038.1	6487135	4750544	4755726	298	5328	5
scaffold_45	358384	313463	313636	-	CP052038.1	6487135	6342531	6342704	108	173	5
scaffold_131	76605	57017	57120	+	CP052038.1	6487135	6343415	6343521	48	106	5
scaffold_12	1155968	712458	712581	-	CP052038.1	6487135	6384489	6384613	46	124	5
scaffold_68	182924	177738	177842	-	CP052038.1	6487135	6416763	6416867	46	104	5
scaffold_4	1881388	534074	535070	+	CP052038.1	6487135	6342527	6343521	134	996	4
scaffold_45	358384	227737	227898	+	CP052038.1	6487135	6342531	6342692	105	161	4
scaffold_315	18631	12306	12389	-	CP052038.1	6487135	6343521	6343603	51	83	4
scaffold_431	11085	226	756	-	CP052038.1	6487135	7394	7987	183	593	3
scaffold_1255	684	154	309	+	CP052038.1	6487135	6342522	6342677	98	155	3
scaffold_35	440808	275030	275966	+	CP052038.1	6487135	6441754	6442784	165	1030	3
scaffold_45	358384	111198	111430	-	CP052038.1	6487135	6465760	6466024	66	264	3
scaffold_40	392173	59505	60049	+	CP052038.1	6487135	74311	74864	87	556	2
scaffold_62	231438	219423	220489	-	CP052038.1	6487135	6214077	6215009	174	1066	2
scaffold_104	98169	41569	42346	-	CP052038.1	6487135	6381862	6382618	68	781	2
scaffold_122	81337	47698	48512	+	CP052038.1	6487135	6438876	6439686	205	822	2
scaffold_315	18631	18512	18625	-	CP052038.1	6487135	3550835	3550948	80	113	1
scaffold_336	17138	9	122	+	CP052038.1	6487135	3550835	3550948	80	113	1
scaffold_2	2503568	2503451	2503564	-	CP052038.1	6487135	3550835	3550948	80	113	1
scaffold_149	65637	4	117	+	CP052038.1	6487135	3550835	3550948	80	113	1
scaffold_10	1239786	169737	173307	-	CP052038.1	6487135	6380834	6384546	176	3712	1
scaffold_45	358384	267555	267710	-	CP052038.1	6487135	6384430	6384585	111	155	1
scaffold_153	61587	9718	10074	+	CP052038.1	6487135	5140	5496	129	356	0
scaffold_175	46490	7415	9000	+	CP052038.1	6487135	6359	7987	529	1628	0
scaffold_48	348853	65470	66003	-	CP052038.1	6487135	7394	7987	114	593	0
scaffold_106	94230	47989	48030	+	CP052038.1	6487135	7553	7594	41	41	0
scaffold_336	17138	3953	4508	+	CP052038.1	6487135	73009	73536	92	555	0
scaffold_44	359581	209077	210199	+	CP052038.1	6487135	74279	75315	126	1122	0
scaffold_1	2692756	35644	36675	+	CP052038.1	6487135	74311	75315	172	1031	0
scaffold_82	143064	67378	68196	-	CP052038.1	6487135	74311	75212	132	901	0
scaffold_131	76605	55558	56462	-	CP052038.1	6487135	74311	75225	177	920	0
scaffold_315	18631	5586	6451	-	CP052038.1	6487135	74311	75164	85	877	0
scaffold_4	1881388	534074	535124	-	CP052038.1	6487135	74328	75310	131	1062	0
scaffold_145	69505	66693	67635	-	CP052038.1	6487135	74328	75264	95	942	0
scaffold_5	1863748	20726	21606	-	CP052038.1	6487135	74394	75233	109	891	0
scaffold_131	76605	7852	8689	-	CP052038.1	6487135	74394	75310	91	916	0
scaffold_44	359581	200370	201212	+	CP052038.1	6487135	74394	75205	91	846	0
scaffold_175	46490	2422	3152	-	CP052038.1	6487135	74394	75189	100	799	0
scaffold_66	184824	2611	3533	-	CP052038.1	6487135	74400	75310	160	930	0
scaffold_315	18631	6918	7823	-	CP052038.1	6487135	74422	75315	76	905	0
scaffold_62	231438	219438	220179	-	CP052038.1	6487135	74595	75264	112	741	0
scaffold_1417	596	44	530	+	CP052038.1	6487135	74845	75315	195	486	0
scaffold_1711	501	179	311	+	CP052038.1	6487135	75132	75264	92	132	0
scaffold_82	143064	66459	66639	+	CP052038.1	6487135	75145	75310	98	180	0
scaffold_1255	684	154	309	-	CP052038.1	6487135	75160	75315	67	155	0
scaffold_28	539988	186805	186959	-	CP052038.1	6487135	75160	75315	48	155	0
scaffold_8	1419871	1291717	1291822	+	CP052038.1	6487135	75160	75264	57	105	0
scaffold_71	175185	148451	149310	+	CP052038.1	6487135	80242	81104	118	866	0
scaffold_6	1692318	1550037	1550234	-	CP052038.1	6487135	80264	80461	100	197	0
scaffold_6	1692318	1654910	1655270	+	CP052038.1	6487135	80278	80656	103	380	0
scaffold_122	81337	47800	48512	-	CP052038.1	6487135	80293	81000	84	712	0
scaffold_16	897138	555	851	+	CP052038.1	6487135	212861	213157	89	296	0
scaffold_77	149510	98485	98826	+	CP052038.1	6487135	212999	213340	103	341	0
scaffold_70	181850	30507	37993	+	CP052038.1	6487135	213750	221375	152	7635	0
scaffold_102	100464	74917	75084	+	CP052038.1	6487135	213937	214104	153	167	0
scaffold_48	348853	333543	341163	+	CP052038.1	6487135	213937	221747	375	7810	0
scaffold_343	16140	2921	3061	+	CP052038.1	6487135	213937	214075	85	140	0
scaffold_21	738175	55591	55757	+	CP052038.1	6487135	213939	214104	138	166	0
scaffold_70	181850	173079	180728	-	CP052038.1	6487135	213966	221747	401	7781	0
scaffold_32	471417	2675	10327	-	CP052038.1	6487135	213978	221718	184	7773	0
scaffold_129	76929	56613	57397	-	CP052038.1	6487135	214114	214898	97	784	0
scaffold_75	154281	102275	102612	+	CP052038.1	6487135	221393	221718	76	337	0
scaffold_102	100464	74917	75086	+	CP052038.1	6487135	221580	221749	155	169	0
scaffold_343	16140	2921	3061	+	CP052038.1	6487135	221580	221718	85	140	0
scaffold_21	738175	55591	55757	+	CP052038.1	6487135	221582	221747	138	166	0
scaffold_212	35064	7180	7320	+	CP052038.1	6487135	221609	221749	95	140	0
scaffold_143	70430	17025	17124	+	CP052038.1	6487135	221621	221718	52	99	0
scaffold_66	184824	21	116	+	CP052038.1	6487135	287455	287550	68	95	0
scaffold_42	372282	370653	370714	+	CP052038.1	6487135	287455	287516	49	61	0
scaffold_347	15918	15801	15896	-	CP052038.1	6487135	287455	287550	68	95	0
scaffold_145	69505	69388	69483	-	CP052038.1	6487135	287455	287550	68	95	0
scaffold_96	109087	21	116	+	CP052038.1	6487135	287455	287550	68	95	0
scaffold_731	2806	2576	2671	-	CP052038.1	6487135	287455	287550	49	95	0
scaffold_190	40947	36408	36484	-	CP052038.1	6487135	386381	386457	61	76	0
scaffold_980	1046	24	101	-	CP052038.1	6487135	1485834	1485911	52	77	0
scaffold_126	79365	72970	73010	+	CP052038.1	6487135	2749619	2749659	40	40	0
scaffold_126	79365	72970	73010	+	CP052038.1	6487135	2749622	2749662	40	40	0
scaffold_126	79365	72970	73010	+	CP052038.1	6487135	2749625	2749665	40	40	0
scaffold_126	79365	72970	73010	+	CP052038.1	6487135	2749628	2749668	40	40	0
scaffold_45	358384	172568	174759	-	CP052038.1	6487135	2775431	2777622	749	2194	0
scaffold_122	81337	59859	61931	+	CP052038.1	6487135	2775431	2777503	730	2075	0
scaffold_68	182924	46669	48870	+	CP052038.1	6487135	2775431	2777622	903	2201	0
scaffold_1643	517	46	516	-	CP052038.1	6487135	2775513	2775983	111	470	0
scaffold_5	1863748	1861670	1863641	+	CP052038.1	6487135	2775545	2777516	458	1974	0
scaffold_249	26889	3750	3857	-	CP052038.1	6487135	2775690	2775797	78	107	0
scaffold_11	1212133	52451	53846	-	CP052038.1	6487135	2775730	2777125	313	1395	0
scaffold_1	2692756	122881	123257	+	CP052038.1	6487135	2777064	2777443	57	379	0
scaffold_37	420435	333411	333539	+	CP052038.1	6487135	3550804	3550940	113	136	0
scaffold_46	353283	198929	198985	+	CP052038.1	6487135	3779884	3779940	56	56	0
scaffold_45	358384	172568	174759	+	CP052038.1	6487135	4103306	4105497	749	2194	0
scaffold_68	182924	46669	48870	-	CP052038.1	6487135	4103306	4105497	903	2201	0
scaffold_5	1863748	1861670	1863641	-	CP052038.1	6487135	4103412	4105383	458	1974	0
scaffold_122	81337	59859	61931	-	CP052038.1	6487135	4103425	4105497	730	2075	0
scaffold_11	1212133	52451	53846	+	CP052038.1	6487135	4103803	4105198	313	1395	0
scaffold_1643	517	46	516	+	CP052038.1	6487135	4104945	4105415	111	470	0
scaffold_249	26889	3750	3857	+	CP052038.1	6487135	4105131	4105238	78	107	0
scaffold_262	24986	6233	6955	-	CP052038.1	6487135	4182572	4183291	57	722	0
scaffold_44	359581	206380	206769	-	CP052038.1	6487135	4716657	4717054	97	400	0
scaffold_1402	605	73	134	-	CP052038.1	6487135	4716657	4716719	46	62	0
scaffold_42	372282	359576	359675	-	CP052038.1	6487135	4717557	4717656	85	99	0
scaffold_145	69505	64494	64712	-	CP052038.1	6487135	4717557	4717771	71	218	0
scaffold_312	19256	13310	13353	+	CP052038.1	6487135	4717563	4717606	43	43	0
scaffold_61	235649	96929	97275	+	CP052038.1	6487135	4717604	4717959	76	355	0
scaffold_149	65637	61900	62460	-	CP052038.1	6487135	4720332	4720919	52	587	0
scaffold_26	567511	566718	567340	-	CP052038.1	6487135	4721620	4722243	85	623	0
scaffold_10	1239786	174651	175485	+	CP052038.1	6487135	4722846	4723680	93	834	0
scaffold_104	98169	91534	91714	-	CP052038.1	6487135	4723572	4723750	87	180	0
scaffold_4	1881388	534090	535116	+	CP052038.1	6487135	4736970	4737961	119	1038	0
scaffold_44	359581	209134	210153	-	CP052038.1	6487135	4736995	4737961	110	1019	0
scaffold_66	184824	2732	3662	+	CP052038.1	6487135	4737075	4738026	101	951	0
scaffold_1617	522	100	201	+	CP052038.1	6487135	4737075	4737175	63	101	0
scaffold_220	33416	30134	30465	+	CP052038.1	6487135	4737085	4737427	110	343	0
scaffold_907	1333	130	1322	-	CP052038.1	6487135	4747305	4748497	538	1194	0
scaffold_111	88385	71388	71490	+	CP052038.1	6487135	4749358	4749460	82	102	0
scaffold_71	175185	148536	149374	-	CP052038.1	6487135	4749372	4750289	225	917	0
scaffold_97	105629	101508	102396	+	CP052038.1	6487135	4749441	4750258	151	888	0
scaffold_30	507731	476876	477642	+	CP052038.1	6487135	4749457	4750258	117	803	0
scaffold_6	1692318	294414	295161	+	CP052038.1	6487135	4749507	4750323	150	816	0
scaffold_111	88385	71703	71985	+	CP052038.1	6487135	4750106	4750384	131	286	0
scaffold_30	507731	498767	498931	-	CP052038.1	6487135	4750121	4750289	126	168	0
scaffold_315	18631	6969	7158	-	CP052038.1	6487135	4750121	4750323	90	202	0
scaffold_2	2503568	2502099	2502497	+	CP052038.1	6487135	4750642	4751039	57	398	0
scaffold_62	231438	229410	230152	-	CP052038.1	6487135	4750650	4751391	95	742	0
scaffold_39	398046	117152	117886	-	CP052038.1	6487135	4750650	4751391	119	741	0
scaffold_20	777291	15177	20391	+	CP052038.1	6487135	4750686	4755755	288	5215	0
scaffold_25	600164	598754	598981	-	CP052038.1	6487135	4750875	4751102	76	227	0
scaffold_20	777291	795	1053	+	CP052038.1	6487135	4753042	4753299	83	258	0
scaffold_30	507731	480687	480995	-	CP052038.1	6487135	4753309	4753617	102	308	0
scaffold_25	600164	598754	598928	+	CP052038.1	6487135	4753443	4753617	69	174	0
scaffold_10	1239786	169697	170693	-	CP052038.1	6487135	4754759	4755755	196	997	0
scaffold_35	440808	269174	270145	-	CP052038.1	6487135	4754759	4755740	146	981	0
scaffold_4	1881388	537494	538400	-	CP052038.1	6487135	4754782	4755685	185	906	0
scaffold_131	76605	60866	61829	-	CP052038.1	6487135	4754782	4755755	201	973	0
scaffold_45	358384	301444	302419	-	CP052038.1	6487135	4754782	4755755	233	975	0
scaffold_20	777291	795	1740	+	CP052038.1	6487135	4754782	4755726	110	947	0
scaffold_10	1239786	165339	166268	-	CP052038.1	6487135	4754782	4755726	182	945	0
scaffold_62	231438	229299	230162	+	CP052038.1	6487135	4754782	4755644	115	863	0
scaffold_9	1406917	474534	475463	+	CP052038.1	6487135	4754799	4755726	158	929	0
scaffold_4	1881388	529654	530488	+	CP052038.1	6487135	4754883	4755726	150	844	0
scaffold_62	231438	223396	224195	+	CP052038.1	6487135	4754988	4755794	114	813	0
scaffold_35	440808	254807	255582	+	CP052038.1	6487135	4754988	4755762	178	775	0
scaffold_62	231438	230580	231277	+	CP052038.1	6487135	4754988	4755685	95	697	0
scaffold_220	33416	16965	17515	-	CP052038.1	6487135	4755007	4755556	76	550	0
scaffold_39	398046	132456	132585	-	CP052038.1	6487135	4755625	4755755	102	130	0
scaffold_220	33416	32706	32811	-	CP052038.1	6487135	4755650	4755755	84	105	0
scaffold_220	33416	30134	30470	-	CP052038.1	6487135	4760646	4760976	91	336	0
scaffold_14	908909	131933	132247	+	CP052038.1	6487135	4760747	4761061	70	314	0
scaffold_28	539988	186900	186979	-	CP052038.1	6487135	4760939	4761016	66	79	0
scaffold_66	184824	2611	2776	-	CP052038.1	6487135	4760942	4761107	99	165	0
scaffold_44	359581	210029	210194	+	CP052038.1	6487135	4760942	4761107	104	165	0
scaffold_1255	684	159	309	-	CP052038.1	6487135	4760957	4761107	67	150	0
scaffold_8	1419871	1291717	1291834	+	CP052038.1	6487135	4760957	4761073	58	117	0
scaffold_8	1419871	1291584	1291657	-	CP052038.1	6487135	4761034	4761107	54	73	0
scaffold_6	1692318	295134	295665	+	CP052038.1	6487135	4761034	4761696	131	662	0
scaffold_6	1692318	272021	272475	-	CP052038.1	6487135	4761220	4761696	106	476	0
scaffold_5	1863748	21071	21295	-	CP052038.1	6487135	4761486	4761710	103	224	0
scaffold_1	2692756	120916	121747	-	CP052038.1	6487135	4833261	4834094	40	833	0
scaffold_46	353283	198943	199004	+	CP052038.1	6487135	5597526	5597587	61	61	0
scaffold_46	353283	198929	199004	+	CP052038.1	6487135	5744137	5744212	75	75	0
scaffold_343	16140	2921	3061	+	CP052038.1	6487135	6212791	6212929	85	140	0
scaffold_102	100464	74917	75084	+	CP052038.1	6487135	6212791	6212958	153	167	0
scaffold_212	35064	7180	7318	+	CP052038.1	6487135	6212820	6212958	93	138	0
scaffold_1262	679	137	179	-	CP052038.1	6487135	6213979	6214021	42	42	0
scaffold_35	440808	283715	284724	+	CP052038.1	6487135	6214068	6215009	135	1009	0
scaffold_35	440808	275030	275975	-	CP052038.1	6487135	6214077	6215040	140	992	0
scaffold_1	2692756	288056	289152	-	CP052038.1	6487135	6214077	6215040	157	1096	0
scaffold_315	18631	12306	13259	+	CP052038.1	6487135	6214108	6215013	125	953	0
scaffold_21	738175	272203	273114	-	CP052038.1	6487135	6214108	6215040	97	933	0
scaffold_71	175185	100642	100951	+	CP052038.1	6487135	6214108	6214413	90	312	0
scaffold_104	98169	8187	9125	+	CP052038.1	6487135	6214108	6214967	106	938	0
scaffold_6	1692318	273914	274759	+	CP052038.1	6487135	6214160	6214949	166	846	0
scaffold_66	184824	2611	3327	-	CP052038.1	6487135	6214317	6215040	120	729	0
scaffold_39	398046	136496	137202	-	CP052038.1	6487135	6214328	6215040	160	721	0
scaffold_12	1155968	736450	736915	-	CP052038.1	6487135	6214567	6215040	117	473	0
scaffold_1417	596	44	525	+	CP052038.1	6487135	6214567	6215040	176	481	0
scaffold_90	123581	31067	31539	+	CP052038.1	6487135	6214567	6215036	87	472	0
scaffold_44	359581	168765	169154	+	CP052038.1	6487135	6214647	6215040	138	393	0
scaffold_131	76605	7852	8222	-	CP052038.1	6487135	6214647	6215040	78	401	0
scaffold_45	358384	268685	269000	+	CP052038.1	6487135	6214715	6215040	123	325	0
scaffold_12	1155968	732198	732390	-	CP052038.1	6487135	6214715	6214882	57	192	0
scaffold_220	33416	30134	30261	-	CP052038.1	6487135	6214782	6214909	89	127	0
scaffold_44	359581	209968	210194	+	CP052038.1	6487135	6214818	6215040	95	226	0
scaffold_137	72425	17506	17659	-	CP052038.1	6487135	6214818	6214967	82	153	0
scaffold_32	471417	38705	38839	+	CP052038.1	6487135	6214875	6215009	94	134	0
scaffold_1711	501	192	326	+	CP052038.1	6487135	6214875	6215009	81	134	0
scaffold_28	539988	186840	186959	-	CP052038.1	6487135	6214890	6215009	67	119	0
scaffold_1255	684	159	309	-	CP052038.1	6487135	6214890	6215040	62	150	0
scaffold_8	1419871	1291717	1291822	+	CP052038.1	6487135	6214890	6214994	57	105	0
scaffold_44	359581	209192	210199	-	CP052038.1	6487135	6342522	6343521	125	1007	0
scaffold_28	539988	186805	186959	+	CP052038.1	6487135	6342522	6342677	67	155	0
scaffold_66	184824	2611	3609	+	CP052038.1	6487135	6342527	6343590	120	1064	0
scaffold_11	1212133	201913	202078	+	CP052038.1	6487135	6342527	6342692	100	165	0
scaffold_35	440808	249027	249366	+	CP052038.1	6487135	6342527	6342866	154	343	0
scaffold_1262	679	429	522	-	CP052038.1	6487135	6342574	6342667	56	93	0
scaffold_145	69505	66710	67563	+	CP052038.1	6487135	6342590	6343515	95	925	0
scaffold_1617	522	100	201	+	CP052038.1	6487135	6342648	6342753	63	105	0
scaffold_220	33416	30134	30329	+	CP052038.1	6487135	6342658	6342907	91	253	0
scaffold_5	1863748	4730	5153	+	CP052038.1	6487135	6343088	6343521	95	433	0
scaffold_5	1863748	7915	9074	+	CP052038.1	6487135	6343604	6344683	136	1198	0
scaffold_315	18631	6918	7839	-	CP052038.1	6487135	6343739	6344683	76	944	0
scaffold_6	1692318	294668	295212	+	CP052038.1	6487135	6344134	6344683	95	549	0
scaffold_227	31762	10864	11262	+	CP052038.1	6487135	6367539	6367972	67	433	0
scaffold_187	42170	169	452	-	CP052038.1	6487135	6379885	6380168	62	283	0
scaffold_50	298037	145665	146910	-	CP052038.1	6487135	6380061	6381281	108	1246	0
scaffold_90	123581	50347	50950	+	CP052038.1	6487135	6380619	6381225	59	606	0
scaffold_116	84153	22512	22676	+	CP052038.1	6487135	6380974	6381139	51	165	0
scaffold_131	76605	55558	56391	+	CP052038.1	6487135	6381849	6382618	184	834	0
scaffold_5	1863748	20734	21606	+	CP052038.1	6487135	6381849	6382618	137	872	0
scaffold_131	76605	7937	8689	+	CP052038.1	6487135	6381849	6382618	138	774	0
scaffold_32	471417	38110	38772	-	CP052038.1	6487135	6381862	6382487	149	662	0
scaffold_39	398046	136594	137227	+	CP052038.1	6487135	6381862	6382472	117	640	0
scaffold_122	81337	47682	48460	-	CP052038.1	6487135	6381862	6382637	198	799	0
scaffold_90	123581	31057	31445	-	CP052038.1	6487135	6381862	6382239	90	388	0
scaffold_39	398046	128812	129583	+	CP052038.1	6487135	6381862	6382599	110	774	0
scaffold_11	1212133	202011	202342	+	CP052038.1	6487135	6381862	6382184	98	331	0
scaffold_1262	679	146	462	-	CP052038.1	6487135	6381871	6382184	52	316	0
scaffold_12	1155968	736608	737372	+	CP052038.1	6487135	6381922	6382618	135	764	0
scaffold_39	398046	144328	144962	-	CP052038.1	6487135	6382080	6382637	114	637	0
scaffold_220	33416	24553	25031	+	CP052038.1	6487135	6382165	6382618	82	479	0
scaffold_1279	668	390	458	-	CP052038.1	6487135	6382550	6382618	57	68	0
scaffold_39	398046	136301	138502	+	CP052038.1	6487135	6382599	6384585	157	2208	0
scaffold_8	1419871	1291708	1291822	-	CP052038.1	6487135	6382702	6382814	57	114	0
scaffold_14	908909	132134	132247	-	CP052038.1	6487135	6382702	6382814	57	113	0
scaffold_90	123581	31384	31452	-	CP052038.1	6487135	6382746	6382814	68	68	0
scaffold_1262	679	410	462	-	CP052038.1	6487135	6382762	6382814	52	52	0
scaffold_1700	504	105	329	+	CP052038.1	6487135	6383040	6383264	103	224	0
scaffold_14	908909	22724	22768	-	CP052038.1	6487135	6383137	6383181	44	44	0
scaffold_45	358384	301459	302419	-	CP052038.1	6487135	6383612	6384571	206	960	0
scaffold_2	2503568	2500189	2501134	+	CP052038.1	6487135	6383612	6384557	263	945	0
scaffold_44	359581	185178	186141	+	CP052038.1	6487135	6383612	6384585	155	974	0
scaffold_131	76605	60881	61829	-	CP052038.1	6487135	6383612	6384571	234	959	0
scaffold_62	231438	229299	230233	+	CP052038.1	6487135	6383612	6384546	134	934	0
scaffold_20	777291	795	1740	+	CP052038.1	6487135	6383612	6384557	119	946	0
scaffold_111	88385	9066	9458	-	CP052038.1	6487135	6383617	6384013	79	396	0
scaffold_220	33416	17030	17717	-	CP052038.1	6487135	6383636	6384322	69	687	0
scaffold_35	440808	254635	255546	+	CP052038.1	6487135	6383636	6384557	160	922	0
scaffold_39	398046	117085	120250	+	CP052038.1	6487135	6383656	6386879	118	3223	0
scaffold_4	1881388	529614	530488	+	CP052038.1	6487135	6383673	6384557	150	885	0
scaffold_62	231438	223373	224112	+	CP052038.1	6487135	6383796	6384546	130	750	0
scaffold_20	777291	7973	8481	-	CP052038.1	6487135	6383814	6384322	84	508	0
scaffold_220	33416	12033	12776	-	CP052038.1	6487135	6383814	6384557	149	743	0
scaffold_35	440808	260511	261253	+	CP052038.1	6487135	6383814	6384557	127	743	0
scaffold_12	1155968	738146	738855	-	CP052038.1	6487135	6383904	6384613	117	710	0
scaffold_44	359581	193434	194064	-	CP052038.1	6487135	6383916	6384546	130	631	0
scaffold_35	440808	269174	269813	-	CP052038.1	6487135	6383930	6384571	138	641	0
scaffold_62	231438	221158	221756	-	CP052038.1	6487135	6383991	6384585	106	598	0
scaffold_2	2503568	2502015	2502502	-	CP052038.1	6487135	6384071	6384557	130	487	0
scaffold_96	109087	78122	78221	-	CP052038.1	6487135	6393602	6393701	81	99	0
scaffold_328	17820	14339	14422	-	CP052038.1	6487135	6393612	6393695	50	83	0
scaffold_262	24986	19911	20065	-	CP052038.1	6487135	6395351	6395502	40	154	0
scaffold_273	23718	3729	3838	+	CP052038.1	6487135	6404755	6404864	52	109	0
scaffold_5	1863748	7959	9074	+	CP052038.1	6487135	6412337	6413428	141	1148	0
scaffold_122	81337	47643	48467	+	CP052038.1	6487135	6412358	6413332	115	974	0
scaffold_997	994	383	554	+	CP052038.1	6487135	6415799	6415969	87	171	0
scaffold_212	35064	7180	7320	-	CP052038.1	6487135	6418308	6418448	95	140	0
scaffold_102	100464	74917	75086	-	CP052038.1	6487135	6418308	6418477	155	169	0
scaffold_50	298037	80402	80742	-	CP052038.1	6487135	6418310	6418673	106	363	0
scaffold_21	738175	55591	55757	-	CP052038.1	6487135	6418310	6418475	138	166	0
scaffold_48	348853	333543	341163	-	CP052038.1	6487135	6418310	6426118	375	7808	0
scaffold_70	181850	173079	180728	+	CP052038.1	6487135	6418310	6426089	401	7779	0
scaffold_32	471417	2675	10327	+	CP052038.1	6487135	6418339	6426077	184	7771	0
scaffold_343	16140	2921	3061	-	CP052038.1	6487135	6418339	6418477	85	140	0
scaffold_70	181850	30507	37993	-	CP052038.1	6487135	6418682	6426305	152	7633	0
scaffold_129	76929	56613	57397	+	CP052038.1	6487135	6425157	6425941	97	784	0
scaffold_4	1881388	1863524	1863635	-	CP052038.1	6487135	6425901	6426012	69	111	0
scaffold_21	738175	55591	55757	-	CP052038.1	6487135	6425951	6426116	138	166	0
scaffold_143	70430	17025	17124	-	CP052038.1	6487135	6425980	6426077	52	99	0
scaffold_343	16140	2921	3061	-	CP052038.1	6487135	6425980	6426118	85	140	0
scaffold_144	69844	55537	55635	+	CP052038.1	6487135	6425980	6426077	59	98	0
scaffold_71	175185	101426	101580	-	CP052038.1	6487135	6429827	6429981	114	154	0
scaffold_70	181850	9427	9532	+	CP052038.1	6487135	6437532	6437637	57	105	0
scaffold_32	471417	37992	38839	+	CP052038.1	6487135	6438908	6439701	125	847	0
scaffold_131	76605	7852	8660	-	CP052038.1	6487135	6438908	6439732	78	831	0
scaffold_1417	596	102	530	+	CP052038.1	6487135	6439321	6439737	170	428	0
scaffold_66	184824	2611	2964	-	CP052038.1	6487135	6439371	6439732	91	361	0
scaffold_220	33416	30134	30322	-	CP052038.1	6487135	6439413	6439601	72	188	0
scaffold_44	359581	210029	210199	+	CP052038.1	6487135	6439567	6439737	93	170	0
scaffold_1711	501	192	326	+	CP052038.1	6487135	6439567	6439701	85	134	0
scaffold_28	539988	186805	186959	-	CP052038.1	6487135	6439582	6439737	76	155	0
scaffold_1417	596	28	530	-	CP052038.1	6487135	6441749	6442241	173	502	0
scaffold_44	359581	210029	210199	-	CP052038.1	6487135	6441749	6441919	100	170	0
scaffold_6	1692318	1654879	1654929	+	CP052038.1	6487135	6441754	6441804	40	50	0
scaffold_122	81337	47693	48512	-	CP052038.1	6487135	6441800	6442687	179	891	0
scaffold_85	135051	61815	61971	+	CP052038.1	6487135	6451727	6451882	83	156	0
scaffold_429	11191	9011	9678	-	CP052038.1	6487135	6453835	6454505	360	671	0
scaffold_106	94230	48091	48329	-	CP052038.1	6487135	6465735	6466024	59	289	0
scaffold_153	61587	9718	10074	-	CP052038.1	6487135	6481619	6481975	129	356	0
scaffold_91	120630	53465	54026	+	CP052039.1	5611497	6422	6965	191	561	60
scaffold_51	297976	277624	277846	-	CP052039.1	5611497	8412	8679	90	267	60
scaffold_1041	905	745	885	+	CP052039.1	5611497	8460	8600	121	140	60
scaffold_91	120630	59617	63128	+	CP052039.1	5611497	16253	19750	585	3511	60
scaffold_129	76929	42937	43307	-	CP052039.1	5611497	19415	19783	109	373	60
scaffold_90	123581	89377	99176	+	CP052039.1	5611497	39461	49396	4466	9987	60
scaffold_70	181850	1850	135723	+	CP052039.1	5611497	48913	169231	63346	153856	60
scaffold_1697	505	16	502	+	CP052039.1	5611497	140336	140822	445	486	60
scaffold_156	59460	7799	10835	+	CP052039.1	5611497	166376	168677	271	3052	60
scaffold_101	101313	14586	17441	-	CP052039.1	5611497	166733	168995	259	2882	60
scaffold_70	181850	140157	149739	+	CP052039.1	5611497	175537	185089	6205	9640	60
scaffold_70	181850	167608	172325	+	CP052039.1	5611497	185134	189886	2309	4843	60
scaffold_86	130972	9634	130753	-	CP052039.1	5611497	193487	314963	57748	128995	60
scaffold_86	130972	3955	7264	-	CP052039.1	5611497	318905	321888	1612	3313	60
scaffold_212	35064	10386	11537	+	CP052039.1	5611497	320975	322107	99	1151	60
scaffold_2	2503568	188	61286	+	CP052039.1	5611497	331876	393469	31305	62450	60
scaffold_1579	530	12	525	+	CP052039.1	5611497	372182	372695	502	513	60
scaffold_2	2503568	67434	93938	+	CP052039.1	5611497	396480	426084	10622	30084	60
scaffold_1210	716	23	704	-	CP052039.1	5611497	433606	434287	223	681	60
scaffold_336	17138	7946	8780	-	CP052039.1	5611497	449199	450004	264	850	60
scaffold_4	1881388	511737	512670	+	CP052039.1	5611497	474746	475708	114	966	60
scaffold_4	1881388	1863925	1871075	-	CP052039.1	5611497	485154	492392	573	7250	60
scaffold_6	1692318	263901	264458	-	CP052039.1	5611497	501382	501947	124	568	60
scaffold_2	2503568	99599	205639	+	CP052039.1	5611497	504838	609891	73876	106648	60
scaffold_2	2503568	206994	207492	+	CP052039.1	5611497	609972	610470	301	498	60
scaffold_2	2503568	207518	210573	+	CP052039.1	5611497	612757	615816	1747	3063	60
scaffold_2	2503568	212436	287620	+	CP052039.1	5611497	622309	698201	54729	76168	60
scaffold_2	2503568	296367	297012	+	CP052039.1	5611497	707728	708372	281	645	60
scaffold_2	2503568	301951	582728	+	CP052039.1	5611497	717719	999864	229029	282706	60
scaffold_2	2503568	589096	608482	+	CP052039.1	5611497	1002800	1022187	16507	19415	60
scaffold_2	2503568	609818	1280933	+	CP052039.1	5611497	1022106	1695849	563436	676302	60
scaffold_1121	802	4	793	+	CP052039.1	5611497	1289446	1290235	772	789	60
scaffold_1662	512	155	459	+	CP052039.1	5611497	1306311	1306615	84	304	60
scaffold_2	2503568	1281607	1282633	-	CP052039.1	5611497	1700691	1701718	265	1027	60
scaffold_2	2503568	1283296	2246112	+	CP052039.1	5611497	1702222	2681427	678454	1000584	60
scaffold_51	297976	149290	152097	+	CP052039.1	5611497	1791264	1794148	177	2897	60
scaffold_1462	570	24	560	-	CP052039.1	5611497	2268404	2268940	520	536	60
scaffold_2	2503568	2264253	2497769	+	CP052039.1	5611497	2688553	2922265	197844	234131	60
scaffold_1396	606	14	528	-	CP052039.1	5611497	2922441	2922955	483	514	60
scaffold_48	348853	330541	331786	+	CP052039.1	5611497	2926978	2928222	138	1246	60
scaffold_1682	508	14	470	-	CP052039.1	5611497	2937315	2937771	370	456	60
scaffold_1506	556	2	517	-	CP052039.1	5611497	2941747	2942263	417	516	60
scaffold_954	1152	15	301	-	CP052039.1	5611497	2945326	2945652	195	326	60
scaffold_954	1152	481	761	+	CP052039.1	5611497	2954988	2955283	129	295	60
scaffold_20	777291	23653	777164	+	CP052039.1	5611497	2962051	3719520	656590	759948	60
scaffold_102	100464	60822	63160	-	CP052039.1	5611497	3261036	3263369	123	2338	60
scaffold_6	1692318	133	259828	+	CP052039.1	5611497	3719530	3976235	222613	259994	60
scaffold_63	225848	78445	79293	-	CP052039.1	5611497	3791390	3792244	204	854	60
scaffold_6	1692318	299732	435040	+	CP052039.1	5611497	3979316	4113229	114825	135537	60
scaffold_6	1692318	440053	1176042	+	CP052039.1	5611497	4118181	4851058	604030	740546	60
scaffold_1518	551	180	424	-	CP052039.1	5611497	4193438	4193677	123	245	60
scaffold_1508	554	11	547	-	CP052039.1	5611497	4762267	4762803	493	536	60
scaffold_187	42170	19706	24767	+	CP052039.1	5611497	4851523	4855059	317	5061	60
scaffold_6	1692318	1177148	1225040	+	CP052039.1	5611497	4861381	4908271	34950	48058	60
scaffold_6	1692318	1236869	1342445	+	CP052039.1	5611497	4920185	5023949	64954	105691	60
scaffold_1480	564	15	555	-	CP052039.1	5611497	4945416	4945956	458	540	60
scaffold_6	1692318	1345574	1442593	+	CP052039.1	5611497	5023914	5113148	56176	97696	60
scaffold_45	358384	1887	17893	-	CP052039.1	5611497	5113630	5129949	8421	16455	60
scaffold_6	1692318	1448407	1471346	+	CP052039.1	5611497	5129154	5146594	5906	23031	60
scaffold_1164	753	17	742	-	CP052039.1	5611497	5132288	5133013	685	725	60
scaffold_6	1692318	1471434	1492519	+	CP052039.1	5611497	5160981	5182065	11671	21159	60
scaffold_6	1692318	1516197	1577291	+	CP052039.1	5611497	5182727	5227413	24418	61407	60
scaffold_45	358384	32401	34569	-	CP052039.1	5611497	5229166	5231334	974	2168	60
scaffold_6	1692318	1581916	1594322	+	CP052039.1	5611497	5236520	5248886	7943	12409	60
scaffold_6	1692318	1604579	1624164	+	CP052039.1	5611497	5270293	5289962	10910	19744	60
scaffold_6	1692318	1624742	1633362	+	CP052039.1	5611497	5306917	5315089	3893	8676	60
scaffold_6	1692318	1657849	1692184	+	CP052039.1	5611497	5317748	5351041	19294	35357	60
scaffold_183	43655	11750	43407	-	CP052039.1	5611497	5351053	5382133	17847	31952	60
scaffold_183	43655	9706	10308	-	CP052039.1	5611497	5382369	5382971	484	602	60
scaffold_67	184376	89074	91847	+	CP052039.1	5611497	5435463	5438251	758	2788	60
scaffold_67	184376	104575	105327	+	CP052039.1	5611497	5470869	5471621	375	752	60
scaffold_67	184376	107853	158786	+	CP052039.1	5611497	5476224	5528461	26980	54047	60
scaffold_1599	525	33	471	-	CP052039.1	5611497	5481351	5481772	294	438	60
scaffold_1517	551	13	540	-	CP052039.1	5611497	5512409	5512936	487	527	60
scaffold_67	184376	165377	173091	+	CP052039.1	5611497	5531978	5539608	4009	7828	60
scaffold_67	184376	179615	184342	+	CP052039.1	5611497	5543874	5548316	2085	4852	60
scaffold_104	98169	93203	98089	-	CP052039.1	5611497	5549083	5554842	3898	5814	60
scaffold_67	184376	177961	178513	+	CP052039.1	5611497	5551600	5552224	448	624	60
scaffold_67	184376	77164	77659	+	CP052039.1	5611497	5589326	5589820	151	495	60
scaffold_156	59460	45489	46522	-	CP052039.1	5611497	2829125	2830158	82	1033	54
scaffold_296	20863	20308	20589	+	CP052039.1	5611497	8400	8679	92	281	53
scaffold_68	182924	67239	68678	-	CP052039.1	5611497	5569665	5571109	143	1444	53
scaffold_131	76605	36652	36883	+	CP052039.1	5611497	5409857	5410108	84	251	51
scaffold_35	440808	266307	266906	-	CP052039.1	5611497	2923899	2924476	84	599	50
scaffold_39	398046	144720	149122	-	CP052039.1	5611497	5569013	5573733	250	4721	50
scaffold_967	1085	108	1067	-	CP052039.1	5611497	453714	454676	306	962	48
scaffold_1655	514	7	450	+	CP052039.1	5611497	436580	437024	186	444	47
scaffold_1393	607	10	309	-	CP052039.1	5611497	453556	453855	86	299	47
scaffold_35	440808	283768	284709	-	CP052039.1	5611497	474738	475695	170	957	47
scaffold_1717	501	10	371	+	CP052039.1	5611497	488910	489271	128	361	47
scaffold_11	1212133	209030	209416	-	CP052039.1	5611497	5434996	5435382	86	386	47
scaffold_97	105629	90774	93333	+	CP052039.1	5611497	432953	435500	219	2559	45
scaffold_20	777291	11396	13965	+	CP052039.1	5611497	433129	435556	114	2572	43
scaffold_50	298037	151504	151742	+	CP052039.1	5611497	2924296	2924533	95	238	43
scaffold_2	2503568	2501931	2502502	+	CP052039.1	5611497	2922357	2922926	165	571	42
scaffold_367	15003	14584	14813	+	CP052039.1	5611497	464836	465065	77	229	41
scaffold_82	143064	142550	142977	-	CP052039.1	5611497	465929	466356	104	427	41
scaffold_980	1046	24	101	+	CP052039.1	5611497	1885609	1885686	77	77	41
scaffold_1716	501	2	356	-	CP052039.1	5611497	5449542	5449902	79	360	41
scaffold_1477	565	226	538	-	CP052039.1	5611497	4073197	4073509	75	312	40
scaffold_50	298037	270775	271091	+	CP052039.1	5611497	1791268	1791584	73	316	38
scaffold_969	1084	51	362	-	CP052039.1	5611497	5588202	5588513	166	311	38
scaffold_102	100464	75989	76138	+	CP052039.1	5611497	33865	34012	64	149	37
scaffold_32	471417	13199	13328	+	CP052039.1	5611497	5587549	5587679	71	130	37
scaffold_45	358384	134463	142253	-	CP052039.1	5611497	432923	440422	461	7906	36
scaffold_1398	606	110	344	+	CP052039.1	5611497	455403	455637	86	234	36
scaffold_50	298037	61412	63132	+	CP052039.1	5611497	5588531	5590257	219	1729	35
scaffold_39	398046	136491	137208	+	CP052039.1	5611497	5573160	5573892	191	732	34
scaffold_892	1436	985	1315	+	CP052039.1	5611497	5456064	5456393	76	330	32
scaffold_131	76605	58593	60340	-	CP052039.1	5611497	20941	22543	133	1747	31
scaffold_183	43655	1477	1722	+	CP052039.1	5611497	22392	22637	73	245	31
scaffold_137	72425	17531	17745	-	CP052039.1	5611497	5411083	5411289	76	214	31
scaffold_6	1692318	1549185	1549362	+	CP052039.1	5611497	5418140	5418321	113	185	31
scaffold_1568	532	59	272	-	CP052039.1	5611497	3535903	3536116	62	213	29
scaffold_358	15501	2464	3983	-	CP052039.1	5611497	5360911	5362409	69	1523	29
scaffold_131	76605	7852	7969	+	CP052039.1	5611497	5573165	5573282	87	117	28
scaffold_39	398046	154089	154249	-	CP052039.1	5611497	440305	440465	111	160	27
scaffold_104	98169	937	2106	-	CP052039.1	5611497	485200	486370	167	1173	27
scaffold_122	81337	59941	61876	+	CP052039.1	5611497	5229234	5231169	815	1935	27
scaffold_1099	827	90	227	+	CP052039.1	5611497	5596145	5596282	79	137	27
scaffold_1	2692756	217348	224644	+	CP052039.1	5611497	432929	440422	621	7498	26
scaffold_4	1881388	1863384	1863454	-	CP052039.1	5611497	493377	493447	63	70	26
scaffold_110	91422	17507	17629	+	CP052039.1	5611497	5501529	5501651	104	122	26
scaffold_40	392173	79634	81923	-	CP052039.1	5611497	5571033	5573291	66	2289	26
scaffold_44	359581	193434	195236	+	CP052039.1	5611497	2922452	2924199	161	1802	25
scaffold_82	143064	135829	137809	-	CP052039.1	5611497	432929	434931	285	2005	24
scaffold_62	231438	221186	223415	-	CP052039.1	5611497	2955341	2957547	70	2229	24
scaffold_1412	599	168	341	-	CP052039.1	5611497	4366751	4366923	63	173	24
scaffold_40	392173	118331	118906	-	CP052039.1	5611497	5383820	5384397	64	577	24
scaffold_2	2503568	2501266	2501801	+	CP052039.1	5611497	5589691	5590257	93	566	24
scaffold_91	120630	106599	107256	-	CP052039.1	5611497	439736	440392	114	658	23
scaffold_1401	605	19	592	+	CP052039.1	5611497	2954789	2955309	133	573	23
scaffold_107	93315	54034	55583	+	CP052039.1	5611497	5360911	5362409	69	1553	23
scaffold_40	392173	60618	63113	+	CP052039.1	5611497	5409187	5411658	114	2501	23
scaffold_67	184376	33608	33748	+	CP052039.1	5611497	5587549	5587691	78	142	23
scaffold_11	1212133	202011	202890	+	CP052039.1	5611497	474790	475737	76	947	22
scaffold_50	298037	151168	151474	+	CP052039.1	5611497	5382997	5383314	76	317	22
scaffold_40	392173	110812	110959	+	CP052039.1	5611497	5573935	5574082	61	147	22
scaffold_131	76605	60536	60637	+	CP052039.1	5611497	20748	20849	59	101	21
scaffold_68	182924	75323	75466	-	CP052039.1	5611497	473950	474093	84	143	21
scaffold_315	18631	5045	7097	+	CP052039.1	5611497	474738	476849	118	2111	21
scaffold_82	143064	67334	67406	+	CP052039.1	5611497	474746	474818	72	72	21
scaffold_6	1692318	294341	296524	-	CP052039.1	5611497	475393	477579	201	2246	21
scaffold_220	33416	11949	12776	+	CP052039.1	5611497	2922357	2923183	169	827	21
scaffold_12	1155968	739125	740631	-	CP052039.1	5611497	2923062	2924606	195	1579	21
scaffold_371	14652	4656	4773	+	CP052039.1	5611497	5570992	5571109	107	117	19
scaffold_6	1692318	268902	274796	-	CP052039.1	5611497	474746	480588	209	5922	18
scaffold_1	2692756	224922	225223	-	CP052039.1	5611497	478386	478691	76	305	18
scaffold_5	1863748	17201	17428	-	CP052039.1	5611497	2922861	2923089	71	228	18
scaffold_28	539988	158633	158684	-	CP052039.1	5611497	20909	20960	51	51	17
scaffold_11	1212133	201960	202528	+	CP052039.1	5611497	2923951	2924499	138	568	17
scaffold_90	123581	602	1352	-	CP052039.1	5611497	5604030	5604724	291	789	17
scaffold_12	1155968	711340	711476	-	CP052039.1	5611497	20213	20349	77	136	16
scaffold_85	135051	109296	110242	-	CP052039.1	5611497	320975	321902	58	946	16
scaffold_50	298037	158615	166002	-	CP052039.1	5611497	432923	440422	932	7551	16
scaffold_1262	679	146	522	-	CP052039.1	5611497	2923951	2924314	71	376	16
scaffold_45	358384	172742	174677	-	CP052039.1	5611497	5229234	5231169	797	1935	16
scaffold_1262	679	311	619	+	CP052039.1	5611497	5419166	5419477	84	311	16
scaffold_104	98169	2065	2164	-	CP052039.1	5611497	492765	492864	73	99	15
scaffold_1525	546	247	534	-	CP052039.1	5611497	434763	435050	57	287	14
scaffold_102	100464	34199	34299	+	CP052039.1	5611497	458493	458594	57	101	14
scaffold_1218	709	2	347	+	CP052039.1	5611497	925796	926138	57	345	14
scaffold_1596	526	38	430	+	CP052039.1	5611497	1578504	1578896	57	392	14
scaffold_96	109087	78415	78564	-	CP052039.1	5611497	2139198	2139347	57	149	14
scaffold_1666	511	160	453	+	CP052039.1	5611497	2330037	2330330	57	293	14
scaffold_1385	610	288	473	+	CP052039.1	5611497	4525729	4525918	57	189	14
scaffold_1592	527	57	180	+	CP052039.1	5611497	5140259	5140382	57	123	14
scaffold_14	908909	14110	14472	-	CP052039.1	5611497	5409370	5409732	57	362	14
scaffold_21	738175	53399	54420	+	CP052039.1	5611497	5418162	5419132	87	1023	14
scaffold_453	9981	5079	5247	+	CP052039.1	5611497	5462898	5463065	57	170	14
scaffold_1208	716	103	695	+	CP052039.1	5611497	465358	465948	129	592	13
scaffold_1211	716	381	479	+	CP052039.1	5611497	3960629	3960719	57	99	13
scaffold_1594	527	121	459	+	CP052039.1	5611497	4255419	4255764	57	345	13
scaffold_4	1881388	515949	518290	-	CP052039.1	5611497	5409202	5411533	57	2341	13
scaffold_315	18631	12370	12420	-	CP052039.1	5611497	20213	20263	50	50	12
scaffold_1274	670	263	346	+	CP052039.1	5611497	3436777	3436860	50	83	12
scaffold_1427	591	34	111	+	CP052039.1	5611497	5419922	5419995	55	77	12
scaffold_20	777291	8712	9170	+	CP052039.1	5611497	5434024	5434515	100	499	12
scaffold_1435	588	441	518	-	CP052039.1	5611497	5554151	5554228	54	77	12
scaffold_82	143064	81217	81506	+	CP052039.1	5611497	70192	70480	69	290	11
scaffold_35	440808	258537	258681	+	CP052039.1	5611497	441910	442042	68	144	11
scaffold_11	1212133	111785	111911	+	CP052039.1	5611497	478386	478512	69	126	11
scaffold_66	184824	3501	3662	-	CP052039.1	5611497	5383678	5383839	49	161	11
scaffold_283	22139	6168	6475	+	CP052039.1	5611497	5405750	5406057	76	307	11
scaffold_40	392173	59541	60473	+	CP052039.1	5611497	5410415	5411362	64	947	11
scaffold_131	76605	8015	8689	-	CP052039.1	5611497	5418245	5418985	155	740	11
scaffold_315	18631	15593	16228	+	CP052039.1	5611497	5591025	5591657	76	636	11
scaffold_122	81337	87	514	+	CP052039.1	5611497	465929	466356	104	427	10
scaffold_1689	507	119	416	-	CP052039.1	5611497	1030918	1031215	51	297	10
scaffold_1531	544	149	294	-	CP052039.1	5611497	4624596	4624741	52	145	10
scaffold_1	2692756	288056	289132	+	CP052039.1	5611497	5433593	5434602	169	1076	10
scaffold_1	2692756	81169	81293	+	CP052039.1	5611497	5587566	5587691	67	125	10
scaffold_115	86240	40	354	-	CP052039.1	5611497	5595891	5596170	105	314	10
scaffold_367	15003	190	494	-	CP052039.1	5611497	464761	465065	50	304	9
scaffold_104	98169	43416	45387	-	CP052039.1	5611497	474746	476893	114	2147	9
scaffold_5	1863748	7395	7945	+	CP052039.1	5611497	5383088	5383708	82	620	9
scaffold_116	84153	21999	22663	-	CP052039.1	5611497	5409370	5410033	69	664	9
scaffold_6	1692318	298083	298140	+	CP052039.1	5611497	5434572	5434629	57	57	9
scaffold_39	398046	128251	128431	-	CP052039.1	5611497	474738	474918	65	180	8
scaffold_32	471417	12295	12396	-	CP052039.1	5611497	475594	475695	57	101	8
scaffold_45	358384	267936	269000	-	CP052039.1	5611497	5433593	5434629	145	1064	8
scaffold_61	235649	82700	82817	-	CP052039.1	5611497	38614	38731	48	117	7
scaffold_150	63801	62372	63786	+	CP052039.1	5611497	432929	434363	231	1435	7
scaffold_145	69505	66693	67550	+	CP052039.1	5611497	474738	475606	113	875	7
scaffold_50	298037	2045	2201	-	CP052039.1	5611497	478440	478600	57	160	7
scaffold_11	1212133	71861	72275	-	CP052039.1	5611497	2680323	2680702	57	414	7
scaffold_1355	627	12	574	-	CP052039.1	5611497	5569632	5570194	168	562	7
scaffold_50	298037	166285	170145	-	CP052039.1	5611497	5588227	5591998	502	3867	7
scaffold_5	1863748	7917	8002	-	CP052039.1	5611497	475661	475746	47	85	6
scaffold_1678	509	422	492	-	CP052039.1	5611497	475676	475746	47	70	6
scaffold_40	392173	79361	79411	-	CP052039.1	5611497	2923791	2923841	47	50	6
scaffold_1040	907	74	629	-	CP052039.1	5611497	3621837	3622387	48	555	6
scaffold_44	359581	201191	201290	+	CP052039.1	5611497	116210	116309	44	99	5
scaffold_40	392173	144476	145974	-	CP052039.1	5611497	485505	487002	172	1499	5
scaffold_1246	689	38	217	+	CP052039.1	5611497	3499096	3499276	46	180	5
scaffold_44	359581	195847	195932	+	CP052039.1	5611497	5413967	5414064	47	97	5
scaffold_1417	596	28	525	-	CP052039.1	5611497	5433593	5434076	202	497	5
scaffold_39	398046	127552	127920	+	CP052039.1	5611497	5433700	5434024	64	368	5
scaffold_110	91422	86950	87016	-	CP052039.1	5611497	5443631	5443680	49	66	5
scaffold_1656	513	196	362	-	CP052039.1	5611497	5501714	5501876	62	166	5
scaffold_101	101313	101139	101230	+	CP052039.1	5611497	5595741	5595832	60	91	5
scaffold_59	256653	83	174	-	CP052039.1	5611497	5595741	5595832	60	91	5
scaffold_122	81337	81211	81302	+	CP052039.1	5611497	5595741	5595832	60	91	5
scaffold_137	72425	60244	60305	+	CP052039.1	5611497	20748	20808	44	61	4
scaffold_220	33416	30134	30470	+	CP052039.1	5611497	474823	475157	116	340	4
scaffold_4	1881388	503328	505613	-	CP052039.1	5611497	490475	492743	57	2301	4
scaffold_77	149510	99972	100029	-	CP052039.1	5611497	5260958	5261015	44	57	4
scaffold_131	76605	55527	55599	-	CP052039.1	5611497	116210	116282	67	72	3
scaffold_86	130972	154	243	-	CP052039.1	5611497	331707	331796	43	89	3
scaffold_40	392173	391327	391863	+	CP052039.1	5611497	432929	433464	131	536	3
scaffold_2	2503568	2500183	2501218	-	CP052039.1	5611497	2922357	2923373	272	1035	3
scaffold_5	1863748	315414	316450	-	CP052039.1	5611497	2942132	2943114	261	1036	3
scaffold_128	78074	48423	48550	-	CP052039.1	5611497	5501748	5501876	43	128	3
scaffold_48	348853	66754	66813	-	CP052039.1	5611497	5589286	5589345	50	59	3
scaffold_13	1103368	38077	38220	+	CP052039.1	5611497	475594	475737	57	143	2
scaffold_39	398046	132436	132599	-	CP052039.1	5611497	2934877	2935041	104	164	2
scaffold_26	567511	332463	332542	+	CP052039.1	5611497	2936697	2936776	61	79	2
scaffold_1075	856	785	831	+	CP052039.1	5611497	5264065	5264111	42	46	2
scaffold_1262	679	65	124	+	CP052039.1	5611497	5409775	5409834	42	59	2
scaffold_10	1239786	1222661	1222817	+	CP052039.1	5611497	5589484	5589640	76	156	2
scaffold_50	298037	154430	154471	-	CP052039.1	5611497	22596	22637	41	41	1
scaffold_1720	500	38	464	+	CP052039.1	5611497	416344	416772	41	428	1
scaffold_1146	774	267	671	+	CP052039.1	5611497	2903548	2903967	44	419	1
scaffold_16	897138	426637	426678	-	CP052039.1	5611497	4847832	4847873	41	41	1
scaffold_35	440808	256735	256776	-	CP052039.1	5611497	5383259	5383300	41	41	1
scaffold_5	1863748	4303	5153	-	CP052039.1	5611497	5410450	5411289	171	857	1
scaffold_44	359581	195213	195872	-	CP052039.1	5611497	5410450	5411121	44	671	1
scaffold_153	61587	9718	10074	+	CP052039.1	5611497	5178	5534	129	356	0
scaffold_1553	536	437	520	+	CP052039.1	5611497	8315	8398	55	83	0
scaffold_877	1508	1031	1185	+	CP052039.1	5611497	8315	8470	94	155	0
scaffold_169	51120	23863	24018	+	CP052039.1	5611497	8315	8470	115	155	0
scaffold_14	908909	32572	32727	-	CP052039.1	5611497	8315	8470	55	155	0
scaffold_129	76929	20558	20917	-	CP052039.1	5611497	8332	8679	130	359	0
scaffold_133	76283	51060	51198	-	CP052039.1	5611497	8332	8470	98	138	0
scaffold_110	91422	11749	12079	+	CP052039.1	5611497	8332	8675	117	343	0
scaffold_982	1040	62	121	+	CP052039.1	5611497	8391	8450	59	59	0
scaffold_175	46490	9649	9947	+	CP052039.1	5611497	8391	8677	109	298	0
scaffold_14	908909	130356	130641	-	CP052039.1	5611497	8391	8679	111	288	0
scaffold_336	17138	17040	17128	-	CP052039.1	5611497	8391	8479	88	88	0
scaffold_210	35262	10337	10416	+	CP052039.1	5611497	8400	8479	59	79	0
scaffold_59	256653	145139	145429	-	CP052039.1	5611497	8400	8679	102	290	0
scaffold_85	135051	111766	111845	+	CP052039.1	5611497	8400	8479	79	79	0
scaffold_287	21903	21606	21895	-	CP052039.1	5611497	8402	8679	100	289	0
scaffold_283	22139	21842	22131	-	CP052039.1	5611497	8402	8679	100	289	0
scaffold_154	60446	36783	36841	+	CP052039.1	5611497	8412	8470	41	58	0
scaffold_1279	668	297	526	+	CP052039.1	5611497	20932	21185	85	253	0
scaffold_5	1863748	315414	316420	-	CP052039.1	5611497	20941	21935	212	1006	0
scaffold_145	69505	66678	67635	-	CP052039.1	5611497	20959	21904	72	957	0
scaffold_39	398046	136496	137483	-	CP052039.1	5611497	20970	21935	106	987	0
scaffold_5	1863748	7983	8425	+	CP052039.1	5611497	20970	21420	57	450	0
scaffold_5	1863748	21175	21600	-	CP052039.1	5611497	21031	21474	118	450	0
scaffold_66	184824	2611	3533	-	CP052039.1	5611497	21031	21935	91	922	0
scaffold_44	359581	168241	169154	+	CP052039.1	5611497	21031	21935	110	913	0
scaffold_67	184376	80187	80408	-	CP052039.1	5611497	21298	21519	104	221	0
scaffold_8	1419871	1291717	1291822	+	CP052039.1	5611497	21785	21889	57	105	0
scaffold_371	14652	4650	4773	-	CP052039.1	5611497	38584	38707	65	123	0
scaffold_427	11379	4419	4485	-	CP052039.1	5611497	38635	38701	46	66	0
scaffold_1527	544	15	64	+	CP052039.1	5611497	38682	38731	44	49	0
scaffold_1	2692756	35030	35130	+	CP052039.1	5611497	70192	70292	50	100	0
scaffold_1711	501	162	326	+	CP052039.1	5611497	116138	116305	109	167	0
scaffold_145	69505	66678	66773	-	CP052039.1	5611497	116210	116305	70	95	0
scaffold_8	1419871	1291751	1291822	+	CP052039.1	5611497	116219	116290	46	71	0
scaffold_126	79365	72970	73010	-	CP052039.1	5611497	153583	153623	40	40	0
scaffold_126	79365	72970	73010	-	CP052039.1	5611497	153586	153626	40	40	0
scaffold_126	79365	72970	73010	-	CP052039.1	5611497	153589	153629	40	40	0
scaffold_126	79365	72970	73010	-	CP052039.1	5611497	153592	153632	40	40	0
scaffold_126	79365	72970	73010	-	CP052039.1	5611497	153595	153635	40	40	0
scaffold_126	79365	72970	73010	-	CP052039.1	5611497	153598	153638	40	40	0
scaffold_126	79365	72970	73010	-	CP052039.1	5611497	153601	153641	40	40	0
scaffold_137	72425	13023	13271	+	CP052039.1	5611497	432841	433089	95	248	0
scaffold_102	100464	92049	95755	+	CP052039.1	5611497	432923	436643	286	3727	0
scaffold_145	69505	64494	64712	-	CP052039.1	5611497	432923	433139	71	218	0
scaffold_22	716055	24903	25027	-	CP052039.1	5611497	432923	433046	71	124	0
scaffold_42	372282	359626	367519	-	CP052039.1	5611497	432923	440348	823	7972	0
scaffold_48	348853	191	3843	-	CP052039.1	5611497	432923	436599	450	3677	0
scaffold_42	372282	359539	359675	-	CP052039.1	5611497	432923	433059	68	136	0
scaffold_371	14652	4650	4773	+	CP052039.1	5611497	432923	433046	65	123	0
scaffold_20	777291	20457	20579	+	CP052039.1	5611497	432923	433046	85	123	0
scaffold_77	149510	95037	95357	+	CP052039.1	5611497	432923	433243	138	320	0
scaffold_30	507731	17285	17821	+	CP052039.1	5611497	432929	433464	172	536	0
scaffold_39	398046	146910	154249	-	CP052039.1	5611497	432929	440422	477	7511	0
scaffold_9	1406917	460213	460290	+	CP052039.1	5611497	432929	433006	77	77	0
scaffold_68	182924	75349	82822	-	CP052039.1	5611497	432929	440422	690	7587	0
scaffold_33	455355	419705	419835	-	CP052039.1	5611497	432929	433059	81	130	0
scaffold_42	372282	370934	372257	+	CP052039.1	5611497	432953	434276	227	1323	0
scaffold_1	2692756	204338	210996	-	CP052039.1	5611497	433704	440392	651	6781	0
scaffold_30	507731	20044	26626	+	CP052039.1	5611497	433825	440422	788	6708	0
scaffold_66	184824	171	1812	-	CP052039.1	5611497	433997	435614	76	1671	0
scaffold_1265	675	5	657	+	CP052039.1	5611497	434257	434931	79	674	0
scaffold_185	43118	646	6218	+	CP052039.1	5611497	434911	440465	566	5651	0
scaffold_82	143064	128957	133852	-	CP052039.1	5611497	435046	440332	547	5299	0
scaffold_1331	639	120	604	-	CP052039.1	5611497	436256	436740	134	484	0
scaffold_67	184376	86092	87291	+	CP052039.1	5611497	436437	437638	122	1201	0
scaffold_1619	521	29	453	+	CP052039.1	5611497	436728	437153	123	425	0
scaffold_32	471417	275399	277532	-	CP052039.1	5611497	438190	440326	305	2137	0
scaffold_1170	745	244	730	-	CP052039.1	5611497	438200	438692	49	492	0
scaffold_149	65637	52510	53127	-	CP052039.1	5611497	438211	438834	124	623	0
scaffold_137	72425	12902	13271	+	CP052039.1	5611497	440095	440465	76	370	0
scaffold_431	11085	7606	7932	+	CP052039.1	5611497	440095	440422	100	327	0
scaffold_5	1863748	14838	14988	+	CP052039.1	5611497	442456	442610	63	154	0
scaffold_315	18631	6969	7097	+	CP052039.1	5611497	449199	449327	78	128	0
scaffold_104	98169	54887	55025	+	CP052039.1	5611497	449233	449371	103	138	0
scaffold_71	175185	148536	149251	+	CP052039.1	5611497	449233	449966	122	733	0
scaffold_30	507731	476754	477623	-	CP052039.1	5611497	449283	450146	100	869	0
scaffold_111	88385	71388	71589	-	CP052039.1	5611497	449919	450123	103	204	0
scaffold_1158	759	559	618	-	CP052039.1	5611497	452686	452745	49	59	0
scaffold_1540	540	9	539	-	CP052039.1	5611497	454413	454943	120	530	0
scaffold_129	76929	24779	28583	+	CP052039.1	5611497	454825	458584	133	3804	0
scaffold_149	65637	61385	61448	-	CP052039.1	5611497	458439	458502	46	63	0
scaffold_71	175185	148564	149374	-	CP052039.1	5611497	459961	460867	134	910	0
scaffold_6	1692318	294520	295161	+	CP052039.1	5611497	460291	460929	145	641	0
scaffold_315	18631	6969	7158	-	CP052039.1	5611497	460735	460929	88	194	0
scaffold_22	716055	24903	25070	-	CP052039.1	5611497	473901	474067	84	167	0
scaffold_104	98169	91605	91714	-	CP052039.1	5611497	473901	474010	79	109	0
scaffold_20	777291	20463	20589	+	CP052039.1	5611497	473950	474077	89	127	0
scaffold_9	1406917	460213	460290	+	CP052039.1	5611497	473950	474027	77	77	0
scaffold_371	14652	4656	4783	+	CP052039.1	5611497	473950	474077	69	127	0
scaffold_26	567511	563353	563480	-	CP052039.1	5611497	473950	474077	69	127	0
scaffold_30	507731	17285	17402	+	CP052039.1	5611497	473950	474067	96	117	0
scaffold_149	65637	61313	61440	-	CP052039.1	5611497	473950	474077	49	127	0
scaffold_67	184376	79762	80629	+	CP052039.1	5611497	474693	475644	122	951	0
scaffold_14	908909	131303	132292	-	CP052039.1	5611497	474693	475724	77	1031	0
scaffold_66	184824	2656	3660	+	CP052039.1	5611497	474737	475746	94	1009	0
scaffold_12	1155968	736496	737432	+	CP052039.1	5611497	474738	475695	113	957	0
scaffold_315	18631	6969	7963	+	CP052039.1	5611497	474738	475737	78	999	0
scaffold_32	471417	37905	38824	-	CP052039.1	5611497	474738	475695	120	957	0
scaffold_4	1881388	518542	519476	+	CP052039.1	5611497	474738	475613	185	940	0
scaffold_8	1419871	1291717	1291822	-	CP052039.1	5611497	474738	474842	65	105	0
scaffold_12	1155968	719459	720177	+	CP052039.1	5611497	474746	475464	187	722	0
scaffold_44	359581	209093	210140	-	CP052039.1	5611497	474746	475724	114	1047	0
scaffold_1617	522	45	201	+	CP052039.1	5611497	474758	474918	57	160	0
scaffold_5	1863748	4303	5262	+	CP052039.1	5611497	474790	475746	163	970	0
scaffold_116	84153	2832	3129	-	CP052039.1	5611497	475406	475737	86	331	0
scaffold_6	1692318	1550037	1550255	-	CP052039.1	5611497	476671	476893	104	222	0
scaffold_71	175185	148538	149374	+	CP052039.1	5611497	476757	477643	132	886	0
scaffold_8	1419871	1291584	1291657	+	CP052039.1	5611497	478386	478459	42	73	0
scaffold_131	76605	7852	8670	+	CP052039.1	5611497	478386	479321	97	935	0
scaffold_44	359581	168624	169154	-	CP052039.1	5611497	478386	478932	112	546	0
scaffold_12	1155968	719407	720451	+	CP052039.1	5611497	478388	479463	185	1075	0
scaffold_5	1863748	4303	5264	+	CP052039.1	5611497	478484	479463	159	979	0
scaffold_116	84153	2850	3258	-	CP052039.1	5611497	478893	479434	125	541	0
scaffold_4	1881388	514730	514832	-	CP052039.1	5611497	479302	479404	48	102	0
scaffold_71	175185	148451	149310	+	CP052039.1	5611497	480657	481607	140	950	0
scaffold_58	259852	171891	172204	+	CP052039.1	5611497	480685	481003	59	318	0
scaffold_283	22139	682	1606	-	CP052039.1	5611497	480685	481607	138	924	0
scaffold_104	98169	8461	8761	-	CP052039.1	5611497	481113	481410	121	300	0
scaffold_28	539988	193191	193304	+	CP052039.1	5611497	485187	485300	51	113	0
scaffold_122	81337	27268	27526	+	CP052039.1	5611497	485200	485499	80	299	0
scaffold_129	76929	59446	66983	+	CP052039.1	5611497	485200	492864	667	7675	0
scaffold_137	72425	2250	2596	-	CP052039.1	5611497	485200	485524	76	346	0
scaffold_4	1881388	507321	509268	-	CP052039.1	5611497	485222	487329	156	2107	0
scaffold_45	358384	245426	251887	-	CP052039.1	5611497	486348	492809	583	6462	0
scaffold_1675	509	175	502	-	CP052039.1	5611497	486643	486970	139	327	0
scaffold_51	297976	112840	118541	+	CP052039.1	5611497	486901	492705	641	5814	0
scaffold_70	181850	11650	16554	+	CP052039.1	5611497	487516	492410	345	4904	0
scaffold_10	1239786	1232604	1237860	+	CP052039.1	5611497	487556	492864	239	5309	0
scaffold_14	908909	14816	20057	-	CP052039.1	5611497	487612	492842	557	5241	0
scaffold_994	1008	362	856	+	CP052039.1	5611497	487782	488276	123	494	0
scaffold_1206	720	54	699	-	CP052039.1	5611497	488553	489197	189	645	0
scaffold_4	1881388	1871239	1880043	-	CP052039.1	5611497	488993	497316	555	8833	0
scaffold_1088	845	27	536	-	CP052039.1	5611497	489153	489662	179	509	0
scaffold_283	22139	2400	5965	+	CP052039.1	5611497	489580	492945	211	3567	0
scaffold_1625	520	200	506	-	CP052039.1	5611497	490648	490954	60	306	0
scaffold_1349	630	107	355	+	CP052039.1	5611497	490808	491056	58	248	0
scaffold_1578	530	304	403	-	CP052039.1	5611497	492765	492864	96	99	0
scaffold_14	908909	22724	22827	-	CP052039.1	5611497	493293	493396	47	103	0
scaffold_1	2692756	82250	84497	+	CP052039.1	5611497	494433	496680	128	2247	0
scaffold_70	181850	10742	16899	+	CP052039.1	5611497	494747	500947	362	6200	0
scaffold_1584	529	23	416	+	CP052039.1	5611497	500253	500646	47	393	0
scaffold_980	1046	24	101	+	CP052039.1	5611497	968686	968766	40	80	0
scaffold_980	1046	24	101	-	CP052039.1	5611497	1053438	1053518	40	80	0
scaffold_1588	528	3	94	+	CP052039.1	5611497	1827208	1827299	48	91	0
scaffold_46	353283	198943	199004	+	CP052039.1	5611497	1841240	1841301	61	61	0
scaffold_37	420435	113469	113522	+	CP052039.1	5611497	1950899	1950952	53	53	0
scaffold_1547	538	224	293	+	CP052039.1	5611497	1953583	1953652	69	69	0
scaffold_68	182924	46669	48870	+	CP052039.1	5611497	2020304	2022495	903	2201	0
scaffold_45	358384	172568	174759	-	CP052039.1	5611497	2020304	2022495	749	2194	0
scaffold_122	81337	59859	61931	+	CP052039.1	5611497	2020304	2022376	730	2075	0
scaffold_1643	517	46	516	-	CP052039.1	5611497	2020386	2020856	111	470	0
scaffold_5	1863748	1861670	1863641	+	CP052039.1	5611497	2020418	2022389	458	1974	0
scaffold_249	26889	3750	3857	-	CP052039.1	5611497	2020563	2020670	78	107	0
scaffold_11	1212133	52451	53846	-	CP052039.1	5611497	2020603	2021998	313	1395	0
scaffold_181	44073	33262	33319	-	CP052039.1	5611497	2139227	2139284	50	57	0
scaffold_20	777291	19412	20446	-	CP052039.1	5611497	2922357	2923373	226	1035	0
scaffold_45	358384	228412	229080	+	CP052039.1	5611497	2922357	2923026	155	670	0
scaffold_82	143064	117869	118498	+	CP052039.1	5611497	2922357	2922985	97	629	0
scaffold_62	231438	223261	224211	-	CP052039.1	5611497	2922357	2923295	114	960	0
scaffold_131	76605	60811	61829	+	CP052039.1	5611497	2922357	2923367	199	1018	0
scaffold_315	18631	16535	17011	+	CP052039.1	5611497	2922357	2922832	66	476	0
scaffold_35	440808	254751	255582	-	CP052039.1	5611497	2922405	2923234	136	831	0
scaffold_12	1155968	724752	725188	-	CP052039.1	5611497	2922415	2922849	88	436	0
scaffold_35	440808	260511	261279	-	CP052039.1	5611497	2922415	2923183	117	768	0
scaffold_4	1881388	529531	530498	-	CP052039.1	5611497	2922431	2923389	136	967	0
scaffold_20	777291	795	1740	-	CP052039.1	5611497	2922441	2923367	120	945	0
scaffold_62	231438	229299	230233	-	CP052039.1	5611497	2922452	2923367	131	934	0
scaffold_45	358384	301530	302419	+	CP052039.1	5611497	2922498	2923367	220	889	0
scaffold_131	76605	45145	45305	-	CP052039.1	5611497	2923722	2923882	88	160	0
scaffold_6	1692318	274382	274855	-	CP052039.1	5611497	2923899	2924314	116	473	0
scaffold_32	471417	25291	25471	-	CP052039.1	5611497	2923914	2924094	76	180	0
scaffold_44	359581	168674	169144	-	CP052039.1	5611497	2923914	2924369	115	470	0
scaffold_39	398046	136506	137202	+	CP052039.1	5611497	2923914	2924606	95	696	0
scaffold_2	2503568	2498481	2498556	+	CP052039.1	5611497	2923914	2923989	57	75	0
scaffold_39	398046	128761	129418	+	CP052039.1	5611497	2923951	2924606	119	665	0
scaffold_137	72425	17499	17726	+	CP052039.1	5611497	2923970	2924195	80	227	0
scaffold_6	1692318	271756	272218	+	CP052039.1	5611497	2924002	2924488	102	486	0
scaffold_149	65637	61313	61440	+	CP052039.1	5611497	2924734	2924862	48	128	0
scaffold_1610	523	73	165	+	CP052039.1	5611497	2926150	2926241	57	92	0
scaffold_1402	605	73	126	+	CP052039.1	5611497	2926188	2926241	48	53	0
scaffold_91	120630	107140	107332	+	CP052039.1	5611497	2926369	2926561	82	192	0
scaffold_50	298037	166526	169554	-	CP052039.1	5611497	2926430	2929450	312	3040	0
scaffold_336	17138	13290	13673	-	CP052039.1	5611497	2931544	2931886	100	383	0
scaffold_336	17138	3889	7506	+	CP052039.1	5611497	2931544	2935006	112	3617	0
scaffold_1401	605	19	592	+	CP052039.1	5611497	2932000	2932524	105	573	0
scaffold_1402	605	222	569	-	CP052039.1	5611497	2932112	2932452	134	362	0
scaffold_4	1881388	537692	538400	+	CP052039.1	5611497	2933964	2934670	167	708	0
scaffold_20	777291	795	1144	-	CP052039.1	5611497	2934322	2934670	90	349	0
scaffold_111	88385	9129	9458	+	CP052039.1	5611497	2934332	2934665	76	333	0
scaffold_336	17138	11933	12155	-	CP052039.1	5611497	2934410	2934633	76	224	0
scaffold_44	359581	179049	179267	+	CP052039.1	5611497	2934836	2935054	71	218	0
scaffold_9	1406917	475306	475463	+	CP052039.1	5611497	2934836	2934992	69	157	0
scaffold_1396	606	509	590	+	CP052039.1	5611497	2934973	2935054	81	81	0
scaffold_315	18631	4176	4569	+	CP052039.1	5611497	2938255	2938652	109	397	0
scaffold_35	440808	275030	275975	-	CP052039.1	5611497	2942132	2943114	141	999	0
scaffold_62	231438	219423	220489	-	CP052039.1	5611497	2942132	2943083	138	1066	0
scaffold_1	2692756	288056	289152	-	CP052039.1	5611497	2942132	2943114	167	1096	0
scaffold_82	143064	65746	66639	+	CP052039.1	5611497	2942244	2943114	94	893	0
scaffold_1	2692756	203298	203339	-	CP052039.1	5611497	2942258	2942299	41	41	0
scaffold_315	18631	6954	7839	-	CP052039.1	5611497	2942258	2943083	94	885	0
scaffold_39	398046	136496	137416	-	CP052039.1	5611497	2942258	2943114	116	920	0
scaffold_122	81337	47713	48512	+	CP052039.1	5611497	2942258	2943068	76	810	0
scaffold_131	76605	7852	8550	-	CP052039.1	5611497	2942413	2943114	81	701	0
scaffold_14	908909	131658	132247	+	CP052039.1	5611497	2942472	2943068	68	609	0
scaffold_90	123581	30986	31539	+	CP052039.1	5611497	2942585	2943110	76	553	0
scaffold_8	1419871	1291717	1291822	+	CP052039.1	5611497	2942964	2943068	57	105	0
scaffold_1711	501	240	326	+	CP052039.1	5611497	2942997	2943083	79	86	0
scaffold_66	184824	2657	3662	+	CP052039.1	5611497	2948407	2949409	84	1011	0
scaffold_6	1692318	271712	272566	+	CP052039.1	5611497	2948415	2949371	122	956	0
scaffold_131	76605	7906	8670	+	CP052039.1	5611497	2948415	2949267	86	852	0
scaffold_1013	933	849	902	+	CP052039.1	5611497	2949561	2949614	40	53	0
scaffold_1401	605	19	592	-	CP052039.1	5611497	2949572	2950070	101	573	0
scaffold_1402	605	171	555	-	CP052039.1	5611497	2956012	2956454	127	442	0
scaffold_5	1863748	7044	7596	-	CP052039.1	5611497	2956620	2957174	94	560	0
scaffold_35	440808	254719	255546	+	CP052039.1	5611497	2956715	2957547	137	836	0
scaffold_220	33416	21652	22316	-	CP052039.1	5611497	2956793	2957455	71	664	0
scaffold_55	268656	17271	17470	+	CP052039.1	5611497	2960702	2960933	76	231	0
scaffold_1134	783	171	284	+	CP052039.1	5611497	3590146	3590259	40	113	0
scaffold_107	93315	87199	87600	+	CP052039.1	5611497	3764746	3765148	40	402	0
scaffold_55	268656	17981	18021	-	CP052039.1	5611497	4317683	4317723	40	40	0
scaffold_55	268656	17072	17175	-	CP052039.1	5611497	4317764	4317867	103	103	0
scaffold_68	182924	161241	161339	-	CP052039.1	5611497	5110250	5110348	84	98	0
scaffold_37	420435	113469	113551	-	CP052039.1	5611497	5110266	5110348	82	82	0
scaffold_2	2503568	190278	190341	-	CP052039.1	5611497	5110266	5110329	53	63	0
scaffold_8	1419871	1225470	1225533	-	CP052039.1	5611497	5110266	5110329	53	63	0
scaffold_22	716055	655830	655912	+	CP052039.1	5611497	5110266	5110348	82	82	0
scaffold_107	93315	36634	36886	-	CP052039.1	5611497	5115731	5115983	153	252	0
scaffold_133	76283	50141	50393	-	CP052039.1	5611497	5115731	5115983	141	252	0
scaffold_68	182924	46759	48554	+	CP052039.1	5611497	5229232	5231030	616	1798	0
scaffold_37	420435	333316	333523	-	CP052039.1	5611497	5261254	5261461	125	207	0
scaffold_59	256653	63730	69038	+	CP052039.1	5611497	5261668	5267139	170	5474	0
scaffold_371	14652	4650	4773	+	CP052039.1	5611497	5261677	5261800	64	123	0
scaffold_40	392173	391327	391517	+	CP052039.1	5611497	5261683	5261872	97	190	0
scaffold_312	19256	13310	13428	+	CP052039.1	5611497	5261683	5261800	40	118	0
scaffold_1614	522	456	505	-	CP052039.1	5611497	5266593	5266642	49	49	0
scaffold_1170	745	628	730	-	CP052039.1	5611497	5266910	5267012	45	102	0
scaffold_149	65637	52437	53115	-	CP052039.1	5611497	5266933	5267611	101	678	0
scaffold_91	120630	106876	107256	-	CP052039.1	5611497	5268440	5268818	90	380	0
scaffold_431	11085	7599	7932	+	CP052039.1	5611497	5268792	5269125	63	333	0
scaffold_149	65637	61313	61448	-	CP052039.1	5611497	5269000	5269135	49	135	0
scaffold_20	777291	8372	8555	+	CP052039.1	5611497	5382997	5383192	113	195	0
scaffold_20	777291	21445	21603	+	CP052039.1	5611497	5383052	5383221	88	169	0
scaffold_1427	591	48	94	+	CP052039.1	5611497	5383529	5383575	46	46	0
scaffold_6	1692318	273402	274752	+	CP052039.1	5611497	5383680	5385081	123	1436	0
scaffold_1279	668	278	465	+	CP052039.1	5611497	5383689	5383876	83	187	0
scaffold_6	1692318	272325	272566	-	CP052039.1	5611497	5383716	5383949	100	241	0
scaffold_48	348853	157565	157772	+	CP052039.1	5611497	5384119	5384325	72	207	0
scaffold_14	908909	22724	22768	+	CP052039.1	5611497	5384268	5384312	44	44	0
scaffold_28	539988	193191	193261	-	CP052039.1	5611497	5384268	5384338	70	70	0
scaffold_1	2692756	29516	29607	-	CP052039.1	5611497	5384306	5384397	54	91	0
scaffold_44	359581	209943	210063	+	CP052039.1	5611497	5384928	5385048	86	120	0
scaffold_8	1419871	1291717	1291839	+	CP052039.1	5611497	5385029	5385150	57	122	0
scaffold_1402	605	73	134	+	CP052039.1	5611497	5385481	5385543	46	62	0
scaffold_111	88385	7169	8540	+	CP052039.1	5611497	5404683	5406060	95	1378	0
scaffold_185	43118	6893	7412	+	CP052039.1	5611497	5405714	5406233	57	519	0
scaffold_44	359581	181450	182525	-	CP052039.1	5611497	5409187	5410260	95	1075	0
scaffold_315	18631	14010	14672	-	CP052039.1	5611497	5409370	5410029	79	662	0
scaffold_220	33416	25707	27341	+	CP052039.1	5611497	5409713	5411383	110	1670	0
scaffold_4	1881388	534074	535163	-	CP052039.1	5611497	5410357	5411387	120	1089	0
scaffold_21	738175	60431	60562	+	CP052039.1	5611497	5410357	5410488	57	131	0
scaffold_131	76605	7852	8689	-	CP052039.1	5611497	5410450	5411387	110	937	0
scaffold_66	184824	2611	3533	-	CP052039.1	5611497	5410456	5411387	89	931	0
scaffold_1402	605	73	126	-	CP052039.1	5611497	5411750	5411803	48	53	0
scaffold_35	440808	274059	275975	+	CP052039.1	5611497	5411834	5414106	254	2367	0
scaffold_45	358384	103133	103186	+	CP052039.1	5611497	5412812	5412865	40	53	0
scaffold_44	359581	209189	210199	-	CP052039.1	5611497	5413089	5413995	98	1010	0
scaffold_6	1692318	271695	272462	+	CP052039.1	5611497	5413131	5413973	167	850	0
scaffold_315	18631	5575	6451	+	CP052039.1	5611497	5413229	5414075	88	888	0
scaffold_131	76605	55799	56493	+	CP052039.1	5611497	5413475	5414106	175	706	0
scaffold_336	17138	6563	7081	-	CP052039.1	5611497	5413475	5413992	104	523	0
scaffold_5	1863748	21138	21606	+	CP052039.1	5611497	5413582	5413992	147	468	0
scaffold_12	1155968	731447	731716	-	CP052039.1	5611497	5413772	5414075	76	303	0
scaffold_1279	668	318	428	-	CP052039.1	5611497	5413954	5414064	57	110	0
scaffold_71	175185	112773	113467	+	CP052039.1	5611497	5418140	5418858	94	718	0
scaffold_39	398046	136547	137518	-	CP052039.1	5611497	5418155	5419097	111	985	0
scaffold_82	143064	67606	68196	-	CP052039.1	5611497	5418162	5418743	114	592	0
scaffold_131	76605	55636	56462	-	CP052039.1	5611497	5418162	5418985	206	851	0
scaffold_12	1155968	736466	737432	-	CP052039.1	5611497	5418175	5419132	138	983	0
scaffold_66	184824	3501	3609	-	CP052039.1	5611497	5418175	5418283	51	108	0
scaffold_5	1863748	20665	21606	-	CP052039.1	5611497	5418245	5419132	150	945	0
scaffold_28	539988	186851	186959	-	CP052039.1	5611497	5419274	5419382	43	108	0
scaffold_1402	605	73	126	-	CP052039.1	5611497	5419800	5419853	48	53	0
scaffold_1610	523	73	165	-	CP052039.1	5611497	5419800	5419891	57	92	0
scaffold_336	17138	13470	13673	-	CP052039.1	5611497	5419800	5419995	103	203	0
scaffold_11	1212133	201913	202890	+	CP052039.1	5611497	5433593	5434620	143	1043	0
scaffold_44	359581	209991	210194	-	CP052039.1	5611497	5433593	5433792	74	203	0
scaffold_39	398046	136496	137416	+	CP052039.1	5611497	5433593	5434508	111	929	0
scaffold_5	1863748	315414	316338	+	CP052039.1	5611497	5433593	5434522	243	932	0
scaffold_67	184376	77714	78733	+	CP052039.1	5611497	5433593	5434602	115	1021	0
scaffold_66	184824	2611	3660	+	CP052039.1	5611497	5433593	5434629	110	1049	0
scaffold_1255	684	159	309	+	CP052039.1	5611497	5433593	5433743	62	150	0
scaffold_82	143064	65632	66639	-	CP052039.1	5611497	5433593	5434620	169	1058	0
scaffold_62	231438	219423	219923	+	CP052039.1	5611497	5433624	5434060	135	500	0
scaffold_28	539988	186840	186959	+	CP052039.1	5611497	5433624	5433743	48	119	0
scaffold_315	18631	6954	7963	+	CP052039.1	5611497	5433624	5434620	91	1009	0
scaffold_32	471417	37992	38839	-	CP052039.1	5611497	5433624	5434491	125	883	0
scaffold_1711	501	192	326	-	CP052039.1	5611497	5433624	5433758	107	134	0
scaffold_14	908909	132094	132247	-	CP052039.1	5611497	5433639	5433792	57	153	0
scaffold_8	1419871	1291717	1291822	-	CP052039.1	5611497	5433639	5433743	57	105	0
scaffold_12	1155968	709991	711004	-	CP052039.1	5611497	5433648	5434602	87	1013	0
scaffold_67	184376	79833	80598	+	CP052039.1	5611497	5433665	5434508	186	843	0
scaffold_131	76605	55545	56462	+	CP052039.1	5611497	5433665	5434591	151	926	0
scaffold_5	1863748	20734	21577	+	CP052039.1	5611497	5433678	5434491	114	866	0
scaffold_82	143064	67378	68196	+	CP052039.1	5611497	5433691	5434591	114	901	0
scaffold_315	18631	5586	6451	+	CP052039.1	5611497	5433739	5434591	76	865	0
scaffold_116	84153	2832	3145	-	CP052039.1	5611497	5434275	5434620	91	357	0
scaffold_453	9981	2020	4498	+	CP052039.1	5611497	5449546	5452024	939	2478	0
scaffold_531	7038	2275	4643	+	CP052039.1	5611497	5449656	5452024	824	2368	0
scaffold_85	135051	121781	124035	-	CP052039.1	5611497	5453693	5455947	575	2254	0
scaffold_227	31762	10934	11262	+	CP052039.1	5611497	5501621	5501969	57	348	0
scaffold_877	1508	799	888	-	CP052039.1	5611497	5501714	5501803	74	89	0
scaffold_86	130972	18616	18692	+	CP052039.1	5611497	5501714	5501790	50	76	0
scaffold_6	1692318	1581656	1581817	+	CP052039.1	5611497	5501714	5501876	63	162	0
scaffold_154	60446	21547	21611	-	CP052039.1	5611497	5501714	5501778	44	64	0
scaffold_218	33655	21991	22188	+	CP052039.1	5611497	5550531	5550739	162	208	0
scaffold_11	1212133	21703	21951	-	CP052039.1	5611497	5550677	5550909	190	250	0
scaffold_218	33655	23713	23802	+	CP052039.1	5611497	5550809	5550898	58	89	0
scaffold_82	143064	135830	137809	-	CP052039.1	5611497	5555343	5557394	164	2054	0
scaffold_145	69505	64459	64706	-	CP052039.1	5611497	5555343	5555588	73	247	0
scaffold_42	372282	371079	371120	+	CP052039.1	5611497	5555512	5555553	41	41	0
scaffold_1265	675	71	656	+	CP052039.1	5611497	5556812	5557394	57	585	0
scaffold_66	184824	198	844	-	CP052039.1	5611497	5557375	5558050	57	675	0
scaffold_1525	546	104	386	-	CP052039.1	5611497	5557375	5557657	58	282	0
scaffold_1255	684	159	259	+	CP052039.1	5611497	5558720	5558821	76	101	0
scaffold_6	1692318	297889	298029	-	CP052039.1	5611497	5558720	5558861	73	141	0
scaffold_59	256653	67163	67783	+	CP052039.1	5611497	5559179	5559799	121	620	0
scaffold_1619	521	51	453	+	CP052039.1	5611497	5559526	5559928	96	402	0
scaffold_75	154281	102275	102612	+	CP052039.1	5611497	5560067	5560392	76	337	0
scaffold_70	181850	30507	37993	+	CP052039.1	5611497	5560067	5567690	152	7633	0
scaffold_48	348853	333543	341163	+	CP052039.1	5611497	5560254	5568062	375	7808	0
scaffold_343	16140	2921	3061	+	CP052039.1	5611497	5560254	5560392	85	140	0
scaffold_21	738175	55591	55757	+	CP052039.1	5611497	5560256	5560421	138	166	0
scaffold_212	35064	7180	7318	+	CP052039.1	5611497	5560283	5560421	93	138	0
scaffold_70	181850	173079	180728	-	CP052039.1	5611497	5560283	5568062	401	7779	0
scaffold_32	471417	2675	10327	-	CP052039.1	5611497	5560295	5568033	184	7771	0
scaffold_129	76929	56613	57397	-	CP052039.1	5611497	5560431	5561215	97	784	0
scaffold_343	16140	2921	3061	+	CP052039.1	5611497	5567895	5568033	85	140	0
scaffold_102	100464	74917	75086	+	CP052039.1	5611497	5567895	5568064	155	169	0
scaffold_21	738175	55591	55757	+	CP052039.1	5611497	5567897	5568062	138	166	0
scaffold_212	35064	7180	7320	+	CP052039.1	5611497	5567924	5568064	95	140	0
scaffold_22	716055	24903	25021	-	CP052039.1	5611497	5570992	5571109	59	118	0
scaffold_9	1406917	460213	460312	+	CP052039.1	5611497	5570992	5571091	79	99	0
scaffold_315	18631	6918	7126	+	CP052039.1	5611497	5573160	5573368	98	208	0
scaffold_1255	684	154	285	+	CP052039.1	5611497	5573160	5573291	63	131	0
scaffold_71	175185	109385	109782	-	CP052039.1	5611497	5573165	5573613	115	451	0
scaffold_5	1863748	315414	316147	+	CP052039.1	5611497	5573165	5573916	202	751	0
scaffold_1	2692756	225087	225223	-	CP052039.1	5611497	5573165	5573301	76	136	0
scaffold_35	440808	249027	249774	+	CP052039.1	5611497	5573165	5573858	146	747	0
scaffold_32	471417	38139	38853	-	CP052039.1	5611497	5573182	5573897	117	717	0
scaffold_122	81337	48078	48541	-	CP052039.1	5611497	5573182	5573648	86	466	0
scaffold_315	18631	12557	13232	-	CP052039.1	5611497	5573219	5573897	131	678	0
scaffold_67	184376	79846	80471	+	CP052039.1	5611497	5573250	5573892	109	642	0
scaffold_90	123581	31057	31445	-	CP052039.1	5611497	5573263	5573648	76	388	0
scaffold_367	15003	14045	14185	-	CP052039.1	5611497	5573942	5574082	61	140	0
scaffold_116	84153	23027	23145	+	CP052039.1	5611497	5573942	5574059	57	118	0
scaffold_122	81337	28976	29063	-	CP052039.1	5611497	5573995	5574082	83	87	0
scaffold_122	81337	36220	36301	-	CP052039.1	5611497	5574001	5574082	74	81	0
scaffold_137	72425	12145	12226	+	CP052039.1	5611497	5574001	5574082	81	81	0
scaffold_1563	533	57	99	+	CP052039.1	5611497	5574040	5574082	42	42	0
scaffold_227	31762	10864	11262	-	CP052039.1	5611497	5577808	5578241	67	433	0
scaffold_14	908909	21229	21376	-	CP052039.1	5611497	5587543	5587691	59	148	0
scaffold_185	43118	1323	6729	-	CP052039.1	5611497	5587651	5592792	626	5418	0
scaffold_145	69505	64603	64712	+	CP052039.1	5611497	5588202	5588310	71	109	0
scaffold_1096	830	190	811	+	CP052039.1	5611497	5588202	5588823	172	621	0
scaffold_9	1406917	460047	460290	-	CP052039.1	5611497	5588227	5588471	96	244	0
scaffold_2	2503568	2498740	2500126	+	CP052039.1	5611497	5588227	5589611	95	1387	0
scaffold_4	1881388	528139	529476	+	CP052039.1	5611497	5588227	5589567	136	1340	0
scaffold_137	72425	12912	13188	-	CP052039.1	5611497	5588227	5588513	76	286	0
scaffold_1	2692756	219959	224588	-	CP052039.1	5611497	5588244	5592840	518	4685	0
scaffold_48	348853	329536	331778	+	CP052039.1	5611497	5588244	5590523	372	2279	0
scaffold_431	11085	857	5453	+	CP052039.1	5611497	5588244	5592840	560	4606	0
scaffold_32	471417	275399	277607	+	CP052039.1	5611497	5588283	5590411	339	2208	0
scaffold_59	256653	80215	80678	-	CP052039.1	5611497	5588285	5588747	89	463	0
scaffold_122	81337	30361	32094	-	CP052039.1	5611497	5589619	5591430	85	1811	0
scaffold_99	104861	21038	21084	+	CP052039.1	5611497	5593064	5593110	46	46	0
scaffold_297	20811	20684	20780	+	CP052039.1	5611497	5595736	5595832	65	96	0
scaffold_33	455355	447727	448335	+	CP052039.1	5611497	5595741	5596379	188	638	0
scaffold_111	88385	87894	88307	+	CP052039.1	5611497	5595741	5596170	99	429	0
scaffold_129	76929	76422	76825	+	CP052039.1	5611497	5595741	5596170	107	429	0
scaffold_75	154281	151410	153511	-	CP052039.1	5611497	5595795	5597910	750	2116	0
scaffold_137	72425	9305	10465	-	CP052039.1	5611497	5596241	5597404	100	1167	0
scaffold_287	21903	9832	10185	+	CP052039.1	5611497	5596700	5597050	94	353	0
scaffold_175	46490	7307	9002	-	CP052039.1	5611497	5600511	5602265	624	1755	0
scaffold_401	12799	9017	11555	-	CP052039.1	5611497	5600511	5603344	976	2833	0
scaffold_1085	847	607	768	+	CP052039.1	5611497	5600511	5600672	72	161	0
scaffold_153	61587	9718	10074	-	CP052039.1	5611497	5605995	5606351	129	356	0
scaffold_62	231438	77353	79071	-	CP052040.1	5151772	11734	13458	203	1725	60
scaffold_14	908909	189150	190596	-	CP052040.1	5151772	35080	36525	1188	1446	60
scaffold_59	256653	81270	149809	+	CP052040.1	5151772	45331	108631	32469	75144	60
scaffold_131	76605	58451	59165	+	CP052040.1	5151772	60293	61008	158	715	60
scaffold_10	1239786	172833	173644	+	CP052040.1	5151772	60293	61106	194	813	60
scaffold_16	897138	35168	36059	-	CP052040.1	5151772	60343	61234	145	891	60
scaffold_59	256653	159077	190091	+	CP052040.1	5151772	110258	141225	20519	31042	60
scaffold_59	256653	208123	256526	+	CP052040.1	5151772	153134	196178	25129	52186	60
scaffold_60	240913	281	13325	+	CP052040.1	5151772	196207	206979	7102	13053	60
scaffold_60	240913	16427	16615	+	CP052040.1	5151772	210940	211128	87	188	60
scaffold_60	240913	19510	33565	+	CP052040.1	5151772	213076	225612	7297	14080	60
scaffold_60	240913	37941	133322	+	CP052040.1	5151772	228320	315360	49750	95540	60
scaffold_60	240913	144484	229456	+	CP052040.1	5151772	320676	400941	46866	86390	60
scaffold_6	1692318	297303	297874	-	CP052040.1	5151772	406079	406679	151	600	60
scaffold_48	348853	66053	66626	+	CP052040.1	5151772	413939	414510	137	575	60
scaffold_39	398046	118640	119630	+	CP052040.1	5151772	415351	416328	115	990	60
scaffold_116	84153	23126	26281	+	CP052040.1	5151772	416843	420064	200	3221	60
scaffold_104	98169	129	1340	-	CP052040.1	5151772	426395	427606	125	1211	60
scaffold_1059	878	6	453	-	CP052040.1	5151772	426474	426921	265	447	60
scaffold_50	298037	157050	158019	+	CP052040.1	5151772	426849	427819	140	970	60
scaffold_4	1881388	1879197	1881232	+	CP052040.1	5151772	431230	433252	158	2036	60
scaffold_66	184824	1868	2880	-	CP052040.1	5151772	436501	437525	131	1042	60
scaffold_1201	727	22	715	+	CP052040.1	5151772	436996	437689	474	693	60
scaffold_129	76929	59079	59637	-	CP052040.1	5151772	437006	437618	150	612	60
scaffold_60	240913	237330	238192	+	CP052040.1	5151772	442731	443594	510	863	60
scaffold_357	15566	177	12541	-	CP052040.1	5151772	443660	456181	7380	12525	60
scaffold_15	906157	851535	903702	-	CP052040.1	5151772	456225	506534	32208	52305	60
scaffold_1429	590	15	583	-	CP052040.1	5151772	496298	496866	551	568	60
scaffold_15	906157	419096	844281	-	CP052040.1	5151772	525495	952439	334234	428569	60
scaffold_15	906157	1207	419672	-	CP052040.1	5151772	952721	1369228	356074	419344	60
scaffold_1294	660	5	653	+	CP052040.1	5151772	976863	977511	586	648	60
scaffold_88	125722	76892	77323	-	CP052040.1	5151772	1101387	1101818	218	431	60
scaffold_61	235649	211713	212123	-	CP052040.1	5151772	1102487	1102897	155	410	60
scaffold_79	145410	138	145125	+	CP052040.1	5151772	1369251	1512127	126366	145262	60
scaffold_3	2381582	21951	1949072	+	CP052040.1	5151772	1512230	3435918	1676436	1930900	60
scaffold_88	125722	67570	68958	+	CP052040.1	5151772	3304944	3306332	720	1388	60
scaffold_3	2381582	1955034	2234713	+	CP052040.1	5151772	3442427	3720365	233338	280452	60
scaffold_3	2381582	2235643	2236905	-	CP052040.1	5151772	3721760	3723039	294	1279	60
scaffold_3	2381582	2244217	2291392	+	CP052040.1	5151772	3723020	3770297	37880	47356	60
scaffold_3	2381582	2298560	2299331	+	CP052040.1	5151772	3774627	3775317	148	771	60
scaffold_3	2381582	2302283	2381576	+	CP052040.1	5151772	3776034	3855433	68687	79485	60
scaffold_88	125722	62884	63904	+	CP052040.1	5151772	3791754	3792774	391	1020	60
scaffold_44	359581	10	166819	+	CP052040.1	5151772	3855435	4022313	145313	167147	60
scaffold_44	359581	179480	180562	-	CP052040.1	5151772	4035369	4036474	133	1157	60
scaffold_1013	933	14	843	+	CP052040.1	5151772	4058643	4059471	400	829	60
scaffold_44	359581	210352	359456	+	CP052040.1	5151772	4061865	4211155	121205	149890	60
scaffold_22	716055	383148	715911	-	CP052040.1	5151772	4211171	4544053	216802	339764	60
scaffold_1582	529	17	529	+	CP052040.1	5151772	4459114	4459626	475	512	60
scaffold_1679	509	14	497	+	CP052040.1	5151772	4542489	4542974	230	486	60
scaffold_22	716055	47534	371440	-	CP052040.1	5151772	4553490	4861786	169779	337845	60
scaffold_1701	504	12	490	-	CP052040.1	5151772	4569553	4570031	432	478	60
scaffold_1709	502	24	491	+	CP052040.1	5151772	4679334	4679798	337	467	60
scaffold_353	15650	1657	3494	-	CP052040.1	5151772	4731807	4733629	201	1837	60
scaffold_1366	622	12	605	-	CP052040.1	5151772	4805542	4806135	534	593	60
scaffold_22	716055	157	24562	-	CP052040.1	5151772	4861811	4887763	13256	26367	60
scaffold_82	143064	137	13990	+	CP052040.1	5151772	4887806	4909434	7971	21816	60
scaffold_1237	696	6	693	-	CP052040.1	5151772	4890771	4891482	369	711	60
scaffold_22	716055	37076	38815	+	CP052040.1	5151772	4909511	4911252	478	1741	60
scaffold_50	298037	241008	242820	+	CP052040.1	5151772	4909511	4911325	487	1814	60
scaffold_5	1863748	18998	20102	-	CP052040.1	5151772	4909536	4910653	190	1117	60
scaffold_12	1155968	740870	742636	-	CP052040.1	5151772	4909540	4911325	538	1785	60
scaffold_315	18631	8074	9538	-	CP052040.1	5151772	4909826	4911291	322	1466	60
scaffold_45	358384	111972	113084	-	CP052040.1	5151772	4909956	4911070	180	1114	60
scaffold_1392	607	164	586	-	CP052040.1	5151772	4910589	4911011	218	422	60
scaffold_82	143064	14822	64505	+	CP052040.1	5151772	4912476	4952901	22868	52897	60
scaffold_1267	674	1	533	-	CP052040.1	5151772	4930346	4930876	153	532	60
scaffold_82	143064	86798	92744	+	CP052040.1	5151772	4952964	4959342	3599	6383	60
scaffold_82	143064	93153	94921	-	CP052040.1	5151772	4959720	4961488	403	1769	60
scaffold_51	297976	120313	122057	+	CP052040.1	5151772	4962009	4963752	384	1744	60
scaffold_68	182924	75404	82848	+	CP052040.1	5151772	4970633	4978167	933	7534	60
scaffold_219	33473	171	575	-	CP052040.1	5151772	4970674	4971078	113	405	60
scaffold_48	348853	341410	342308	+	CP052040.1	5151772	4971490	4972389	88	899	60
scaffold_1337	636	8	625	+	CP052040.1	5151772	4985568	4986185	599	617	60
scaffold_82	143064	95596	99656	+	CP052040.1	5151772	5004475	5008291	2039	4070	60
scaffold_367	15003	3844	4297	-	CP052040.1	5151772	5008780	5009233	195	454	60
scaffold_367	15003	518	3806	-	CP052040.1	5151772	5011466	5014756	2017	3292	60
scaffold_122	81337	810	25725	+	CP052040.1	5151772	5014816	5035686	12614	24953	60
scaffold_133	76283	10910	13886	+	CP052040.1	5151772	5044340	5047361	785	3021	60
scaffold_40	392173	197410	200566	-	CP052040.1	5151772	5044500	5047646	1257	3160	60
scaffold_122	81337	50549	78392	-	CP052040.1	5151772	5055433	5075977	9033	28018	60
scaffold_85	135051	83185	83425	-	CP052040.1	5151772	5063681	5063922	110	241	60
scaffold_85	135051	82588	83047	-	CP052040.1	5151772	5065113	5065564	157	459	60
scaffold_40	392173	137491	138002	-	CP052040.1	5151772	5069026	5069534	176	511	60
scaffold_285	21996	11438	14744	-	CP052040.1	5151772	5100889	5104376	713	3490	60
scaffold_285	21996	10547	11318	-	CP052040.1	5151772	5106210	5106978	233	771	60
scaffold_9	1406917	461322	464166	-	CP052040.1	5151772	5119192	5122033	200	2847	60
scaffold_77	149510	139613	142305	+	CP052040.1	5151772	5138690	5141427	321	2737	60
scaffold_101	101313	93794	100202	+	CP052040.1	5151772	5138804	5145311	426	6559	60
scaffold_1602	525	85	296	-	CP052040.1	5151772	1301466	1301676	89	211	59
scaffold_101	101313	90680	93524	+	CP052040.1	5151772	4994540	4997972	245	3488	59
scaffold_220	33416	4539	10715	-	CP052040.1	5151772	4045185	4051098	291	6202	58
scaffold_190	40947	27418	28051	+	CP052040.1	5151772	5127912	5128667	112	757	57
scaffold_1678	509	313	450	-	CP052040.1	5151772	430173	430310	73	137	54
scaffold_71	175185	144908	146156	+	CP052040.1	5151772	4909835	4911085	147	1250	54
scaffold_154	60446	3434	3708	+	CP052040.1	5151772	4985494	4985768	82	274	54
scaffold_50	298037	154558	155837	-	CP052040.1	5151772	4909788	4911070	178	1282	53
scaffold_5	1863748	24989	25795	-	CP052040.1	5151772	60201	61008	126	807	52
scaffold_20	777291	21756	23539	+	CP052040.1	5151772	4909540	4911325	554	1785	52
scaffold_91	120630	119688	119965	-	CP052040.1	5151772	4970955	4971230	95	277	52
scaffold_45	358384	303293	306326	-	CP052040.1	5151772	4978485	4981568	304	3087	52
scaffold_67	184376	67458	67887	+	CP052040.1	5151772	60476	60905	127	429	49
scaffold_6	1692318	1549438	1550096	-	CP052040.1	5151772	406079	406759	95	680	49
scaffold_45	358384	118937	126440	+	CP052040.1	5151772	4970676	4978167	827	7594	47
scaffold_75	154281	22765	23989	-	CP052040.1	5151772	181490	182717	84	1227	46
scaffold_315	18631	10949	11223	+	CP052040.1	5151772	426348	426622	84	274	46
scaffold_283	22139	268	438	+	CP052040.1	5151772	427648	427819	83	171	45
scaffold_71	175185	100183	105909	-	CP052040.1	5151772	4055390	4060905	230	5726	45
scaffold_50	298037	235590	241893	+	CP052040.1	5151772	4959720	4965866	406	6313	45
scaffold_59	256653	61572	73533	-	CP052040.1	5151772	4969340	4981838	832	13857	45
scaffold_45	358384	56912	57400	+	CP052040.1	5151772	4910015	4910505	96	490	44
scaffold_1649	515	8	452	-	CP052040.1	5151772	4974637	4975081	192	444	44
scaffold_30	507731	452261	452935	+	CP052040.1	5151772	60293	60966	130	674	43
scaffold_60	240913	234149	235597	+	CP052040.1	5151772	401018	402436	87	1448	43
scaffold_4	1881388	515808	517223	+	CP052040.1	5151772	4909826	4911246	163	1420	43
scaffold_30	507731	444195	449178	+	CP052040.1	5151772	4970668	4975651	383	4983	42
scaffold_40	392173	60526	61407	+	CP052040.1	5151772	60201	61088	115	887	41
scaffold_1578	530	304	443	-	CP052040.1	5151772	4030825	4030964	77	139	41
scaffold_111	88385	67130	68227	+	CP052040.1	5151772	5138717	5139893	83	1176	41
scaffold_591	5228	3099	5191	-	CP052040.1	5151772	5034672	5036757	77	2092	40
scaffold_44	359581	181383	182536	-	CP052040.1	5151772	60282	61430	131	1153	39
scaffold_315	18631	7820	7963	+	CP052040.1	5151772	416251	416382	76	143	38
scaffold_35	440808	270647	272301	-	CP052040.1	5151772	4959720	4961372	286	1654	38
scaffold_194	39750	32069	32249	+	CP052040.1	5151772	5063441	5063622	72	181	38
scaffold_51	297976	234592	234781	+	CP052040.1	5151772	5065791	5065980	109	189	38
scaffold_25	600164	598747	598857	-	CP052040.1	5151772	4050630	4050740	71	110	37
scaffold_10	1239786	1197378	1197819	+	CP052040.1	5151772	60567	61008	95	441	36
scaffold_12	1155968	719459	720451	+	CP052040.1	5151772	427903	428868	246	1013	36
scaffold_16	897138	474	901	+	CP052040.1	5151772	4965248	4965675	125	427	35
scaffold_6	1692318	1598887	1599209	-	CP052040.1	5151772	410767	411090	68	323	34
scaffold_10	1239786	1224778	1231082	+	CP052040.1	5151772	4972130	4978440	254	6310	34
scaffold_51	297976	276898	277338	+	CP052040.1	5151772	4975068	4975506	68	440	34
scaffold_104	98169	3480	3617	-	CP052040.1	5151772	60768	60905	66	137	33
scaffold_4	1881388	507321	512201	+	CP052040.1	5151772	423596	428361	156	4943	33
scaffold_40	392173	109903	110420	-	CP052040.1	5151772	436684	437227	114	543	32
scaffold_32	471417	19847	20004	-	CP052040.1	5151772	4053458	4053615	65	157	32
scaffold_50	298037	268382	268527	-	CP052040.1	5151772	4962651	4962796	65	145	32
scaffold_30	507731	17075	17312	-	CP052040.1	5151772	4970668	4970905	65	237	32
scaffold_154	60446	6060	6856	+	CP052040.1	5151772	5034358	5035154	76	796	32
scaffold_218	33655	24419	24542	+	CP052040.1	5151772	4989377	4989500	101	123	31
scaffold_1680	508	14	322	+	CP052040.1	5151772	3674140	3674442	72	308	30
scaffold_50	298037	205866	207582	-	CP052040.1	5151772	4962061	4963737	291	1716	30
scaffold_82	143064	74494	74670	+	CP052040.1	5151772	430025	430201	101	176	29
scaffold_145	69505	63336	64362	-	CP052040.1	5151772	4979289	4980333	76	1044	29
scaffold_33	455355	446368	447389	+	CP052040.1	5151772	5048980	5050000	70	1021	29
scaffold_77	149510	94846	95160	-	CP052040.1	5151772	413952	414268	96	316	28
scaffold_12	1155968	704361	704620	+	CP052040.1	5151772	417114	417373	97	259	28
scaffold_48	348853	148754	154137	-	CP052040.1	5151772	4025713	4030920	415	5488	27
scaffold_21	738175	47127	48154	-	CP052040.1	5151772	426790	427819	142	1029	26
scaffold_83	140534	21063	21155	-	CP052040.1	5151772	4900339	4900431	66	92	26
scaffold_4	1881388	518496	519551	+	CP052040.1	5151772	415351	416345	204	1055	25
scaffold_1571	531	167	260	-	CP052040.1	5151772	3034904	3034998	58	94	25
scaffold_67	184376	68398	68744	+	CP052040.1	5151772	4023525	4023872	84	347	25
scaffold_82	143064	14650	14731	+	CP052040.1	5151772	4911398	4911479	65	81	25
scaffold_129	76929	49831	54559	+	CP052040.1	5151772	4970633	4975276	248	4728	25
scaffold_61	235649	128745	129087	-	CP052040.1	5151772	1192113	1192455	63	342	24
scaffold_39	398046	114780	118062	-	CP052040.1	5151772	4035369	4038650	95	3291	24
scaffold_51	297976	158244	159578	+	CP052040.1	5151772	4909911	4911246	225	1336	24
scaffold_22	716055	37183	42964	+	CP052040.1	5151772	4965089	4970721	117	5781	24
scaffold_82	143064	65664	65772	-	CP052040.1	5151772	407233	407337	62	108	22
scaffold_175	46490	11743	12253	-	CP052040.1	5151772	437558	438151	72	593	22
scaffold_45	358384	102697	102993	-	CP052040.1	5151772	4965367	4965660	60	296	21
scaffold_61	235649	105298	105545	-	CP052040.1	5151772	4985458	4985705	60	247	21
scaffold_45	358384	245364	251041	+	CP052040.1	5151772	5108827	5114504	733	5677	21
scaffold_116	84153	2850	3332	-	CP052040.1	5151772	428260	428839	130	579	20
scaffold_28	539988	154364	154474	-	CP052040.1	5151772	3960795	3960905	99	110	20
scaffold_262	24986	24831	24886	-	CP052040.1	5151772	2022870	2022925	55	55	19
scaffold_5	1863748	399746	399861	-	CP052040.1	5151772	4023274	4023389	111	115	19
scaffold_91	120630	115513	115868	-	CP052040.1	5151772	4910216	4910571	71	355	19
scaffold_33	455355	419758	420195	+	CP052040.1	5151772	413994	414431	103	438	17
scaffold_75	154281	35825	35916	-	CP052040.1	5151772	5021699	5021790	55	91	17
scaffold_45	358384	301107	301177	+	CP052040.1	5151772	60768	60838	54	70	16
scaffold_283	22139	2589	6154	+	CP052040.1	5151772	4978435	4981838	231	3566	16
scaffold_102	100464	27020	28169	+	CP052040.1	5151772	60201	61348	157	1149	15
scaffold_32	471417	278726	279621	-	CP052040.1	5151772	4023310	4024206	205	897	15
scaffold_102	100464	27244	28816	-	CP052040.1	5151772	4909540	4911114	153	1574	15
scaffold_122	81337	36220	36345	-	CP052040.1	5151772	5121908	5122033	101	125	15
scaffold_12	1155968	728712	729086	+	CP052040.1	5151772	60457	60832	57	375	14
scaffold_131	76605	36444	36739	+	CP052040.1	5151772	60755	61051	57	296	14
scaffold_60	240913	14951	15277	+	CP052040.1	5151772	210523	210847	57	326	14
scaffold_21	738175	53671	53882	-	CP052040.1	5151772	406479	406690	91	211	14
scaffold_44	359581	195538	195764	+	CP052040.1	5151772	406533	406759	57	226	14
scaffold_315	18631	18195	18366	-	CP052040.1	5151772	413662	413833	57	171	14
scaffold_61	235649	82788	82860	-	CP052040.1	5151772	413939	414013	57	74	14
scaffold_59	256653	71164	73643	+	CP052040.1	5151772	420054	422511	76	2482	14
scaffold_14	908909	21490	21810	-	CP052040.1	5151772	426721	427041	57	320	14
scaffold_28	539988	186805	186919	-	CP052040.1	5151772	436684	436799	57	115	14
scaffold_102	100464	64469	65360	+	CP052040.1	5151772	4909976	4910869	57	893	14
scaffold_22	716055	27361	27709	-	CP052040.1	5151772	4959795	4960143	57	348	14
scaffold_129	76929	23975	28465	-	CP052040.1	5151772	4970676	4975081	149	4491	14
scaffold_212	35064	22445	22696	-	CP052040.1	5151772	4994768	4995017	57	251	14
scaffold_35	440808	245523	245757	-	CP052040.1	5151772	61637	61911	66	274	13
scaffold_48	348853	346372	346642	+	CP052040.1	5151772	4962258	4962528	51	270	13
scaffold_39	398046	135439	136123	+	CP052040.1	5151772	429263	429915	76	684	12
scaffold_5	1863748	316609	316719	-	CP052040.1	5151772	4050630	4050740	71	110	12
scaffold_1	2692756	96847	98550	-	CP052040.1	5151772	4909540	4911246	114	1706	12
scaffold_16	897138	9069	9416	+	CP052040.1	5151772	60813	61160	53	347	11
scaffold_30	507731	441885	442838	-	CP052040.1	5151772	415351	416328	118	986	11
scaffold_91	120630	117690	118739	-	CP052040.1	5151772	426790	427840	192	1050	11
scaffold_11	1212133	110990	111396	+	CP052040.1	5151772	437173	437577	73	406	11
scaffold_44	359581	177401	179602	+	CP052040.1	5151772	4034393	4036645	60	2253	11
scaffold_45	358384	229912	230061	-	CP052040.1	5151772	60346	60495	57	149	10
scaffold_111	88385	12075	19445	-	CP052040.1	5151772	4970676	4978167	704	7516	10
scaffold_44	359581	176626	177423	-	CP052040.1	5151772	415527	416328	64	801	9
scaffold_35	440808	254184	256629	+	CP052040.1	5151772	434288	436740	59	2452	9
scaffold_111	88385	68483	68751	-	CP052040.1	5151772	4023288	4023554	140	268	9
scaffold_11	1212133	237349	240437	-	CP052040.1	5151772	4023347	4026436	238	3090	9
scaffold_14	908909	25192	32261	-	CP052040.1	5151772	4971007	4978133	670	7133	9
scaffold_1678	509	79	392	+	CP052040.1	5151772	4979190	4979503	47	313	9
scaffold_9	1406917	470350	470416	-	CP052040.1	5151772	5118720	5118786	47	66	9
scaffold_11	1212133	111839	112028	+	CP052040.1	5151772	417467	417688	57	221	8
scaffold_44	359581	171603	174419	+	CP052040.1	5151772	4035257	4038045	56	2816	8
scaffold_116	84153	23042	23145	+	CP052040.1	5151772	5121908	5122010	65	103	8
scaffold_90	123581	50267	50950	-	CP052040.1	5151772	60377	61062	100	685	7
scaffold_2	2503568	2498740	2499960	+	CP052040.1	5151772	413994	415210	114	1220	7
scaffold_1	2692756	35644	36675	+	CP052040.1	5151772	435777	436799	179	1034	7
scaffold_35	440808	257053	258175	+	CP052040.1	5151772	60201	61322	134	1123	6
scaffold_131	76605	56718	56936	+	CP052040.1	5151772	406466	406690	49	224	6
scaffold_4	1881388	502993	503270	-	CP052040.1	5151772	416799	417081	68	282	6
scaffold_8	1419871	1291717	1291834	-	CP052040.1	5151772	429243	429359	77	117	6
scaffold_82	143064	79555	80197	+	CP052040.1	5151772	4910455	4911114	81	659	6
scaffold_40	392173	119595	120027	+	CP052040.1	5151772	60377	60832	62	455	5
scaffold_137	72425	17467	17550	+	CP052040.1	5151772	429243	429326	45	83	5
scaffold_9	1406917	1030573	1030648	-	CP052040.1	5151772	3417450	3417525	45	75	5
scaffold_1301	656	43	97	+	CP052040.1	5151772	4950016	4950070	45	54	5
scaffold_30	507731	20797	26563	-	CP052040.1	5151772	4970641	4976403	811	5766	5
scaffold_112	88048	25736	25885	+	CP052040.1	5151772	5047749	5047941	54	192	5
scaffold_14	908909	141730	141806	+	CP052040.1	5151772	5076352	5076428	46	76	5
scaffold_1153	761	48	102	+	CP052040.1	5151772	2750279	2750333	44	54	4
scaffold_1	2692756	112220	119364	+	CP052040.1	5151772	4023216	4030572	748	7358	4
scaffold_4	1881388	518271	518346	-	CP052040.1	5151772	60252	60327	43	75	3
scaffold_50	298037	2129	2638	-	CP052040.1	5151772	416791	417539	105	748	3
scaffold_40	392173	72274	72357	+	CP052040.1	5151772	4060881	4060963	43	83	3
scaffold_220	33416	26324	26923	-	CP052040.1	5151772	4964973	4965571	74	599	3
scaffold_104	98169	8187	9144	+	CP052040.1	5151772	435777	436740	133	975	2
scaffold_315	18631	4843	4938	+	CP052040.1	5151772	437871	437966	42	95	2
scaffold_12	1155968	733999	734289	+	CP052040.1	5151772	4022398	4022688	42	290	2
scaffold_6	1692318	1603457	1603587	+	CP052040.1	5151772	4032654	4032826	57	172	2
scaffold_59	256653	216617	216667	-	CP052040.1	5151772	4061307	4061357	50	50	2
scaffold_77	149510	98450	99217	+	CP052040.1	5151772	4909962	4910730	137	769	2
scaffold_99	104861	93338	93538	-	CP052040.1	5151772	5043721	5043921	57	200	2
scaffold_45	358384	238157	238606	-	CP052040.1	5151772	60476	60966	57	490	1
scaffold_39	398046	142121	143396	+	CP052040.1	5151772	4035586	4036721	120	1324	1
scaffold_1	2692756	35094	35394	-	CP052040.1	5151772	4060597	4060905	43	308	1
scaffold_51	297976	59242	60367	-	CP052040.1	5151772	4960035	4961161	96	1126	1
scaffold_1636	518	282	380	-	CP052040.1	5151772	5018513	5018599	44	98	1
scaffold_51	297976	193135	193342	-	CP052040.1	5151772	5077209	5077416	41	207	1
scaffold_50	298037	153665	153750	-	CP052040.1	5151772	5120095	5120180	47	85	1
scaffold_153	61587	9718	10074	+	CP052040.1	5151772	5159	5515	129	356	0
scaffold_131	76605	55571	56493	-	CP052040.1	5151772	43772	44630	168	933	0
scaffold_50	298037	151822	152040	-	CP052040.1	5151772	43803	44024	57	221	0
scaffold_67	184376	80190	80582	-	CP052040.1	5151772	43902	44297	101	395	0
scaffold_6	1692318	271756	272434	-	CP052040.1	5151772	43921	44630	114	715	0
scaffold_1711	501	75	259	+	CP052040.1	5151772	44446	44630	57	184	0
scaffold_220	33416	30082	30168	-	CP052040.1	5151772	44563	44649	53	86	0
scaffold_1617	522	58	144	-	CP052040.1	5151772	44563	44649	54	86	0
scaffold_220	33416	14333	15253	-	CP052040.1	5151772	60201	61088	82	920	0
scaffold_220	33416	25231	25976	+	CP052040.1	5151772	60343	61088	118	746	0
scaffold_6	1692318	261466	262223	-	CP052040.1	5151772	60476	61234	118	758	0
scaffold_183	43655	975	1587	-	CP052040.1	5151772	60476	61088	98	612	0
scaffold_315	18631	17718	18151	-	CP052040.1	5151772	60813	61244	57	433	0
scaffold_12	1155968	739114	739825	-	CP052040.1	5151772	61468	62212	127	747	0
scaffold_6	1692318	274129	274828	-	CP052040.1	5151772	61474	62164	110	699	0
scaffold_8	1419871	1291751	1291834	-	CP052040.1	5151772	61486	61569	58	83	0
scaffold_90	123581	100204	100900	-	CP052040.1	5151772	61498	62176	132	697	0
scaffold_12	1155968	736496	736980	+	CP052040.1	5151772	61498	62030	98	532	0
scaffold_220	33416	24539	24898	+	CP052040.1	5151772	61878	62238	71	360	0
scaffold_249	26889	3946	4114	+	CP052040.1	5151772	77898	78066	57	168	0
scaffold_112	88048	28790	31009	+	CP052040.1	5151772	181285	183520	385	2235	0
scaffold_296	20863	20252	20482	-	CP052040.1	5151772	310973	311200	113	230	0
scaffold_210	35262	10296	10455	-	CP052040.1	5151772	311028	311185	97	159	0
scaffold_110	91422	11817	11934	-	CP052040.1	5151772	311028	311146	98	118	0
scaffold_982	1040	31	190	-	CP052040.1	5151772	311028	311185	88	159	0
scaffold_133	76283	51060	51185	+	CP052040.1	5151772	311076	311200	104	125	0
scaffold_154	60446	36783	36841	-	CP052040.1	5151772	311076	311134	41	58	0
scaffold_877	1508	1061	1185	-	CP052040.1	5151772	311076	311200	92	124	0
scaffold_85	135051	111766	111836	-	CP052040.1	5151772	311076	311146	70	70	0
scaffold_33	455355	418910	419020	-	CP052040.1	5151772	311076	311185	69	110	0
scaffold_169	51120	23893	24018	-	CP052040.1	5151772	311076	311200	104	125	0
scaffold_283	22139	22063	22131	+	CP052040.1	5151772	311076	311144	68	68	0
scaffold_336	17138	8824	9239	-	CP052040.1	5151772	311076	311545	108	470	0
scaffold_175	46490	9618	9728	-	CP052040.1	5151772	311076	311185	89	110	0
scaffold_287	21903	21827	21895	+	CP052040.1	5151772	311076	311144	68	68	0
scaffold_1255	684	571	676	-	CP052040.1	5151772	311096	311200	84	105	0
scaffold_323	18080	18003	18064	-	CP052040.1	5151772	311125	311185	40	61	0
scaffold_181	44073	33267	33350	+	CP052040.1	5151772	377911	377995	53	84	0
scaffold_315	18631	6969	7195	+	CP052040.1	5151772	405970	406209	76	239	0
scaffold_1255	684	159	285	-	CP052040.1	5151772	407475	407601	76	126	0
scaffold_28	539988	186844	186919	-	CP052040.1	5151772	407491	407566	50	75	0
scaffold_2	2503568	2498481	2498537	-	CP052040.1	5151772	407535	407591	51	56	0
scaffold_682	3492	2753	3236	-	CP052040.1	5151772	414627	415110	57	483	0
scaffold_104	98169	58947	59881	+	CP052040.1	5151772	415351	416299	114	948	0
scaffold_4	1881388	534074	535116	+	CP052040.1	5151772	415351	416328	144	1042	0
scaffold_44	359581	209093	210194	-	CP052040.1	5151772	415351	416369	99	1101	0
scaffold_11	1212133	201913	202890	+	CP052040.1	5151772	415351	416382	124	1031	0
scaffold_44	359581	168211	169154	-	CP052040.1	5151772	415351	416306	119	963	0
scaffold_1255	684	159	309	+	CP052040.1	5151772	415351	415501	62	150	0
scaffold_66	184824	2611	3651	+	CP052040.1	5151772	415351	416382	114	1043	0
scaffold_1711	501	75	259	-	CP052040.1	5151772	415449	415617	70	184	0
scaffold_5	1863748	4303	5231	+	CP052040.1	5151772	415449	416360	147	933	0
scaffold_1617	522	100	179	+	CP052040.1	5151772	415472	415555	63	83	0
scaffold_220	33416	30134	30435	+	CP052040.1	5151772	415482	415773	72	301	0
scaffold_116	84153	2832	3250	-	CP052040.1	5151772	415842	416382	119	552	0
scaffold_1279	668	278	465	-	CP052040.1	5151772	416207	416382	66	187	0
scaffold_90	123581	107530	107590	+	CP052040.1	5151772	416309	416369	52	60	0
scaffold_45	358384	303428	312795	+	CP052040.1	5151772	416399	425702	162	9367	0
scaffold_122	81337	27268	27526	+	CP052040.1	5151772	416821	417081	76	260	0
scaffold_10	1239786	174916	175241	-	CP052040.1	5151772	417062	417387	93	325	0
scaffold_315	18631	6633	6996	+	CP052040.1	5151772	417114	417486	67	373	0
scaffold_66	184824	2634	2789	+	CP052040.1	5151772	417436	417591	107	155	0
scaffold_1262	679	429	546	-	CP052040.1	5151772	417436	417553	52	117	0
scaffold_8	1419871	1291717	1291822	-	CP052040.1	5151772	417459	417563	65	105	0
scaffold_145	69505	66693	66986	+	CP052040.1	5151772	417459	417761	84	302	0
scaffold_44	359581	209849	210140	-	CP052040.1	5151772	417467	417707	102	291	0
scaffold_8	1419871	1291638	1291679	+	CP052040.1	5151772	417467	417508	41	41	0
scaffold_1617	522	100	201	+	CP052040.1	5151772	417534	417639	63	105	0
scaffold_1206	720	75	627	+	CP052040.1	5151772	421748	422300	158	552	0
scaffold_1626	520	418	511	-	CP052040.1	5151772	422732	422825	60	93	0
scaffold_26	567511	566489	567146	-	CP052040.1	5151772	423768	424425	85	657	0
scaffold_67	184376	62150	63178	-	CP052040.1	5151772	426790	427819	123	1029	0
scaffold_11	1212133	199291	200340	-	CP052040.1	5151772	426793	427840	154	1050	0
scaffold_137	72425	506	1474	-	CP052040.1	5151772	426849	427819	71	970	0
scaffold_67	184376	77714	78733	+	CP052040.1	5151772	427849	428839	126	1023	0
scaffold_44	359581	209991	210194	-	CP052040.1	5151772	427849	428052	94	203	0
scaffold_131	76605	7852	8670	+	CP052040.1	5151772	427849	428726	95	877	0
scaffold_66	184824	2611	3662	+	CP052040.1	5151772	427849	428868	148	1051	0
scaffold_39	398046	144328	145278	-	CP052040.1	5151772	427849	428764	113	950	0
scaffold_1255	684	159	299	+	CP052040.1	5151772	427849	427989	75	140	0
scaffold_14	908909	132094	132247	-	CP052040.1	5151772	427895	428052	57	157	0
scaffold_145	69505	66693	67423	+	CP052040.1	5151772	427895	428612	102	730	0
scaffold_315	18631	5624	7963	+	CP052040.1	5151772	428033	430192	122	2351	0
scaffold_66	184824	2657	3662	+	CP052040.1	5151772	429255	430203	114	1005	0
scaffold_104	98169	8817	9144	-	CP052040.1	5151772	429263	429571	90	327	0
scaffold_12	1155968	719459	720451	+	CP052040.1	5151772	429263	430203	203	992	0
scaffold_44	359581	209093	210140	-	CP052040.1	5151772	429263	430179	101	1047	0
scaffold_5	1863748	4303	5264	+	CP052040.1	5151772	429307	430203	117	973	0
scaffold_220	33416	30134	30470	+	CP052040.1	5151772	429340	429651	76	336	0
scaffold_131	76605	32957	33089	-	CP052040.1	5151772	430055	430201	47	146	0
scaffold_283	22139	2397	2638	-	CP052040.1	5151772	431250	431492	60	242	0
scaffold_67	184376	60058	62231	+	CP052040.1	5151772	431601	433749	161	2176	0
scaffold_2	2503568	2501641	2501801	-	CP052040.1	5151772	433786	433944	50	160	0
scaffold_427	11379	4419	4485	-	CP052040.1	5151772	434243	434309	46	66	0
scaffold_33	455355	419769	419835	+	CP052040.1	5151772	434243	434309	66	66	0
scaffold_312	19256	13310	13353	-	CP052040.1	5151772	434266	434309	43	43	0
scaffold_131	76605	33429	34459	-	CP052040.1	5151772	435762	436794	111	1032	0
scaffold_32	471417	37877	38839	+	CP052040.1	5151772	435762	436763	127	1001	0
scaffold_315	18631	12306	13232	+	CP052040.1	5151772	435777	436740	155	975	0
scaffold_1	2692756	288056	289121	-	CP052040.1	5151772	435777	436794	152	1065	0
scaffold_145	69505	66678	67635	-	CP052040.1	5151772	435794	436763	70	969	0
scaffold_104	98169	44534	45459	+	CP052040.1	5151772	435831	436816	98	985	0
scaffold_39	398046	118635	119601	-	CP052040.1	5151772	435831	436799	93	968	0
scaffold_12	1155968	711442	712344	+	CP052040.1	5151772	435845	436740	97	902	0
scaffold_4	1881388	518491	519476	-	CP052040.1	5151772	435860	436799	173	1001	0
scaffold_315	18631	6918	7839	-	CP052040.1	5151772	435860	436799	96	939	0
scaffold_44	359581	209220	210199	+	CP052040.1	5151772	435876	436799	131	979	0
scaffold_1711	501	192	326	+	CP052040.1	5151772	436629	436763	111	134	0
scaffold_8	1419871	1291584	1291657	-	CP052040.1	5151772	436721	436794	42	73	0
scaffold_59	256653	74326	74670	-	CP052040.1	5151772	436882	437227	100	345	0
scaffold_32	471417	279329	279673	+	CP052040.1	5151772	436882	437227	115	345	0
scaffold_111	88385	68493	68771	+	CP052040.1	5151772	436940	437217	117	278	0
scaffold_26	567511	550640	550863	+	CP052040.1	5151772	436996	437219	78	223	0
scaffold_30	507731	451862	451941	+	CP052040.1	5151772	437140	437219	43	79	0
scaffold_122	81337	49744	49996	-	CP052040.1	5151772	437352	437601	81	252	0
scaffold_9	1406917	460161	460273	+	CP052040.1	5151772	437506	437618	91	112	0
scaffold_1	2692756	203581	203750	+	CP052040.1	5151772	437518	437689	57	171	0
scaffold_22	716055	24903	25021	-	CP052040.1	5151772	437558	437676	65	118	0
scaffold_427	11379	3299	3393	-	CP052040.1	5151772	438125	438219	52	94	0
scaffold_287	21903	4069	4163	-	CP052040.1	5151772	438125	438219	52	94	0
scaffold_347	15918	9977	10064	-	CP052040.1	5151772	438132	438219	45	87	0
scaffold_233	30380	30219	30274	+	CP052040.1	5151772	2022870	2022925	55	55	0
scaffold_262	24986	24891	24946	-	CP052040.1	5151772	2022870	2022925	55	55	0
scaffold_262	24986	24855	24910	-	CP052040.1	5151772	2022870	2022925	55	55	0
scaffold_262	24986	24879	24934	-	CP052040.1	5151772	2022870	2022925	55	55	0
scaffold_331	17590	3384	3439	+	CP052040.1	5151772	2022870	2022925	55	55	0
scaffold_262	24986	24849	24904	-	CP052040.1	5151772	2022870	2022925	55	55	0
scaffold_233	30380	30291	30346	+	CP052040.1	5151772	2022870	2022925	55	55	0
scaffold_262	24986	24927	24982	-	CP052040.1	5151772	2022870	2022925	55	55	0
scaffold_262	24986	24915	24970	-	CP052040.1	5151772	2022870	2022925	55	55	0
scaffold_262	24986	24897	24952	-	CP052040.1	5151772	2022870	2022925	55	55	0
scaffold_262	24986	24843	24898	-	CP052040.1	5151772	2022870	2022925	55	55	0
scaffold_262	24986	24861	24916	-	CP052040.1	5151772	2022870	2022925	55	55	0
scaffold_331	17590	3396	3451	+	CP052040.1	5151772	2022870	2022925	55	55	0
scaffold_262	24986	24885	24940	-	CP052040.1	5151772	2022870	2022925	55	55	0
scaffold_331	17590	3408	3451	+	CP052040.1	5151772	2022870	2022913	43	43	0
scaffold_262	24986	24903	24958	-	CP052040.1	5151772	2022870	2022925	55	55	0
scaffold_262	24986	24909	24964	-	CP052040.1	5151772	2022870	2022925	55	55	0
scaffold_262	24986	24867	24922	-	CP052040.1	5151772	2022870	2022925	55	55	0
scaffold_262	24986	24873	24928	-	CP052040.1	5151772	2022870	2022925	55	55	0
scaffold_262	24986	24837	24892	-	CP052040.1	5151772	2022870	2022925	55	55	0
scaffold_233	30380	30327	30376	+	CP052040.1	5151772	2022870	2022919	49	49	0
scaffold_233	30380	30279	30334	+	CP052040.1	5151772	2022870	2022925	55	55	0
scaffold_331	17590	3390	3445	+	CP052040.1	5151772	2022870	2022925	55	55	0
scaffold_331	17590	3378	3433	+	CP052040.1	5151772	2022870	2022925	55	55	0
scaffold_331	17590	3366	3421	+	CP052040.1	5151772	2022870	2022925	55	55	0
scaffold_331	17590	3402	3451	+	CP052040.1	5151772	2022870	2022919	49	49	0
scaffold_233	30380	30225	30280	+	CP052040.1	5151772	2022870	2022925	55	55	0
scaffold_233	30380	30231	30286	+	CP052040.1	5151772	2022870	2022925	55	55	0
scaffold_233	30380	30321	30376	+	CP052040.1	5151772	2022870	2022925	55	55	0
scaffold_233	30380	30267	30322	+	CP052040.1	5151772	2022870	2022925	55	55	0
scaffold_233	30380	30243	30298	+	CP052040.1	5151772	2022870	2022925	55	55	0
scaffold_233	30380	30249	30304	+	CP052040.1	5151772	2022870	2022925	55	55	0
scaffold_262	24986	24831	24874	-	CP052040.1	5151772	2022870	2022913	43	43	0
scaffold_233	30380	30237	30292	+	CP052040.1	5151772	2022870	2022925	55	55	0
scaffold_233	30380	30303	30358	+	CP052040.1	5151772	2022870	2022925	55	55	0
scaffold_262	24986	24831	24880	-	CP052040.1	5151772	2022870	2022919	49	49	0
scaffold_233	30380	30255	30310	+	CP052040.1	5151772	2022870	2022925	55	55	0
scaffold_233	30380	30273	30328	+	CP052040.1	5151772	2022870	2022925	55	55	0
scaffold_233	30380	30297	30352	+	CP052040.1	5151772	2022870	2022925	55	55	0
scaffold_233	30380	30333	30376	+	CP052040.1	5151772	2022870	2022913	43	43	0
scaffold_331	17590	3372	3427	+	CP052040.1	5151772	2022870	2022925	55	55	0
scaffold_262	24986	24921	24976	-	CP052040.1	5151772	2022870	2022925	55	55	0
scaffold_233	30380	30309	30364	+	CP052040.1	5151772	2022870	2022925	55	55	0
scaffold_233	30380	30261	30316	+	CP052040.1	5151772	2022870	2022925	55	55	0
scaffold_233	30380	30315	30370	+	CP052040.1	5151772	2022870	2022925	55	55	0
scaffold_233	30380	30285	30340	+	CP052040.1	5151772	2022870	2022925	55	55	0
scaffold_233	30380	30219	30268	+	CP052040.1	5151772	2022876	2022925	49	49	0
scaffold_262	24986	24933	24982	-	CP052040.1	5151772	2022876	2022925	49	49	0
scaffold_331	17590	3366	3415	+	CP052040.1	5151772	2022876	2022925	49	49	0
scaffold_262	24986	24939	24982	-	CP052040.1	5151772	2022882	2022925	43	43	0
scaffold_331	17590	3366	3409	+	CP052040.1	5151772	2022882	2022925	43	43	0
scaffold_233	30380	30219	30262	+	CP052040.1	5151772	2022882	2022925	43	43	0
scaffold_126	79365	72970	73010	-	CP052040.1	5151772	3270149	3270189	40	40	0
scaffold_126	79365	72970	73010	-	CP052040.1	5151772	3270152	3270192	40	40	0
scaffold_126	79365	72970	73010	-	CP052040.1	5151772	3270155	3270195	40	40	0
scaffold_126	79365	72970	73010	-	CP052040.1	5151772	3270158	3270198	40	40	0
scaffold_126	79365	72970	73010	-	CP052040.1	5151772	3270161	3270201	40	40	0
scaffold_126	79365	72970	73010	-	CP052040.1	5151772	3270164	3270204	40	40	0
scaffold_126	79365	72970	73010	-	CP052040.1	5151772	3270167	3270207	40	40	0
scaffold_126	79365	72970	73010	-	CP052040.1	5151772	3270170	3270210	40	40	0
scaffold_126	79365	72970	73010	-	CP052040.1	5151772	3270173	3270213	40	40	0
scaffold_126	79365	72970	73010	-	CP052040.1	5151772	3270176	3270216	40	40	0
scaffold_126	79365	72970	73010	-	CP052040.1	5151772	3270179	3270219	40	40	0
scaffold_126	79365	72970	73010	-	CP052040.1	5151772	3270182	3270222	40	40	0
scaffold_126	79365	72970	73010	-	CP052040.1	5151772	3270185	3270225	40	40	0
scaffold_126	79365	72970	73010	-	CP052040.1	5151772	3270188	3270228	40	40	0
scaffold_126	79365	72970	73010	-	CP052040.1	5151772	3270191	3270231	40	40	0
scaffold_126	79365	72970	73010	-	CP052040.1	5151772	3270194	3270234	40	40	0
scaffold_1547	538	237	321	+	CP052040.1	5151772	3725489	3725573	56	84	0
scaffold_50	298037	140469	144514	-	CP052040.1	5151772	4023198	4027246	312	4049	0
scaffold_97	105629	93441	101103	+	CP052040.1	5151772	4023242	4031094	581	7859	0
scaffold_129	76929	59446	66983	+	CP052040.1	5151772	4023288	4030964	708	7680	0
scaffold_1	2692756	258709	266267	-	CP052040.1	5151772	4023288	4030964	531	7702	0
scaffold_6	1692318	1548487	1549029	+	CP052040.1	5151772	4023288	4023858	115	571	0
scaffold_61	235649	88055	95543	+	CP052040.1	5151772	4023288	4031094	521	7811	0
scaffold_67	184376	60058	64218	-	CP052040.1	5151772	4023310	4027421	139	4161	0
scaffold_4	1881388	507321	509268	-	CP052040.1	5151772	4023310	4025293	118	1984	0
scaffold_4	1881388	1685327	1692876	+	CP052040.1	5151772	4023347	4031024	532	7681	0
scaffold_26	567511	565613	566891	+	CP052040.1	5151772	4023552	4024866	69	1314	0
scaffold_26	567511	554979	561874	-	CP052040.1	5151772	4023552	4030572	596	7022	0
scaffold_51	297976	111548	118657	+	CP052040.1	5151772	4023569	4030920	680	7353	0
scaffold_10	1239786	1232355	1237999	+	CP052040.1	5151772	4025271	4031103	306	5832	0
scaffold_4	1881388	1876191	1881211	-	CP052040.1	5151772	4025790	4030964	412	5175	0
scaffold_145	69505	68799	69330	+	CP052040.1	5151772	4026888	4027420	78	532	0
scaffold_62	231438	215986	219333	-	CP052040.1	5151772	4027279	4031024	261	3751	0
scaffold_59	256653	78132	79818	+	CP052040.1	5151772	4029260	4030964	119	1704	0
scaffold_71	175185	148249	148386	-	CP052040.1	5151772	4029816	4029953	61	137	0
scaffold_111	88385	68550	69351	-	CP052040.1	5151772	4030324	4031124	95	801	0
scaffold_33	455355	421393	421659	-	CP052040.1	5151772	4030858	4031124	57	266	0
scaffold_26	567511	550640	550863	-	CP052040.1	5151772	4030901	4031124	76	223	0
scaffold_35	440808	274219	274917	-	CP052040.1	5151772	4032296	4032928	128	699	0
scaffold_336	17138	3881	4508	-	CP052040.1	5151772	4032597	4033264	122	667	0
scaffold_104	98169	58983	59520	-	CP052040.1	5151772	4034007	4034551	88	548	0
scaffold_1617	522	45	244	-	CP052040.1	5151772	4034326	4034521	76	199	0
scaffold_145	69505	51894	52220	+	CP052040.1	5151772	4035500	4035879	76	379	0
scaffold_25	600164	598861	599033	-	CP052040.1	5151772	4035708	4035879	57	172	0
scaffold_111	88385	8800	9458	+	CP052040.1	5151772	4035719	4036477	98	759	0
scaffold_137	72425	216	1274	-	CP052040.1	5151772	4041127	4042187	76	1061	0
scaffold_44	359581	209192	210194	+	CP052040.1	5151772	4042899	4043918	104	1023	0
scaffold_8	1419871	1291584	1291639	-	CP052040.1	5151772	4043863	4043918	45	55	0
scaffold_25	600164	598861	598978	+	CP052040.1	5151772	4045631	4045748	62	117	0
scaffold_20	777291	795	5952	-	CP052040.1	5151772	4045864	4051135	107	5272	0
scaffold_20	777291	19418	21568	-	CP052040.1	5151772	4048928	4051135	122	2207	0
scaffold_336	17138	3889	4466	+	CP052040.1	5151772	4049492	4050090	94	599	0
scaffold_62	231438	229299	229700	-	CP052040.1	5151772	4050733	4051135	95	402	0
scaffold_1052	884	779	872	+	CP052040.1	5151772	4051160	4051253	49	93	0
scaffold_9	1406917	461288	461497	+	CP052040.1	5151772	4051593	4051802	76	210	0
scaffold_122	81337	28976	29152	+	CP052040.1	5151772	4051626	4051802	70	176	0
scaffold_1402	605	73	126	+	CP052040.1	5151772	4053215	4053268	53	53	0
scaffold_67	184376	37430	38276	-	CP052040.1	5151772	4055275	4056115	140	846	0
scaffold_91	120630	113441	114218	+	CP052040.1	5151772	4055324	4056095	119	777	0
scaffold_82	143064	69498	70323	-	CP052040.1	5151772	4055439	4056258	95	825	0
scaffold_82	143064	115294	116109	+	CP052040.1	5151772	4057618	4058433	123	815	0
scaffold_1	2692756	82614	84570	-	CP052040.1	5151772	4057618	4059576	133	1958	0
scaffold_1628	520	152	459	-	CP052040.1	5151772	4059585	4059892	138	307	0
scaffold_1547	538	224	309	+	CP052040.1	5151772	4122937	4123022	85	85	0
scaffold_1588	528	3	94	+	CP052040.1	5151772	4348870	4348960	48	91	0
scaffold_104	98169	57099	57396	-	CP052040.1	5151772	4909826	4910125	96	299	0
scaffold_5	1863748	317734	318854	-	CP052040.1	5151772	4909951	4911085	187	1134	0
scaffold_371	14652	14218	14262	+	CP052040.1	5151772	4909976	4910020	44	44	0
scaffold_16	897138	672	886	+	CP052040.1	5151772	4909976	4910192	96	216	0
scaffold_35	440808	257320	258411	-	CP052040.1	5151772	4909976	4911070	126	1094	0
scaffold_44	359581	181450	182525	+	CP052040.1	5151772	4910173	4911246	98	1075	0
scaffold_1	2692756	283132	284297	-	CP052040.1	5151772	4910173	4911338	152	1165	0
scaffold_220	33416	27989	28931	-	CP052040.1	5151772	4910226	4911191	76	965	0
scaffold_51	297976	109824	110749	-	CP052040.1	5151772	4910321	4911246	137	925	0
scaffold_131	76605	58451	59165	-	CP052040.1	5151772	4910531	4911246	91	715	0
scaffold_10	1239786	158326	158940	+	CP052040.1	5151772	4910577	4911191	40	614	0
scaffold_90	123581	50367	50979	+	CP052040.1	5151772	4910577	4911191	69	614	0
scaffold_32	471417	143987	144107	-	CP052040.1	5151772	4939684	4939804	86	120	0
scaffold_243	28230	26122	26238	+	CP052040.1	5151772	4939688	4939804	61	116	0
scaffold_61	235649	105784	105905	+	CP052040.1	5151772	4939688	4939809	66	121	0
scaffold_154	60446	37671	37780	+	CP052040.1	5151772	4939688	4939797	54	109	0
scaffold_243	28230	22456	22565	-	CP052040.1	5151772	4939688	4939797	54	109	0
scaffold_175	46490	30481	30539	-	CP052040.1	5151772	4939723	4939781	58	58	0
scaffold_427	11379	3351	3398	+	CP052040.1	5151772	4939762	4939809	47	47	0
scaffold_10	1239786	1185064	1186772	-	CP052040.1	5151772	4959720	4961427	323	1708	0
scaffold_12	1155968	716199	716930	-	CP052040.1	5151772	4959994	4960967	168	973	0
scaffold_194	39750	32705	33556	-	CP052040.1	5151772	4960067	4960919	122	852	0
scaffold_77	149510	98375	99748	+	CP052040.1	5151772	4960067	4961438	114	1373	0
scaffold_175	46490	10225	11319	+	CP052040.1	5151772	4960067	4961161	144	1094	0
scaffold_1537	542	7	56	-	CP052040.1	5151772	4961557	4961605	44	49	0
scaffold_287	21903	230	316	+	CP052040.1	5151772	4961557	4961643	44	86	0
scaffold_172	48882	3059	3276	-	CP052040.1	5151772	4962777	4962995	57	218	0
scaffold_371	14652	14020	14262	+	CP052040.1	5151772	4965248	4965490	60	242	0
scaffold_40	392173	62658	63036	-	CP052040.1	5151772	4965389	4965767	95	378	0
scaffold_1	2692756	284059	284297	-	CP052040.1	5151772	4965641	4965879	151	238	0
scaffold_11	1212133	110043	111077	-	CP052040.1	5151772	4965953	4966986	191	1034	0
scaffold_90	123581	49949	50062	-	CP052040.1	5151772	4965986	4966099	82	113	0
scaffold_4	1881388	506731	509320	-	CP052040.1	5151772	4965986	4968725	156	2749	0
scaffold_122	81337	27268	27526	+	CP052040.1	5151772	4966016	4966316	83	300	0
scaffold_26	567511	566505	567122	+	CP052040.1	5151772	4967332	4967948	72	617	0
scaffold_145	69505	50782	50945	+	CP052040.1	5151772	4969340	4969503	63	163	0
scaffold_82	143064	100498	100751	+	CP052040.1	5151772	4969834	4970088	42	254	0
scaffold_62	231438	218984	219385	-	CP052040.1	5151772	4970078	4970480	96	402	0
scaffold_431	11085	7606	7888	-	CP052040.1	5151772	4970622	4970919	80	297	0
scaffold_129	76929	43521	49432	+	CP052040.1	5151772	4970633	4976556	690	5985	0
scaffold_82	143064	128957	133400	+	CP052040.1	5151772	4970668	4975349	603	4683	0
scaffold_77	149510	94846	95070	-	CP052040.1	5151772	4970668	4970893	72	225	0
scaffold_45	358384	131346	138872	-	CP052040.1	5151772	4970668	4978100	757	7634	0
scaffold_137	72425	60484	68057	+	CP052040.1	5151772	4970668	4978167	589	7579	0
scaffold_67	184376	69102	76747	-	CP052040.1	5151772	4970674	4978167	645	7678	0
scaffold_50	298037	158711	166002	+	CP052040.1	5151772	4970674	4978147	814	7474	0
scaffold_1527	544	15	257	+	CP052040.1	5151772	4970676	4970919	53	243	0
scaffold_26	567511	565613	567353	+	CP052040.1	5151772	4970927	4972740	261	1813	0
scaffold_1170	745	630	730	+	CP052040.1	5151772	4972618	4972718	43	100	0
scaffold_670	3704	90	3551	+	CP052040.1	5151772	4973118	4976556	415	3461	0
scaffold_149	65637	62015	63556	+	CP052040.1	5151772	4973781	4975322	271	1541	0
scaffold_22	716055	24903	25027	+	CP052040.1	5151772	4978024	4978147	86	124	0
scaffold_431	11085	7606	7932	-	CP052040.1	5151772	4978024	4978365	99	341	0
scaffold_371	14652	4650	4773	-	CP052040.1	5151772	4978024	4978147	65	123	0
scaffold_26	567511	563363	563506	+	CP052040.1	5151772	4978024	4978167	81	143	0
scaffold_427	11379	4419	4461	-	CP052040.1	5151772	4978099	4978141	42	42	0
scaffold_1527	544	15	257	+	CP052040.1	5151772	4978122	4978365	53	243	0
scaffold_62	231438	216047	218697	-	CP052040.1	5151772	4978840	4981568	137	2728	0
scaffold_1349	630	78	422	+	CP052040.1	5151772	4979444	4979788	59	344	0
scaffold_59	256653	77950	80021	+	CP052040.1	5151772	4979648	4981812	114	2164	0
scaffold_71	175185	99368	99604	+	CP052040.1	5151772	4980097	4980333	57	236	0
scaffold_82	143064	105542	106766	-	CP052040.1	5151772	4980314	4981551	95	1239	0
scaffold_71	175185	148249	148447	-	CP052040.1	5151772	4980358	4980556	63	198	0
scaffold_62	231438	227908	228276	-	CP052040.1	5151772	4980416	4980784	57	368	0
scaffold_1584	529	182	467	+	CP052040.1	5151772	4980925	4981210	46	285	0
scaffold_40	392173	109560	109952	+	CP052040.1	5151772	4981157	4981546	95	392	0
scaffold_111	88385	68710	68816	-	CP052040.1	5151772	4981462	4981568	80	106	0
scaffold_90	123581	49999	50097	-	CP052040.1	5151772	4981462	4981560	82	98	0
scaffold_33	455355	421540	421659	-	CP052040.1	5151772	4981462	4981581	51	119	0
scaffold_1578	530	242	398	-	CP052040.1	5151772	4981474	4981630	92	156	0
scaffold_16	897138	34811	35364	+	CP052040.1	5151772	4981527	4981896	79	553	0
scaffold_21	738175	26963	29144	+	CP052040.1	5151772	4989782	4991973	1835	2191	0
scaffold_85	135051	22551	24735	+	CP052040.1	5151772	4989782	4991968	1215	2186	0
scaffold_5	1863748	1861792	1863554	-	CP052040.1	5151772	4989974	4991736	515	1762	0
scaffold_1	2692756	122658	123008	-	CP052040.1	5151772	4990209	4990559	90	350	0
scaffold_11	1212133	52557	53846	+	CP052040.1	5151772	4990381	4991670	310	1289	0
scaffold_1643	517	46	256	+	CP052040.1	5151772	4991417	4991627	84	210	0
scaffold_31	499125	499061	499113	-	CP052040.1	5151772	4991865	4991917	42	52	0
scaffold_133	76283	24682	24780	-	CP052040.1	5151772	5004330	5004428	55	98	0
scaffold_144	69844	26273	26446	-	CP052040.1	5151772	5004330	5004503	76	173	0
scaffold_85	135051	22551	24735	-	CP052040.1	5151772	5009272	5011458	1215	2186	0
scaffold_21	738175	26963	29139	-	CP052040.1	5151772	5009272	5011458	1830	2186	0
scaffold_31	499125	499061	499113	+	CP052040.1	5151772	5009323	5009375	42	52	0
scaffold_5	1863748	1861792	1863554	+	CP052040.1	5151772	5009504	5011266	515	1762	0
scaffold_11	1212133	52557	53846	-	CP052040.1	5151772	5009570	5010859	310	1289	0
scaffold_1643	517	46	256	-	CP052040.1	5151772	5009613	5009823	84	210	0
scaffold_101	101313	79172	79220	+	CP052040.1	5151772	5048055	5048103	48	48	0
scaffold_40	392173	139072	139282	-	CP052040.1	5151772	5068690	5068900	134	210	0
scaffold_107	93315	59551	59682	+	CP052040.1	5151772	5077425	5077557	66	132	0
scaffold_187	42170	1348	1420	+	CP052040.1	5151772	5077425	5077497	54	72	0
scaffold_1454	575	470	537	+	CP052040.1	5151772	5077430	5077497	67	67	0
scaffold_175	46490	3837	3965	-	CP052040.1	5151772	5077430	5077557	86	128	0
scaffold_13	1103368	10031	10157	+	CP052040.1	5151772	5077430	5077557	86	127	0
scaffold_1117	806	102	169	+	CP052040.1	5151772	5077430	5077497	61	67	0
scaffold_150	63801	53531	53634	-	CP052040.1	5151772	5077453	5077557	57	104	0
scaffold_210	35262	33163	33266	+	CP052040.1	5151772	5077453	5077557	63	104	0
scaffold_218	33655	23948	24037	-	CP052040.1	5151772	5077468	5077557	48	89	0
scaffold_45	358384	259380	267182	+	CP052040.1	5151772	5108756	5116573	349	7841	0
scaffold_28	539988	193114	193261	-	CP052040.1	5151772	5108818	5108965	47	147	0
scaffold_70	181850	10742	17015	-	CP052040.1	5151772	5108827	5115091	374	6273	0
scaffold_431	11085	7969	8968	+	CP052040.1	5151772	5108968	5109967	132	999	0
scaffold_10	1239786	1231777	1236560	-	CP052040.1	5151772	5110153	5114970	229	4817	0
scaffold_1349	630	104	310	-	CP052040.1	5151772	5110687	5110893	41	206	0
scaffold_994	1008	298	950	-	CP052040.1	5151772	5113329	5113981	117	652	0
scaffold_1626	520	43	511	-	CP052040.1	5151772	5113506	5113974	114	468	0
scaffold_71	175185	97312	97802	-	CP052040.1	5151772	5113871	5114361	65	490	0
scaffold_48	348853	155339	157466	+	CP052040.1	5151772	5114069	5116193	154	2127	0
scaffold_71	175185	148114	148441	-	CP052040.1	5151772	5119019	5119346	57	327	0
scaffold_122	81337	26221	27309	+	CP052040.1	5151772	5119118	5120224	76	1106	0
scaffold_111	88385	68580	70043	-	CP052040.1	5151772	5119192	5120354	175	1463	0
scaffold_26	567511	550662	550863	-	CP052040.1	5151772	5120161	5120362	67	201	0
scaffold_137	72425	12145	12226	+	CP052040.1	5151772	5121952	5122033	81	81	0
scaffold_122	81337	28976	29057	-	CP052040.1	5151772	5121952	5122033	77	81	0
scaffold_50	298037	178779	178820	+	CP052040.1	5151772	5121969	5122010	41	41	0
scaffold_1563	533	57	99	+	CP052040.1	5151772	5121991	5122033	42	42	0
scaffold_988	1021	83	341	-	CP052040.1	5151772	5121991	5122250	47	259	0
scaffold_367	15003	14045	14087	-	CP052040.1	5151772	5121991	5122033	42	42	0
scaffold_28	539988	193209	193261	+	CP052040.1	5151772	5137951	5138003	52	52	0
scaffold_14	908909	22724	22768	-	CP052040.1	5151772	5137959	5138003	44	44	0
scaffold_153	61587	9718	10074	-	CP052040.1	5151772	5146255	5146611	129	356	0
scaffold_42	372282	369763	370683	+	CP052041.1	4731052	29432	30341	184	925	60
scaffold_13	1103368	36313	37204	+	CP052041.1	4731052	29461	30341	177	896	60
scaffold_55	268656	1190	7181	+	CP052041.1	4731052	31398	37240	3369	6228	60
scaffold_55	268656	14252	17041	+	CP052041.1	4731052	37824	40840	1163	3051	60
scaffold_55	268656	22664	168368	+	CP052041.1	4731052	41194	182909	95522	146681	60
scaffold_80	143857	23192	24614	-	CP052041.1	4731052	43724	45151	262	1427	60
scaffold_67	184376	99631	102012	+	CP052041.1	4731052	43724	46114	532	2390	60
scaffold_55	268656	168376	187273	+	CP052041.1	4731052	177929	196931	12810	19032	60
scaffold_55	268656	189055	212185	+	CP052041.1	4731052	197239	220356	16348	23159	60
scaffold_55	268656	222376	231996	+	CP052041.1	4731052	231337	240964	6156	9643	60
scaffold_55	268656	243155	268445	+	CP052041.1	4731052	246672	271972	17344	25362	60
scaffold_1	2692756	1378973	1464999	+	CP052041.1	4731052	271916	358145	63802	86568	60
scaffold_1	2692756	1474858	1490796	+	CP052041.1	4731052	364674	380612	10950	15980	60
scaffold_1	2692756	1498403	1515238	+	CP052041.1	4731052	385872	402800	11677	16936	60
scaffold_1	2692756	1515287	1515684	+	CP052041.1	4731052	407989	408385	199	397	60
scaffold_1	2692756	1517704	1532764	+	CP052041.1	4731052	408943	423327	10692	15098	60
scaffold_1	2692756	1541831	1593195	+	CP052041.1	4731052	429900	481631	37264	51774	60
scaffold_1541	540	1	533	-	CP052041.1	4731052	453202	453734	512	532	60
scaffold_1	2692756	1593155	1615333	+	CP052041.1	4731052	484122	506242	17420	22205	60
scaffold_1	2692756	1617685	2692628	+	CP052041.1	4731052	511804	1587293	917803	1079034	60
scaffold_1714	501	36	369	+	CP052041.1	4731052	763149	763499	100	350	60
scaffold_63	225848	118346	119553	-	CP052041.1	4731052	931331	932555	425	1229	60
scaffold_1638	518	97	493	-	CP052041.1	4731052	1509135	1509486	100	396	60
scaffold_213	34980	129	34841	+	CP052041.1	4731052	1587298	1621854	29013	34808	60
scaffold_12	1155968	743280	1155809	-	CP052041.1	4731052	1621902	2036218	361911	415473	60
scaffold_10	1239786	165339	170344	-	CP052041.1	4731052	2068905	2073869	186	5013	60
scaffold_1644	516	12	470	-	CP052041.1	4731052	2074532	2074996	316	464	60
scaffold_1007	953	4	939	+	CP052041.1	4731052	2075983	2076918	695	935	60
scaffold_12	1155968	1360	699932	-	CP052041.1	4731052	2076863	2775334	607561	699955	60
scaffold_36	436183	145	311791	+	CP052041.1	4731052	2775380	3087025	267846	312599	60
scaffold_1364	622	229	599	-	CP052041.1	4731052	2912935	2913305	95	370	60
scaffold_126	79365	34096	34659	+	CP052041.1	4731052	3039301	3039864	83	563	60
scaffold_61	235649	183883	185216	+	CP052041.1	4731052	3039301	3040691	181	1390	60
scaffold_36	436183	315187	410537	-	CP052041.1	4731052	3087071	3182310	81910	95942	60
scaffold_98	104887	75347	104718	-	CP052041.1	4731052	3182448	3211397	24958	29463	60
scaffold_36	436183	411304	436039	-	CP052041.1	4731052	3213287	3238222	20988	25136	60
scaffold_36	436183	312360	315141	-	CP052041.1	4731052	3238061	3240794	1720	2782	60
scaffold_98	104887	139	74284	-	CP052041.1	4731052	3241663	3316025	63272	74422	60
scaffold_63	225848	124185	125899	+	CP052041.1	4731052	3306045	3307759	624	1714	60
scaffold_74	157577	160	157441	-	CP052041.1	4731052	3316041	3473392	130289	158712	60
scaffold_1407	602	49	552	-	CP052041.1	4731052	3355948	3356454	106	506	60
scaffold_43	370631	134	369207	+	CP052041.1	4731052	3473429	3844041	317183	371441	60
scaffold_126	79365	53867	54341	-	CP052041.1	4731052	3630856	3631351	97	495	60
scaffold_43	370631	370463	370589	+	CP052041.1	4731052	3844085	3844217	120	132	60
scaffold_14	908909	559624	908891	-	CP052041.1	4731052	3844259	4196657	244377	359011	60
scaffold_59	256653	50013	50367	+	CP052041.1	4731052	4122969	4123320	161	354	60
scaffold_14	908909	556050	557531	-	CP052041.1	4731052	4201457	4202940	1017	1483	60
scaffold_14	908909	505401	552093	-	CP052041.1	4731052	4203270	4249840	24952	46955	60
scaffold_14	908909	501480	502190	-	CP052041.1	4731052	4251856	4252566	299	710	60
scaffold_14	908909	395659	498532	-	CP052041.1	4731052	4256076	4358858	72366	103214	60
scaffold_14	908909	287429	392309	-	CP052041.1	4731052	4364959	4465531	62039	105866	60
scaffold_102	100464	73059	74729	-	CP052041.1	4731052	4467478	4469114	139	1670	60
scaffold_14	908909	269107	274459	-	CP052041.1	4731052	4484380	4489725	2681	5360	60
scaffold_14	908909	193813	264182	-	CP052041.1	4731052	4509597	4574538	40902	70788	60
scaffold_14	908909	193325	193803	-	CP052041.1	4731052	4576179	4576657	368	478	60
scaffold_14	908909	143905	184809	-	CP052041.1	4731052	4585215	4634347	24971	49276	60
scaffold_14	908909	132467	141421	-	CP052041.1	4731052	4638208	4647170	5173	9006	60
scaffold_14	908909	80470	122945	-	CP052041.1	4731052	4654994	4697614	28832	42699	60
scaffold_1521	549	27	546	-	CP052041.1	4731052	4688286	4688805	296	519	60
scaffold_45	358384	86386	101766	-	CP052041.1	4731052	4698407	4713491	9556	15387	60
scaffold_112	88048	72533	80140	-	CP052041.1	4731052	4698918	4706434	2089	7670	60
scaffold_91	120630	114989	115383	+	CP052041.1	4731052	4713885	4714279	126	394	60
scaffold_16	897138	8720	9105	+	CP052041.1	4731052	4713905	4714290	85	385	60
scaffold_336	17138	6926	8780	+	CP052041.1	4731052	4717699	4719722	314	2092	60
scaffold_312	19256	13284	13931	+	CP052041.1	4731052	4721476	4722122	280	647	60
scaffold_77	149510	95017	95844	+	CP052041.1	4731052	4721476	4722303	128	827	60
scaffold_1	2692756	29932	30177	-	CP052041.1	4731052	4721476	4721721	124	245	60
scaffold_1	2692756	208757	210975	-	CP052041.1	4731052	4722298	4724515	177	2222	60
scaffold_1016	930	324	908	+	CP052041.1	4731052	3508544	3509124	89	584	59
scaffold_14	908909	594086	594558	+	CP052041.1	4731052	4160289	4160752	91	472	59
scaffold_1	2692756	1516376	1516488	+	CP052041.1	4731052	408387	408499	86	112	57
scaffold_82	143064	133113	133852	-	CP052041.1	4731052	4723618	4724515	107	897	53
scaffold_39	398046	144328	145278	+	CP052041.1	4731052	4717241	4718182	162	960	51
scaffold_1617	522	45	144	+	CP052041.1	4731052	2060681	2060780	77	99	50
scaffold_35	440808	249027	250027	-	CP052041.1	4731052	4718834	4719768	216	1003	50
scaffold_45	358384	110051	110690	+	CP052041.1	4731052	28579	29227	95	654	45
scaffold_55	268656	187970	188104	+	CP052041.1	4731052	196953	197087	83	134	45
scaffold_45	358384	265318	267063	-	CP052041.1	4731052	4467205	4468827	93	1745	45
scaffold_315	18631	9663	10610	+	CP052041.1	4731052	2072929	2073869	187	948	44
scaffold_59	256653	74507	76394	+	CP052041.1	4731052	4719939	4721579	312	2012	43
scaffold_212	35064	19566	20185	-	CP052041.1	4731052	689659	690281	77	622	41
scaffold_1627	520	362	498	+	CP052041.1	4731052	2258845	2258992	77	147	39
scaffold_1706	503	38	477	-	CP052041.1	4731052	1129233	1129672	72	439	38
scaffold_1049	888	673	875	+	CP052041.1	4731052	2249597	2249800	72	203	38
scaffold_9	1406917	474503	475463	+	CP052041.1	4731052	2072929	2073869	202	960	37
scaffold_44	359581	192163	192990	+	CP052041.1	4731052	2060681	2061532	89	882	36
scaffold_55	268656	53869	53965	-	CP052041.1	4731052	72217	72313	66	96	33
scaffold_10	1239786	154360	155818	-	CP052041.1	4731052	4467245	4468705	133	1460	31
scaffold_30	507731	17259	17821	+	CP052041.1	4731052	4721476	4722037	202	562	31
scaffold_1443	583	17	480	+	CP052041.1	4731052	1595611	1596074	63	463	30
scaffold_40	392173	180598	182898	+	CP052041.1	4731052	4714583	4716889	76	2312	29
scaffold_12	1155968	733176	733251	-	CP052041.1	4731052	30266	30341	61	75	28
scaffold_82	143064	67303	67390	+	CP052041.1	4731052	2075394	2075481	69	87	28
scaffold_111	88385	71756	71975	+	CP052041.1	4731052	29067	29286	129	219	25
scaffold_39	398046	144030	144132	-	CP052041.1	4731052	29379	29480	64	102	24
scaffold_62	231438	229285	230233	+	CP052041.1	4731052	2036245	2037191	163	948	23
scaffold_111	88385	9144	9458	-	CP052041.1	4731052	2036264	2036581	65	318	23
scaffold_10	1239786	1237971	1238086	+	CP052041.1	4731052	4719940	4720053	62	115	23
scaffold_1607	524	10	432	+	CP052041.1	4731052	1748491	1748913	61	422	22
scaffold_1402	605	97	333	+	CP052041.1	4731052	2066100	2066393	90	293	22
scaffold_50	298037	114493	116815	-	CP052041.1	4731052	4714583	4716913	207	2336	22
scaffold_14	908909	282297	282778	-	CP052041.1	4731052	4466105	4466580	60	481	20
scaffold_68	182924	161248	161472	-	CP052041.1	4731052	4253851	4254075	107	224	19
scaffold_10	1239786	1152048	1152748	+	CP052041.1	4731052	29656	30341	167	701	18
scaffold_220	33416	19079	19493	-	CP052041.1	4731052	2059233	2059641	88	414	17
scaffold_1696	505	29	324	-	CP052041.1	4731052	1504593	1504863	61	295	16
scaffold_11	1212133	112964	113068	+	CP052041.1	4731052	2061475	2061593	57	118	16
scaffold_39	398046	137624	138111	+	CP052041.1	4731052	2073031	2073507	89	487	16
scaffold_33	455355	419734	421559	-	CP052041.1	4731052	4719823	4721603	105	1825	16
scaffold_1	2692756	212932	213657	-	CP052041.1	4731052	4721476	4722203	167	727	16
scaffold_30	507731	498712	498950	-	CP052041.1	4731052	4470056	4470298	161	242	15
scaffold_45	358384	82985	83088	+	CP052041.1	4731052	29377	29480	57	103	14
scaffold_12	1155968	711210	711313	+	CP052041.1	4731052	29377	29480	57	103	14
scaffold_1	2692756	1616322	1616625	+	CP052041.1	4731052	509698	510001	57	303	14
scaffold_67	184376	21469	21806	-	CP052041.1	4731052	652431	652768	57	337	14
scaffold_4	1881388	530574	530859	-	CP052041.1	4731052	2042934	2043221	57	287	14
scaffold_220	33416	30499	31464	+	CP052041.1	4731052	2072923	2073869	259	965	14
scaffold_14	908909	141339	141582	-	CP052041.1	4731052	2075456	2075704	53	248	14
scaffold_61	235649	204499	204665	+	CP052041.1	4731052	2149589	2149755	57	166	14
scaffold_1676	509	368	499	+	CP052041.1	4731052	2838191	2838322	57	131	14
scaffold_1157	759	5	372	-	CP052041.1	4731052	3963195	3963562	57	367	14
scaffold_1	2692756	214297	215163	+	CP052041.1	4731052	4722535	4723416	98	882	14
scaffold_40	392173	120214	120278	-	CP052041.1	4731052	339513	339576	51	64	13
scaffold_1331	639	48	496	+	CP052041.1	4731052	2072455	2072904	142	449	11
scaffold_88	125722	72419	72616	+	CP052041.1	4731052	2337138	2337359	57	221	10
scaffold_1402	605	12	134	+	CP052041.1	4731052	2041673	2041796	65	123	8
scaffold_131	76605	35177	36126	+	CP052041.1	4731052	2072929	2073869	182	949	7
scaffold_220	33416	9814	10773	-	CP052041.1	4731052	2072929	2073869	252	959	6
scaffold_133	76283	56939	57007	-	CP052041.1	4731052	2118316	2118383	45	68	6
scaffold_10	1239786	158263	158308	-	CP052041.1	4731052	4470253	4470298	45	45	6
scaffold_1711	501	211	326	+	CP052041.1	4731052	4719622	4719737	115	115	6
scaffold_48	348853	225	291	+	CP052041.1	4731052	2072703	2072769	46	66	5
scaffold_6	1692318	1603287	1603587	+	CP052041.1	4731052	2065423	2065778	57	355	4
scaffold_39	398046	135285	135369	-	CP052041.1	4731052	2073850	2073934	52	84	4
scaffold_67	184376	76920	77376	+	CP052041.1	4731052	4720561	4721017	73	456	3
scaffold_1604	525	290	375	+	CP052041.1	4731052	108941	109028	42	87	2
scaffold_1301	656	280	656	+	CP052041.1	4731052	2055209	2055585	57	376	2
scaffold_1	2692756	1536781	1537733	+	CP052041.1	4731052	426548	427487	44	952	1
scaffold_1378	616	1	187	-	CP052041.1	4731052	4722356	4722542	41	186	1
scaffold_296	20863	20739	20846	+	CP052041.1	4731052	1343	1450	107	107	0
scaffold_793	2173	4	2158	-	CP052041.1	4731052	3100	5600	256	2519	0
scaffold_55	268656	6	139	+	CP052041.1	4731052	4361	4494	102	133	0
scaffold_1104	822	235	759	+	CP052041.1	4731052	4802	5329	88	528	0
scaffold_760	2448	1845	2429	+	CP052041.1	4731052	5515	6097	222	586	0
scaffold_1203	724	95	651	-	CP052041.1	4731052	6594	7147	246	556	0
scaffold_838	1769	49	1691	-	CP052041.1	4731052	7494	8877	243	1644	0
scaffold_296	20863	20739	20846	+	CP052041.1	4731052	9213	9320	107	107	0
scaffold_793	2173	4	2158	-	CP052041.1	4731052	10970	13470	256	2519	0
scaffold_55	268656	6	139	+	CP052041.1	4731052	12231	12364	102	133	0
scaffold_1104	822	235	759	+	CP052041.1	4731052	12672	13199	88	528	0
scaffold_760	2448	1845	2429	+	CP052041.1	4731052	13385	13967	222	586	0
scaffold_1203	724	95	651	-	CP052041.1	4731052	14464	15017	246	556	0
scaffold_838	1769	49	1691	-	CP052041.1	4731052	15364	16747	243	1644	0
scaffold_296	20863	20739	20846	+	CP052041.1	4731052	17083	17190	107	107	0
scaffold_793	2173	4	2158	-	CP052041.1	4731052	18840	21340	256	2519	0
scaffold_55	268656	6	139	+	CP052041.1	4731052	20101	20234	102	133	0
scaffold_1104	822	235	759	+	CP052041.1	4731052	20542	21069	88	528	0
scaffold_760	2448	1845	2429	+	CP052041.1	4731052	21255	21837	222	586	0
scaffold_1203	724	95	651	-	CP052041.1	4731052	22334	22887	246	556	0
scaffold_838	1769	49	1691	-	CP052041.1	4731052	23234	24618	243	1644	0
scaffold_296	20863	20739	20846	+	CP052041.1	4731052	24953	25060	107	107	0
scaffold_55	268656	6	139	+	CP052041.1	4731052	27971	28104	102	133	0
scaffold_97	105629	101524	102396	+	CP052041.1	4731052	28392	29162	160	875	0
scaffold_71	175185	148481	149301	-	CP052041.1	4731052	28392	29248	141	860	0
scaffold_6	1692318	1654925	1655566	-	CP052041.1	4731052	28579	29227	114	651	0
scaffold_6	1692318	272850	273309	-	CP052041.1	4731052	28789	29193	143	459	0
scaffold_104	98169	43238	43554	+	CP052041.1	4731052	28883	29193	129	319	0
scaffold_30	507731	498712	498904	-	CP052041.1	4731052	29056	29248	147	192	0
scaffold_104	98169	54814	55025	-	CP052041.1	4731052	29059	29266	157	211	0
scaffold_1244	692	558	634	+	CP052041.1	4731052	29172	29248	40	76	0
scaffold_45	358384	236996	237846	-	CP052041.1	4731052	29506	30341	167	851	0
scaffold_11	1212133	236350	237200	-	CP052041.1	4731052	29506	30341	158	851	0
scaffold_11	1212133	197605	198455	-	CP052041.1	4731052	29506	30341	120	851	0
scaffold_11	1212133	1059933	1060081	-	CP052041.1	4731052	29601	29749	98	148	0
scaffold_62	231438	227011	227711	+	CP052041.1	4731052	29656	30341	108	701	0
scaffold_731	2806	2641	2716	-	CP052041.1	4731052	30266	30341	49	75	0
scaffold_347	15918	15866	15908	-	CP052041.1	4731052	30299	30341	42	42	0
scaffold_66	184824	9	51	+	CP052041.1	4731052	30299	30341	42	42	0
scaffold_173	47066	39065	39625	-	CP052041.1	4731052	41181	41657	210	560	0
scaffold_71	175185	11458	11498	-	CP052041.1	4731052	42291	42331	40	40	0
scaffold_11	1212133	52451	53846	-	CP052041.1	4731052	507264	508659	262	1395	0
scaffold_55	268656	75077	75704	+	CP052041.1	4731052	678708	679296	95	627	0
scaffold_1588	528	3	94	+	CP052041.1	4731052	695706	695788	48	91	0
scaffold_154	60446	31449	32259	+	CP052041.1	4731052	1825248	1826051	104	810	0
scaffold_980	1046	24	101	+	CP052041.1	4731052	1882090	1882167	52	77	0
scaffold_220	33416	21652	22507	-	CP052041.1	4731052	2036245	2037110	103	865	0
scaffold_39	398046	141988	142893	-	CP052041.1	4731052	2036245	2037191	115	949	0
scaffold_30	507731	479348	480234	+	CP052041.1	4731052	2036245	2037142	133	898	0
scaffold_12	1155968	718234	719261	+	CP052041.1	4731052	2036245	2037285	161	1041	0
scaffold_131	76605	60811	61843	-	CP052041.1	4731052	2036245	2037285	209	1043	0
scaffold_4	1881388	537581	538414	-	CP052041.1	4731052	2036245	2037074	172	833	0
scaffold_20	777291	781	1740	+	CP052041.1	4731052	2036245	2037202	84	959	0
scaffold_315	18631	16535	17011	-	CP052041.1	4731052	2036811	2037285	66	476	0
scaffold_59	256653	66146	67765	+	CP052041.1	4731052	2037479	2039090	120	1619	0
scaffold_336	17138	3889	4581	-	CP052041.1	4731052	2051360	2052007	92	692	0
scaffold_172	48882	2354	3584	-	CP052041.1	4731052	2055566	2056797	57	1231	0
scaffold_1617	522	110	316	-	CP052041.1	4731052	2058121	2058391	72	270	0
scaffold_44	359581	209792	210312	+	CP052041.1	4731052	2058121	2058712	91	592	0
scaffold_82	143064	117869	118338	+	CP052041.1	4731052	2058609	2059074	97	469	0
scaffold_220	33416	11949	12776	+	CP052041.1	4731052	2058609	2059433	103	827	0
scaffold_62	231438	223175	224211	-	CP052041.1	4731052	2058609	2059641	131	1051	0
scaffold_131	76605	60811	61843	+	CP052041.1	4731052	2058609	2059641	197	1036	0
scaffold_35	440808	254597	255572	-	CP052041.1	4731052	2058667	2059641	140	986	0
scaffold_20	777291	7712	8506	+	CP052041.1	4731052	2058667	2059458	103	795	0
scaffold_35	440808	260319	261279	-	CP052041.1	4731052	2058667	2059619	151	960	0
scaffold_12	1155968	738192	738449	+	CP052041.1	4731052	2058683	2058937	87	257	0
scaffold_9	1406917	474503	475463	-	CP052041.1	4731052	2058693	2059641	87	960	0
scaffold_62	231438	229285	230233	-	CP052041.1	4731052	2058704	2059641	96	949	0
scaffold_220	33416	21675	22507	+	CP052041.1	4731052	2058805	2059641	76	836	0
scaffold_35	440808	273665	275880	+	CP052041.1	4731052	2059378	2061532	168	2297	0
scaffold_32	471417	38139	38850	-	CP052041.1	4731052	2060635	2061345	112	719	0
scaffold_1255	684	179	309	+	CP052041.1	4731052	2060635	2060765	62	130	0
scaffold_12	1155968	738867	739775	-	CP052041.1	4731052	2060681	2061636	139	967	0
scaffold_35	440808	283715	284689	-	CP052041.1	4731052	2060681	2061636	132	974	0
scaffold_6	1692318	273926	274784	-	CP052041.1	4731052	2060681	2061532	126	881	0
scaffold_131	76605	7950	8689	+	CP052041.1	4731052	2060713	2061513	95	800	0
scaffold_11	1212133	202011	202865	+	CP052041.1	4731052	2060713	2061600	131	896	0
scaffold_14	908909	131322	132172	-	CP052041.1	4731052	2060736	2061593	71	857	0
scaffold_66	184824	2732	3662	+	CP052041.1	4731052	2060736	2061636	159	953	0
scaffold_220	33416	24518	25031	+	CP052041.1	4731052	2060999	2061513	76	522	0
scaffold_30	507731	478553	478714	-	CP052041.1	4731052	2061475	2061636	57	161	0
scaffold_1401	605	68	554	+	CP052041.1	4731052	2064554	2065041	95	487	0
scaffold_1402	605	132	555	+	CP052041.1	4731052	2065153	2065562	114	438	0
scaffold_1669	510	44	222	+	CP052041.1	4731052	2068017	2068198	43	181	0
scaffold_371	14652	4676	4773	-	CP052041.1	4731052	2069085	2069181	70	97	0
scaffold_59	256653	67490	70602	-	CP052041.1	4731052	2069427	2072538	151	3119	0
scaffold_67	184376	86001	86945	-	CP052041.1	4731052	2071985	2072922	130	945	0
scaffold_35	440808	254597	255546	+	CP052041.1	4731052	2072929	2073869	152	949	0
scaffold_62	231438	221145	222143	-	CP052041.1	4731052	2072929	2073910	114	998	0
scaffold_30	507731	479348	480253	+	CP052041.1	4731052	2072929	2073828	99	905	0
scaffold_20	777291	781	1740	+	CP052041.1	4731052	2072929	2073869	146	959	0
scaffold_39	398046	145668	146262	+	CP052041.1	4731052	2072929	2073507	100	594	0
scaffold_131	76605	60811	61843	-	CP052041.1	4731052	2072929	2073953	210	1032	0
scaffold_2	2503568	2500189	2501218	+	CP052041.1	4731052	2072943	2073953	257	1029	0
scaffold_10	1239786	169642	170670	-	CP052041.1	4731052	2072943	2073953	238	1029	0
scaffold_12	1155968	714795	715228	-	CP052041.1	4731052	2072967	2073406	128	439	0
scaffold_220	33416	11949	12771	-	CP052041.1	4731052	2073139	2073953	120	822	0
scaffold_1660	512	214	495	-	CP052041.1	4731052	2073218	2073499	68	281	0
scaffold_30	507731	480280	480882	-	CP052041.1	4731052	2073312	2073953	155	649	0
scaffold_315	18631	4915	7158	+	CP052041.1	4731052	2073333	2075615	76	2282	0
scaffold_25	600164	598754	598933	+	CP052041.1	4731052	2073333	2073512	62	179	0
scaffold_2	2503568	2501931	2502502	-	CP052041.1	4731052	2073391	2073953	62	571	0
scaffold_44	359581	180014	180562	+	CP052041.1	4731052	2073413	2073953	81	548	0
scaffold_90	123581	100617	100892	-	CP052041.1	4731052	2075425	2075704	109	279	0
scaffold_35	440808	259310	259574	-	CP052041.1	4731052	2075425	2075634	123	264	0
scaffold_111	88385	71648	71819	-	CP052041.1	4731052	2075514	2075689	78	175	0
scaffold_28	539988	154367	154474	+	CP052041.1	4731052	2235133	2235240	96	107	0
scaffold_1547	538	224	277	+	CP052041.1	4731052	3299565	3299618	53	53	0
scaffold_111	88385	71402	71903	+	CP052041.1	4731052	3607404	3607811	127	501	0
scaffold_150	63801	10866	11947	+	CP052041.1	4731052	3824336	3825406	60	1081	0
scaffold_62	231438	15492	15533	+	CP052041.1	4731052	3942903	3942944	41	41	0
scaffold_22	716055	655684	655905	+	CP052041.1	4731052	4253851	4254075	108	224	0
scaffold_48	348853	18466	18576	+	CP052041.1	4731052	4253965	4254075	85	110	0
scaffold_37	420435	113476	113551	-	CP052041.1	4731052	4254000	4254075	67	75	0
scaffold_14	908909	21501	22752	-	CP052041.1	4731052	4467205	4468458	66	1253	0
scaffold_58	259852	171893	172808	-	CP052041.1	4731052	4469263	4470298	140	1035	0
scaffold_71	175185	148451	149371	-	CP052041.1	4731052	4469298	4470328	191	1030	0
scaffold_111	88385	71405	71589	+	CP052041.1	4731052	4469298	4469485	98	187	0
scaffold_97	105629	101508	102449	+	CP052041.1	4731052	4469364	4470265	139	941	0
scaffold_6	1692318	294420	295228	+	CP052041.1	4731052	4469444	4470343	177	900	0
scaffold_30	507731	477054	477744	+	CP052041.1	4731052	4469560	4470314	120	754	0
scaffold_104	98169	43090	43639	+	CP052041.1	4731052	4469706	4470328	132	622	0
scaffold_104	98169	54832	55064	-	CP052041.1	4731052	4470056	4470298	150	242	0
scaffold_315	18631	6918	7158	-	CP052041.1	4731052	4470075	4470328	109	253	0
scaffold_1657	513	440	513	+	CP052041.1	4731052	4470131	4470204	45	73	0
scaffold_1244	692	558	634	+	CP052041.1	4731052	4470222	4470298	40	76	0
scaffold_85	135051	111249	111365	+	CP052041.1	4731052	4707048	4707164	45	116	0
scaffold_5	1863748	315414	316462	-	CP052041.1	4731052	4717134	4718182	205	1053	0
scaffold_66	184824	2611	3665	-	CP052041.1	4731052	4717134	4718182	112	1055	0
scaffold_62	231438	219409	220480	-	CP052041.1	4731052	4717155	4718165	152	1072	0
scaffold_67	184376	77714	78744	-	CP052041.1	4731052	4717155	4718182	133	1039	0
scaffold_1	2692756	35637	36670	+	CP052041.1	4731052	4717170	4718182	169	1034	0
scaffold_315	18631	5898	6458	-	CP052041.1	4731052	4717170	4717729	90	572	0
scaffold_82	143064	65729	66639	+	CP052041.1	4731052	4717241	4718182	114	982	0
scaffold_12	1155968	727446	728355	+	CP052041.1	4731052	4717241	4718136	57	910	0
scaffold_35	440808	249027	249982	-	CP052041.1	4731052	4717252	4718182	150	995	0
scaffold_131	76605	55536	56372	-	CP052041.1	4731052	4717279	4718118	136	843	0
scaffold_44	359581	209211	210194	+	CP052041.1	4731052	4717279	4718182	94	984	0
scaffold_315	18631	6940	7823	-	CP052041.1	4731052	4717288	4718165	92	884	0
scaffold_175	46490	2422	2770	-	CP052041.1	4731052	4717699	4718060	81	361	0
scaffold_90	123581	31067	31452	+	CP052041.1	4731052	4717710	4718090	76	385	0
scaffold_40	392173	79562	79760	+	CP052041.1	4731052	4717987	4718182	104	199	0
scaffold_131	76605	45374	45578	+	CP052041.1	4731052	4717987	4718182	80	205	0
scaffold_1255	684	159	299	-	CP052041.1	4731052	4718041	4718182	95	141	0
scaffold_28	539988	186840	186949	-	CP052041.1	4731052	4718041	4718151	61	110	0
scaffold_145	69505	66678	66747	-	CP052041.1	4731052	4718081	4718151	69	70	0
scaffold_14	908909	131308	132283	+	CP052041.1	4731052	4718789	4719758	57	975	0
scaffold_315	18631	6954	7839	-	CP052041.1	4731052	4718899	4719737	80	890	0
scaffold_5	1863748	315414	316324	-	CP052041.1	4731052	4718899	4719768	219	910	0
scaffold_6	1692318	273956	274796	+	CP052041.1	4731052	4718899	4719714	121	870	0
scaffold_315	18631	12401	13232	+	CP052041.1	4731052	4718899	4719714	144	831	0
scaffold_67	184376	79833	80598	-	CP052041.1	4731052	4718899	4719696	108	804	0
scaffold_90	123581	30988	31533	+	CP052041.1	4731052	4719231	4719758	104	545	0
scaffold_90	123581	100336	100900	+	CP052041.1	4731052	4719231	4719722	131	564	0
scaffold_12	1155968	731875	732110	+	CP052041.1	4731052	4719310	4719590	57	280	0
scaffold_1262	679	137	462	+	CP052041.1	4731052	4719346	4719661	47	325	0
scaffold_44	359581	168730	169154	+	CP052041.1	4731052	4719355	4719768	129	424	0
scaffold_131	76605	7852	8222	-	CP052041.1	4731052	4719390	4719768	91	378	0
scaffold_145	69505	64502	66773	-	CP052041.1	4731052	4719642	4721704	154	2271	0
scaffold_12	1155968	702189	702305	-	CP052041.1	4731052	4719642	4719758	91	116	0
scaffold_8	1419871	1291751	1291822	+	CP052041.1	4731052	4719651	4719722	46	71	0
scaffold_8	1419871	1291584	1291657	-	CP052041.1	4731052	4719695	4719768	40	73	0
scaffold_32	471417	278710	279658	-	CP052041.1	4731052	4719773	4720721	190	950	0
scaffold_6	1692318	1548735	1549038	+	CP052041.1	4731052	4720034	4720366	113	332	0
scaffold_14	908909	22101	22500	-	CP052041.1	4731052	4720068	4720466	57	399	0
scaffold_137	72425	12902	13188	+	CP052041.1	4731052	4721300	4721579	96	286	0
scaffold_91	120630	106552	106895	-	CP052041.1	4731052	4721300	4721636	87	343	0
scaffold_431	11085	7606	9202	+	CP052041.1	4731052	4721300	4722750	171	1596	0
scaffold_1527	544	15	257	-	CP052041.1	4731052	4721300	4721521	53	242	0
scaffold_150	63801	62346	63795	+	CP052041.1	4731052	4721476	4722945	201	1470	0
scaffold_59	256653	38498	38697	+	CP052041.1	4731052	4721476	4721674	121	199	0
scaffold_26	567511	563363	563506	-	CP052041.1	4731052	4721476	4721619	81	143	0
scaffold_104	98169	91605	91691	-	CP052041.1	4731052	4721476	4721562	86	86	0
scaffold_45	358384	140247	142262	-	CP052041.1	4731052	4721487	4723522	305	2036	0
scaffold_102	100464	92049	93836	+	CP052041.1	4731052	4721496	4723303	267	1807	0
scaffold_20	777291	20457	20579	+	CP052041.1	4731052	4721496	4721619	85	123	0
scaffold_371	14652	4650	4773	+	CP052041.1	4731052	4721496	4721619	65	123	0
scaffold_22	716055	24903	25027	-	CP052041.1	4731052	4721496	4721619	71	124	0
scaffold_9	1406917	460213	460290	+	CP052041.1	4731052	4721502	4721579	77	77	0
scaffold_40	392173	391327	391867	+	CP052041.1	4731052	4721502	4722041	125	540	0
scaffold_82	143064	135810	137809	-	CP052041.1	4731052	4721502	4723522	252	2023	0
scaffold_153	61587	9718	10074	-	CP052041.1	4731052	4725482	4725838	129	356	0
scaffold_90	123581	35592	36216	+	CP052042.1	4523040	11541	12163	425	624	60
scaffold_90	123581	51555	77071	+	CP052042.1	4523040	18235	43990	17390	25894	60
scaffold_90	123581	84244	84619	+	CP052042.1	4523040	43996	44371	155	375	60
scaffold_90	123581	101247	110756	+	CP052042.1	4523040	46828	54817	4902	9513	60
scaffold_90	123581	116908	117751	+	CP052042.1	4523040	55142	55971	554	845	60
scaffold_90	123581	119633	123449	+	CP052042.1	4523040	56033	59864	2438	3832	60
scaffold_119	82364	159	82235	+	CP052042.1	4523040	59907	146766	51642	89168	60
scaffold_28	539988	451268	539801	+	CP052042.1	4523040	146878	238544	54074	94357	60
scaffold_8	1419871	1303126	1419653	-	CP052042.1	4523040	238696	378116	73055	139640	60
scaffold_50	298037	59457	60140	-	CP052042.1	4523040	263641	264325	203	684	60
scaffold_312	19256	13089	13513	-	CP052042.1	4523040	264073	264580	178	507	60
scaffold_471	9110	16	8755	+	CP052042.1	4523040	362807	369960	885	8774	60
scaffold_8	1419871	1302744	1303033	-	CP052042.1	4523040	383758	384047	169	289	60
scaffold_8	1419871	1295474	1302730	-	CP052042.1	4523040	385436	392331	3633	7281	60
scaffold_8	1419871	1288850	1291116	-	CP052042.1	4523040	399174	401449	1361	2277	60
scaffold_1240	696	3	685	+	CP052042.1	4523040	401315	401997	602	682	60
scaffold_8	1419871	1243921	1288476	-	CP052042.1	4523040	413355	461886	26519	48568	60
scaffold_106	94230	84706	86182	-	CP052042.1	4523040	413590	415129	215	1539	60
scaffold_8	1419871	1151379	1218715	-	CP052042.1	4523040	461886	520571	38848	67452	60
scaffold_8	1419871	885221	1143604	-	CP052042.1	4523040	523985	783008	183457	261281	60
scaffold_1111	810	92	216	+	CP052042.1	4523040	526864	526989	80	125	60
scaffold_51	297976	101247	104937	+	CP052042.1	4523040	714096	717883	138	3790	60
scaffold_1522	549	13	543	+	CP052042.1	4523040	719893	720423	488	530	60
scaffold_8	1419871	825971	879404	-	CP052042.1	4523040	788016	838225	34466	53546	60
scaffold_8	1419871	815458	818712	-	CP052042.1	4523040	839329	842588	1795	3264	60
scaffold_8	1419871	808550	809260	-	CP052042.1	4523040	843034	843745	187	711	60
scaffold_8	1419871	741847	805854	-	CP052042.1	4523040	844915	908894	33300	64623	60
scaffold_8	1419871	297	748944	-	CP052042.1	4523040	902649	1656547	627494	756538	60
scaffold_1642	517	17	445	-	CP052042.1	4523040	916588	917020	159	432	60
scaffold_13	1103368	499701	1103345	-	CP052042.1	4523040	1656553	2260097	517165	606780	60
scaffold_88	125722	56864	59201	-	CP052042.1	4523040	2236857	2239191	152	2337	60
scaffold_61	235649	198778	201121	-	CP052042.1	4523040	2236857	2239191	255	2343	60
scaffold_13	1103368	487456	488791	+	CP052042.1	4523040	2276107	2277475	431	1369	60
scaffold_13	1103368	488900	492235	+	CP052042.1	4523040	2301407	2304678	975	3358	60
scaffold_13	1103368	38447	487628	-	CP052042.1	4523040	2305017	2752495	389523	450254	60
scaffold_1264	676	17	674	-	CP052042.1	4523040	2752865	2753414	426	657	60
scaffold_1610	523	182	514	+	CP052042.1	4523040	2759955	2760285	165	332	60
scaffold_1423	594	23	589	-	CP052042.1	4523040	2775092	2775656	287	566	60
scaffold_25	600164	125	598650	-	CP052042.1	4523040	2787290	3384898	500610	599466	60
scaffold_126	79365	11588	13476	+	CP052042.1	4523040	3003941	3006051	427	2125	60
scaffold_1528	544	18	535	+	CP052042.1	4523040	3139555	3140072	495	517	60
scaffold_1123	798	13	788	+	CP052042.1	4523040	3190185	3190960	710	775	60
scaffold_11	1212133	1060975	1211626	-	CP052042.1	4523040	3384898	3534849	128617	150979	60
scaffold_82	143064	78970	79249	+	CP052042.1	4523040	3534930	3535134	183	279	60
scaffold_26	567511	332122	332320	-	CP052042.1	4523040	3534930	3535134	135	205	60
scaffold_35	440808	243556	243693	-	CP052042.1	4523040	3534998	3535120	81	137	60
scaffold_11	1212133	557441	1059422	-	CP052042.1	4523040	3535156	4039244	404077	507392	60
scaffold_1178	741	115	724	+	CP052042.1	4523040	3740087	3740696	96	609	60
scaffold_11	1212133	433250	551933	-	CP052042.1	4523040	4041379	4158522	72816	119635	60
scaffold_1515	552	2	536	-	CP052042.1	4523040	4156098	4156632	484	534	60
scaffold_11	1212133	405941	422933	-	CP052042.1	4523040	4161325	4177923	10586	17035	60
scaffold_11	1212133	387268	394501	-	CP052042.1	4523040	4185354	4192609	4988	7265	60
scaffold_75	154281	107189	129964	-	CP052042.1	4523040	4198128	4218251	3709	22822	60
scaffold_1101	826	8	822	+	CP052042.1	4523040	4199391	4200205	631	814	60
scaffold_11	1212133	324582	366758	-	CP052042.1	4523040	4221143	4263316	29380	42237	60
scaffold_11	1212133	282919	285570	-	CP052042.1	4523040	4263790	4266456	642	2666	60
scaffold_11	1212133	318248	319093	+	CP052042.1	4523040	4266693	4267483	162	845	60
scaffold_11	1212133	319363	324182	+	CP052042.1	4523040	4269075	4276714	1049	7640	60
scaffold_11	1212133	312856	314654	-	CP052042.1	4523040	4278880	4280681	574	1801	60
scaffold_11	1212133	311717	312244	-	CP052042.1	4523040	4287465	4287992	178	527	60
scaffold_11	1212133	309369	309666	-	CP052042.1	4523040	4288606	4288903	120	297	60
scaffold_11	1212133	254495	282587	-	CP052042.1	4523040	4291355	4310732	11111	28500	60
scaffold_11	1212133	253903	254465	-	CP052042.1	4523040	4313568	4314126	349	564	60
scaffold_11	1212133	251334	252586	-	CP052042.1	4523040	4314186	4315440	715	1254	60
scaffold_11	1212133	212441	247994	-	CP052042.1	4523040	4315458	4346112	19380	35704	60
scaffold_11	1212133	122980	193851	-	CP052042.1	4523040	4352210	4410046	33522	71115	60
scaffold_1417	596	451	580	-	CP052042.1	4523040	4443994	4444123	112	129	60
scaffold_104	98169	648	1629	+	CP052042.1	4523040	4463809	4464794	152	985	60
scaffold_45	358384	47833	48242	-	CP052042.1	4523040	4464959	4465367	104	409	60
scaffold_26	567511	565613	567487	+	CP052042.1	4523040	4465987	4467877	238	1890	60
scaffold_35	440808	250163	252024	+	CP052042.1	4523040	4469191	4471091	253	1916	60
scaffold_110	91422	72582	73696	-	CP052042.1	4523040	4477143	4478237	306	1114	60
scaffold_51	297976	213028	213792	-	CP052042.1	4523040	4477491	4478237	263	766	60
scaffold_77	149510	111521	112133	+	CP052042.1	4523040	4499837	4500449	118	612	60
scaffold_129	76929	38837	42119	+	CP052042.1	4523040	4509709	4512986	254	3308	60
scaffold_371	14652	489	3319	-	CP052042.1	4523040	4510589	4513410	139	2833	60
scaffold_90	123581	1473	7280	-	CP052042.1	4523040	4510711	4516457	619	5839	60
scaffold_77	149510	115497	117108	+	CP052042.1	4523040	4511367	4512968	202	1611	60
scaffold_4	1881388	1598894	1599905	-	CP052042.1	4523040	14283	15294	143	1011	55
scaffold_1503	556	5	544	-	CP052042.1	4523040	4470116	4470655	158	539	55
scaffold_13	1103368	492417	494021	-	CP052042.1	4523040	2271278	2272947	96	1669	53
scaffold_39	398046	131796	132504	+	CP052042.1	4523040	2755993	2756656	92	708	53
scaffold_5	1863748	16955	17183	+	CP052042.1	4523040	3534930	3535137	180	228	53
scaffold_106	94230	78396	79316	+	CP052042.1	4523040	334092	335022	95	931	51
scaffold_44	359581	209093	209230	+	CP052042.1	4523040	2262654	2262779	82	137	51
scaffold_1664	511	13	505	-	CP052042.1	4523040	4464520	4465012	171	492	51
scaffold_21	738175	33706	33936	-	CP052042.1	4523040	3534905	3535134	168	230	50
scaffold_55	268656	18759	20225	+	CP052042.1	4523040	14283	15749	132	1466	49
scaffold_35	440808	245867	248529	+	CP052042.1	4523040	256887	259610	398	2729	49
scaffold_10	1239786	1151830	1152167	+	CP052042.1	4523040	593632	593969	154	337	49
scaffold_287	21903	17924	18366	+	CP052042.1	4523040	4477491	4477935	89	444	49
scaffold_104	98169	41997	43639	-	CP052042.1	4523040	45099	46725	174	1642	47
scaffold_4	1881388	506731	508138	+	CP052042.1	4523040	4462561	4463986	95	1436	47
scaffold_1486	563	192	502	-	CP052042.1	4523040	2767199	2767509	84	310	46
scaffold_48	348853	152473	155406	+	CP052042.1	4523040	4460989	4464055	282	3068	45
scaffold_101	101313	23542	23688	-	CP052042.1	4523040	60516	60663	79	147	43
scaffold_58	259852	171979	172428	+	CP052042.1	4523040	162061	162497	93	449	43
scaffold_11	1212133	109307	111047	+	CP052042.1	4523040	4463563	4465303	243	1741	42
scaffold_1169	746	530	682	+	CP052042.1	4523040	1928117	1928278	78	161	41
scaffold_10	1239786	146054	146359	+	CP052042.1	4523040	4502753	4503058	68	305	41
scaffold_39	398046	132633	132703	+	CP052042.1	4523040	593808	593878	70	70	40
scaffold_336	17138	3881	4587	-	CP052042.1	4523040	2754599	2755349	223	750	40
scaffold_22	716055	24986	25110	+	CP052042.1	4523040	4459287	4459412	63	125	38
scaffold_77	149510	72716	72779	+	CP052042.1	4523040	2843895	2843958	63	63	37
scaffold_1427	591	247	529	+	CP052042.1	4523040	2768702	2768984	168	282	36
scaffold_91	120630	106964	107442	+	CP052042.1	4523040	4444570	4445048	160	479	36
scaffold_1540	540	9	507	+	CP052042.1	4523040	4469163	4469661	147	498	36
scaffold_45	358384	126354	131062	+	CP052042.1	4523040	4465674	4470247	689	4725	35
scaffold_312	19256	6098	6481	+	CP052042.1	4523040	4498496	4498858	81	383	35
scaffold_137	72425	9285	10465	-	CP052042.1	4523040	4501154	4502337	133	1184	35
scaffold_111	88385	71388	71567	-	CP052042.1	4523040	45927	46115	133	188	34
scaffold_283	22139	2347	2847	-	CP052042.1	4523040	4460441	4460942	95	501	33
scaffold_50	298037	228773	229250	+	CP052042.1	4523040	4503260	4503737	118	477	33
scaffold_145	69505	64449	64755	+	CP052042.1	4523040	264020	264325	165	306	32
scaffold_61	235649	161128	162697	-	CP052042.1	4523040	677319	678889	76	1573	32
scaffold_11	1212133	196042	196345	+	CP052042.1	4523040	3984995	3985304	189	309	32
scaffold_1718	501	154	293	+	CP052042.1	4523040	4451704	4451843	65	139	32
scaffold_59	256653	40075	44241	-	CP052042.1	4523040	256930	260915	678	4175	31
scaffold_1549	537	170	494	+	CP052042.1	4523040	4450291	4450615	102	324	29
scaffold_4	1881388	521586	521933	-	CP052042.1	4523040	2754294	2754664	69	370	28
scaffold_1179	741	330	678	-	CP052042.1	4523040	3584228	3584651	77	423	28
scaffold_12	1155968	725121	725206	+	CP052042.1	4523040	2262253	2262338	60	85	27
scaffold_44	359581	179871	180344	-	CP052042.1	4523040	2756771	2757203	125	473	27
scaffold_1381	613	17	372	+	CP052042.1	4523040	4451859	4452214	97	355	27
scaffold_11	1212133	1059551	1059823	+	CP052042.1	4523040	3985034	3985304	168	274	26
scaffold_1088	845	27	813	+	CP052042.1	4523040	4460807	4461593	212	786	26
scaffold_102	100464	99451	100069	-	CP052042.1	4523040	14994	15612	101	618	24
scaffold_1119	804	34	342	-	CP052042.1	4523040	1477800	1478108	63	308	24
scaffold_220	33416	21074	21417	-	CP052042.1	4523040	2756775	2757118	63	343	24
scaffold_80	143857	57502	60563	-	CP052042.1	4523040	3003800	3006942	1344	3142	24
scaffold_1651	515	61	296	-	CP052042.1	4523040	3208058	3208293	64	235	24
scaffold_59	256653	80253	81092	-	CP052042.1	4523040	256473	257337	107	864	23
scaffold_336	17138	14707	16761	-	CP052042.1	4523040	256853	258914	365	2061	23
scaffold_61	235649	141513	141899	-	CP052042.1	4523040	678754	679140	62	386	23
scaffold_144	69844	16288	16758	-	CP052042.1	4523040	4239817	4240286	62	470	23
scaffold_12	1155968	702948	703733	-	CP052042.1	4523040	2781287	2782079	246	801	22
scaffold_21	738175	55571	55757	-	CP052042.1	4523040	4498467	4498652	155	186	22
scaffold_62	231438	223215	223500	-	CP052042.1	4523040	2757565	2757850	112	285	20
scaffold_50	298037	255026	255708	-	CP052042.1	4523040	2765459	2766143	88	685	20
scaffold_9	1406917	460213	460339	-	CP052042.1	4523040	264149	264276	96	127	19
scaffold_39	398046	136935	137518	-	CP052042.1	4523040	2262663	2263256	62	607	19
scaffold_220	33416	20972	21327	-	CP052042.1	4523040	2772728	2773087	63	359	19
scaffold_220	33416	24453	25012	-	CP052042.1	4523040	2779133	2779687	102	582	19
scaffold_35	440808	263101	263159	+	CP052042.1	4523040	3984995	3985053	58	58	19
scaffold_71	175185	97151	97787	-	CP052042.1	4523040	4462656	4463292	149	636	19
scaffold_137	72425	13062	13188	-	CP052042.1	4523040	4474266	4474392	111	126	19
scaffold_143	70430	66286	67671	-	CP052042.1	4523040	4452346	4453739	215	1393	17
scaffold_45	358384	38085	40188	-	CP052042.1	4523040	4454960	4457005	148	2103	16
scaffold_10	1239786	149742	152462	+	CP052042.1	4523040	4460860	4463582	262	2722	16
scaffold_96	109087	78269	78517	-	CP052042.1	4523040	4498545	4498850	86	305	16
scaffold_1713	501	449	499	+	CP052042.1	4523040	2571070	2571120	50	50	15
scaffold_10	1239786	1115441	1115703	+	CP052042.1	4523040	2781677	2781939	70	262	15
scaffold_45	358384	55620	56739	+	CP052042.1	4523040	4490159	4491263	76	1119	15
scaffold_104	98169	9727	9823	-	CP052042.1	4523040	44968	45064	57	96	14
scaffold_106	94230	73541	73874	+	CP052042.1	4523040	333741	334074	57	333	14
scaffold_62	231438	230214	230304	+	CP052042.1	4523040	2262264	2262354	57	90	14
scaffold_75	154281	53951	54822	-	CP052042.1	4523040	4207884	4208755	57	871	14
scaffold_85	135051	111686	111876	+	CP052042.1	4523040	4498467	4498655	52	190	14
scaffold_1494	559	13	391	+	CP052042.1	4523040	258428	258806	235	378	13
scaffold_1398	606	492	590	-	CP052042.1	4523040	259361	259459	56	98	13
scaffold_106	94230	87572	87970	+	CP052042.1	4523040	341150	341538	57	398	13
scaffold_11	1212133	1059907	1060255	-	CP052042.1	4523040	593622	593969	114	348	13
scaffold_12	1155968	712535	712900	-	CP052042.1	4523040	2770066	2770481	114	415	13
scaffold_1688	507	78	431	+	CP052042.1	4523040	3451468	3451811	57	353	13
scaffold_682	3492	160	2809	-	CP052042.1	4523040	4466684	4469334	509	2650	13
scaffold_1322	645	9	598	-	CP052042.1	4523040	4470936	4471525	120	589	13
scaffold_10	1239786	143431	143507	+	CP052042.1	4523040	593658	593733	54	76	12
scaffold_4	1881388	531037	531136	+	CP052042.1	4523040	3984995	3985094	65	99	12
scaffold_106	94230	83179	83235	+	CP052042.1	4523040	337207	337263	49	56	11
scaffold_59	256653	79747	80021	-	CP052042.1	4523040	4464985	4465300	58	315	11
scaffold_110	91422	63679	64487	-	CP052042.1	4523040	486077	486910	57	833	10
scaffold_42	372282	370758	370987	+	CP052042.1	4523040	2786374	2786585	57	229	10
scaffold_1073	861	20	442	-	CP052042.1	4523040	3313431	3313825	57	422	10
scaffold_5	1863748	317974	318822	-	CP052042.1	4523040	4490088	4490936	197	848	10
scaffold_50	298037	228348	228685	-	CP052042.1	4523040	4498478	4498858	84	381	10
scaffold_33	455355	435966	437106	+	CP052042.1	4523040	4499388	4500509	57	1140	10
scaffold_1025	920	331	431	-	CP052042.1	4523040	898767	898872	51	105	9
scaffold_336	17138	602	3992	-	CP052042.1	4523040	2261584	2265095	74	3511	9
scaffold_97	105629	101204	101393	-	CP052042.1	4523040	4469801	4469987	50	189	9
scaffold_22	716055	24903	25070	+	CP052042.1	4523040	264158	264325	108	167	8
scaffold_9	1406917	475433	475508	+	CP052042.1	4523040	2262264	2262339	49	75	8
scaffold_4	1881388	538336	538414	+	CP052042.1	4523040	2282712	2282790	60	78	8
scaffold_131	76605	36096	36166	-	CP052042.1	4523040	2772462	2772532	49	70	8
scaffold_67	184376	69102	76878	-	CP052042.1	4523040	256777	264302	797	7783	6
scaffold_145	69505	61743	62106	+	CP052042.1	4523040	262876	263239	47	363	6
scaffold_4	1881388	501422	501507	-	CP052042.1	4523040	593632	593717	50	85	6
scaffold_210	35262	6426	6481	-	CP052042.1	4523040	1206520	1206575	45	55	6
scaffold_104	98169	38583	38883	+	CP052042.1	4523040	2781748	2782076	57	328	6
scaffold_45	358384	236931	236993	-	CP052042.1	4523040	3535072	3535134	47	62	6
scaffold_212	35064	7180	7318	-	CP052042.1	4523040	4498467	4498605	108	138	6
scaffold_1	2692756	200758	202526	+	CP052042.1	4523040	14198	15966	374	1768	5
scaffold_58	259852	172168	172797	+	CP052042.1	4523040	45407	46122	142	720	5
scaffold_104	98169	63476	63602	+	CP052042.1	4523040	256809	256936	85	127	5
scaffold_1710	501	391	484	-	CP052042.1	4523040	1024220	1024313	45	93	5
scaffold_220	33416	4488	4566	-	CP052042.1	4523040	2282712	2282790	46	78	5
scaffold_137	72425	60434	68252	+	CP052042.1	4523040	256853	264580	769	7907	4
scaffold_1590	528	56	169	+	CP052042.1	4523040	1255642	1255755	44	113	4
scaffold_12	1155968	740772	740849	-	CP052042.1	4523040	2772905	2772982	44	77	4
scaffold_1	2692756	99854	104416	+	CP052042.1	4523040	4449578	4454143	526	4575	4
scaffold_1	2692756	204365	210032	+	CP052042.1	4523040	4465674	4471338	667	5668	4
scaffold_111	88385	68710	70161	+	CP052042.1	4523040	4502903	4504052	189	1452	4
scaffold_4	1881388	537183	537226	+	CP052042.1	4523040	2300865	2300908	43	43	3
scaffold_59	256653	216252	216361	-	CP052042.1	4523040	46448	46559	57	111	2
scaffold_35	440808	262566	262608	+	CP052042.1	4523040	60587	60629	42	42	2
scaffold_9	1406917	460131	460290	-	CP052042.1	4523040	256853	257013	115	160	2
scaffold_2	2503568	2254965	2255007	-	CP052042.1	4523040	808425	808467	42	42	2
scaffold_39	398046	128495	132065	-	CP052042.1	4523040	2781233	2784756	135	3611	2
scaffold_45	358384	75367	75593	-	CP052042.1	4523040	4449548	4449773	104	226	2
scaffold_50	298037	24234	24382	+	CP052042.1	4523040	60471	60618	41	148	1
scaffold_431	11085	7800	10304	-	CP052042.1	4523040	261990	264291	208	2505	1
scaffold_186	43089	5922	5968	-	CP052042.1	4523040	1123227	1123273	41	46	1
scaffold_1669	510	170	247	-	CP052042.1	4523040	2262132	2262209	58	77	1
scaffold_82	143064	135759	135849	+	CP052042.1	4523040	2766053	2766143	41	90	1
scaffold_44	359581	175646	175705	-	CP052042.1	4523040	2772462	2772521	51	59	1
scaffold_90	123581	31057	31533	-	CP052042.1	4523040	2781243	2781706	109	476	1
scaffold_45	358384	308530	312754	+	CP052042.1	4523040	4460991	4465303	404	4315	1
scaffold_67	184376	9296	9427	-	CP052042.1	4523040	4481687	4481819	41	132	1
scaffold_4	1881388	1863430	1863574	-	CP052042.1	4523040	4498478	4498620	69	144	1
scaffold_172	48882	15372	15467	-	CP052042.1	4523040	4498560	4498655	41	95	1
scaffold_40	392173	210544	210613	+	CP052042.1	4523040	4498586	4498655	41	69	1
scaffold_33	455355	447727	448335	+	CP052042.1	4523040	4500684	4501292	184	608	1
scaffold_153	61587	9718	10074	+	CP052042.1	4523040	5104	5460	129	356	0
scaffold_153	61587	9718	10074	+	CP052042.1	4523040	10317	10673	129	356	0
scaffold_48	348853	346219	346475	+	CP052042.1	4523040	14295	14551	59	256	0
scaffold_429	11191	214	652	-	CP052042.1	4523040	14493	14931	57	438	0
scaffold_60	240913	107336	107585	-	CP052042.1	4523040	14532	14781	61	249	0
scaffold_4	1881388	1596840	1597333	-	CP052042.1	4523040	15473	15966	133	493	0
scaffold_71	175185	148451	149374	+	CP052042.1	4523040	45099	46101	191	1006	0
scaffold_6	1692318	294382	295212	-	CP052042.1	4523040	45099	45984	152	888	0
scaffold_35	440808	259329	259633	-	CP052042.1	4523040	45099	45348	150	304	0
scaffold_39	398046	118635	118988	+	CP052042.1	4523040	45099	45426	122	353	0
scaffold_315	18631	6918	7158	+	CP052042.1	4523040	45099	45348	107	249	0
scaffold_40	392173	142060	142251	-	CP052042.1	4523040	45121	45308	79	191	0
scaffold_6	1692318	1549944	1550183	-	CP052042.1	4523040	45172	45426	104	254	0
scaffold_91	120630	112926	113176	-	CP052042.1	4523040	46448	46691	87	250	0
scaffold_22	716055	24961	25070	-	CP052042.1	4523040	46599	46708	71	109	0
scaffold_104	98169	91547	91714	-	CP052042.1	4523040	46599	46764	112	167	0
scaffold_145	69505	64588	64755	-	CP052042.1	4523040	46599	46764	90	167	0
scaffold_137	72425	13062	13188	+	CP052042.1	4523040	46599	46725	95	126	0
scaffold_20	777291	20457	20589	+	CP052042.1	4523040	46642	46774	85	132	0
scaffold_371	14652	4650	4783	+	CP052042.1	4523040	46642	46774	65	133	0
scaffold_9	1406917	460213	460290	+	CP052042.1	4523040	46648	46725	77	77	0
scaffold_149	65637	61298	61440	-	CP052042.1	4523040	46648	46789	53	142	0
scaffold_16	897138	320	691	+	CP052042.1	4523040	60036	60407	42	371	0
scaffold_877	1508	801	888	+	CP052042.1	4523040	60576	60663	61	87	0
scaffold_86	130972	18616	18692	-	CP052042.1	4523040	60587	60663	50	76	0
scaffold_315	18631	6918	7158	+	CP052042.1	4523040	161945	162190	100	245	0
scaffold_71	175185	148451	148753	+	CP052042.1	4523040	161945	162262	120	325	0
scaffold_6	1692318	294899	295212	-	CP052042.1	4523040	161945	162262	116	324	0
scaffold_30	507731	477439	477723	-	CP052042.1	4523040	161980	162262	100	286	0
scaffold_104	98169	54866	55117	+	CP052042.1	4523040	162009	162262	148	261	0
scaffold_111	88385	71756	71903	-	CP052042.1	4523040	162009	162152	112	147	0
scaffold_42	372282	370873	370970	-	CP052042.1	4523040	256531	256628	74	97	0
scaffold_68	182924	75320	82848	+	CP052042.1	4523040	256783	264302	653	7613	0
scaffold_20	777291	20457	20589	-	CP052042.1	4523040	256802	256936	85	134	0
scaffold_371	14652	4650	4783	-	CP052042.1	4523040	256802	256936	65	134	0
scaffold_129	76929	43456	49710	+	CP052042.1	4523040	256802	263004	623	6295	0
scaffold_68	182924	67229	68678	+	CP052042.1	4523040	256802	258290	113	1488	0
scaffold_45	358384	126287	130644	+	CP052042.1	4523040	256802	260967	545	4394	0
scaffold_145	69505	64623	64755	+	CP052042.1	4523040	256847	256979	77	132	0
scaffold_50	298037	166238	170151	-	CP052042.1	4523040	256847	260816	506	4064	0
scaffold_137	72425	12912	13188	-	CP052042.1	4523040	256853	257140	95	287	0
scaffold_50	298037	158655	166002	+	CP052042.1	4523040	256853	264282	732	7480	0
scaffold_185	43118	1089	6135	-	CP052042.1	4523040	256853	261799	600	5058	0
scaffold_48	348853	329536	331573	+	CP052042.1	4523040	256870	258945	417	2075	0
scaffold_104	98169	91605	91714	+	CP052042.1	4523040	256870	256979	85	109	0
scaffold_22	716055	24961	25070	+	CP052042.1	4523040	256870	256979	71	109	0
scaffold_39	398046	146984	154298	+	CP052042.1	4523040	256887	264325	499	7585	0
scaffold_30	507731	444195	449320	+	CP052042.1	4523040	256903	261939	152	5129	0
scaffold_111	88385	12052	19445	-	CP052042.1	4523040	256911	264325	659	7508	0
scaffold_315	18631	11330	11908	+	CP052042.1	4523040	257913	258502	98	589	0
scaffold_26	567511	566460	567161	+	CP052042.1	4523040	258082	258783	251	701	0
scaffold_2	2503568	2501300	2501549	+	CP052042.1	4523040	258352	258603	65	251	0
scaffold_10	1239786	1224811	1226581	+	CP052042.1	4523040	258398	260075	237	1770	0
scaffold_1619	521	207	506	-	CP052042.1	4523040	259947	260246	96	299	0
scaffold_102	100464	92007	96279	-	CP052042.1	4523040	259985	264325	275	4347	0
scaffold_66	184824	198	1696	+	CP052042.1	4523040	261565	263033	95	1529	0
scaffold_97	105629	90774	93249	-	CP052042.1	4523040	261737	264252	110	2525	0
scaffold_1322	645	284	586	-	CP052042.1	4523040	262090	262392	95	302	0
scaffold_150	63801	62346	63786	-	CP052042.1	4523040	262789	264302	195	1514	0
scaffold_61	235649	96840	97266	-	CP052042.1	4523040	263886	264325	109	439	0
scaffold_77	149510	95017	95253	-	CP052042.1	4523040	264065	264302	107	237	0
scaffold_129	76929	58966	59188	+	CP052042.1	4523040	264103	264325	127	222	0
scaffold_371	14652	4650	4773	-	CP052042.1	4523040	264158	264282	65	124	0
scaffold_26	567511	563363	563506	+	CP052042.1	4523040	264158	264302	81	144	0
scaffold_20	777291	20457	20579	-	CP052042.1	4523040	264158	264282	85	124	0
scaffold_137	72425	13062	13188	-	CP052042.1	4523040	264199	264325	96	126	0
scaffold_104	98169	91605	91714	+	CP052042.1	4523040	264216	264325	105	109	0
scaffold_20	777291	4749	5053	-	CP052042.1	4523040	593575	593878	85	304	0
scaffold_1126	792	611	677	+	CP052042.1	4523040	605961	606027	49	66	0
scaffold_1126	792	611	677	-	CP052042.1	4523040	606298	606364	49	66	0
scaffold_1588	528	3	94	+	CP052042.1	4523040	1300946	1301028	48	91	0
scaffold_980	1046	24	101	+	CP052042.1	4523040	1505446	1505523	52	77	0
scaffold_99	104861	85385	86253	+	CP052042.1	4523040	1725457	1726391	135	934	0
scaffold_90	123581	107530	107590	-	CP052042.1	4523040	2262654	2262714	52	60	0
scaffold_315	18631	5898	6467	-	CP052042.1	4523040	2262654	2263256	92	602	0
scaffold_131	76605	55918	56462	-	CP052042.1	4523040	2262670	2263256	148	591	0
scaffold_66	184824	3501	3609	-	CP052042.1	4523040	2262683	2262779	51	108	0
scaffold_4	1881388	535032	535116	-	CP052042.1	4523040	2262695	2262779	57	84	0
scaffold_131	76605	8351	8689	-	CP052042.1	4523040	2262741	2263188	105	452	0
scaffold_1279	668	390	458	+	CP052042.1	4523040	2262741	2262809	57	68	0
scaffold_5	1863748	21166	21606	-	CP052042.1	4523040	2262741	2263240	124	518	0
scaffold_67	184376	79852	80731	-	CP052042.1	4523040	2265060	2265883	112	884	0
scaffold_5	1863748	315414	316450	-	CP052042.1	4523040	2265067	2265974	210	1036	0
scaffold_12	1155968	702055	702143	-	CP052042.1	4523040	2265095	2265183	40	88	0
scaffold_82	143064	65674	66639	+	CP052042.1	4523040	2265111	2265974	116	965	0
scaffold_32	471417	37905	38824	+	CP052042.1	4523040	2265111	2265928	139	931	0
scaffold_11	1212133	201913	202848	-	CP052042.1	4523040	2265111	2265974	114	935	0
scaffold_39	398046	136496	137483	-	CP052042.1	4523040	2265126	2265974	136	987	0
scaffold_131	76605	7852	8706	-	CP052042.1	4523040	2265164	2265974	120	854	0
scaffold_39	398046	131248	132065	+	CP052042.1	4523040	2265210	2265974	115	817	0
scaffold_12	1155968	736450	736965	-	CP052042.1	4523040	2265483	2265974	129	515	0
scaffold_40	392173	110342	110773	-	CP052042.1	4523040	2265508	2265942	101	434	0
scaffold_44	359581	209991	210194	+	CP052042.1	4523040	2265771	2265974	78	203	0
scaffold_122	81337	48393	48512	+	CP052042.1	4523040	2265809	2265928	71	119	0
scaffold_42	372282	369763	369855	+	CP052042.1	4523040	2282566	2282658	41	92	0
scaffold_1402	605	73	126	-	CP052042.1	4523040	2299624	2299677	48	53	0
scaffold_1401	605	68	592	-	CP052042.1	4523040	2754268	2754775	95	524	0
scaffold_1402	605	250	585	+	CP052042.1	4523040	2754363	2754728	145	389	0
scaffold_1427	591	75	523	-	CP052042.1	4523040	2754679	2755181	150	502	0
scaffold_1402	605	73	134	+	CP052042.1	4523040	2755287	2755349	46	62	0
scaffold_2	2503568	2501943	2502231	+	CP052042.1	4523040	2756565	2756852	57	288	0
scaffold_25	600164	599596	599869	+	CP052042.1	4523040	2756609	2756918	57	309	0
scaffold_30	507731	480350	480845	+	CP052042.1	4523040	2756623	2757165	163	542	0
scaffold_12	1155968	701133	701418	-	CP052042.1	4523040	2756833	2757118	92	285	0
scaffold_20	777291	8015	8506	+	CP052042.1	4523040	2756914	2757699	142	785	0
scaffold_111	88385	8836	9088	+	CP052042.1	4523040	2756949	2757203	92	254	0
scaffold_25	600164	598747	598928	-	CP052042.1	4523040	2757007	2757188	65	181	0
scaffold_9	1406917	459933	460537	-	CP052042.1	4523040	2757093	2757699	81	606	0
scaffold_315	18631	4273	4569	+	CP052042.1	4523040	2757553	2757850	76	297	0
scaffold_20	777291	21445	21603	+	CP052042.1	4523040	2757619	2757788	93	169	0
scaffold_336	17138	3973	4508	+	CP052042.1	4523040	2758676	2759238	85	562	0
scaffold_2	2503568	2499838	2500138	+	CP052042.1	4523040	2761997	2762294	50	300	0
scaffold_50	298037	166285	168950	-	CP052042.1	4523040	2761997	2764674	301	2678	0
scaffold_9	1406917	460213	462113	-	CP052042.1	4523040	2767762	2769594	94	1900	0
scaffold_61	235649	95856	96250	+	CP052042.1	4523040	2767941	2768335	57	394	0
scaffold_9	1406917	477697	478087	+	CP052042.1	4523040	2767945	2768335	40	390	0
scaffold_336	17138	13546	13681	-	CP052042.1	4523040	2768383	2768518	92	135	0
scaffold_35	440808	274059	274681	+	CP052042.1	4523040	2768475	2769107	164	633	0
scaffold_1402	605	279	585	-	CP052042.1	4523040	2768929	2769273	121	345	0
scaffold_77	149510	95037	95232	-	CP052042.1	4523040	2769405	2769600	116	195	0
scaffold_42	372282	370758	371082	-	CP052042.1	4523040	2769422	2769727	76	324	0
scaffold_91	120630	106563	106735	+	CP052042.1	4523040	2769471	2769643	76	172	0
scaffold_104	98169	91547	91714	+	CP052042.1	4523040	2769477	2769643	87	167	0
scaffold_145	69505	64588	64755	+	CP052042.1	4523040	2769477	2769643	90	167	0
scaffold_61	235649	82754	82835	-	CP052042.1	4523040	2769489	2769570	58	81	0
scaffold_137	72425	13062	13188	-	CP052042.1	4523040	2769517	2769643	77	126	0
scaffold_12	1155968	738243	738855	-	CP052042.1	4523040	2769850	2770462	95	613	0
scaffold_220	33416	21660	22030	-	CP052042.1	4523040	2770032	2770403	72	371	0
scaffold_336	17138	12707	13030	-	CP052042.1	4523040	2770048	2770388	85	340	0
scaffold_25	600164	598861	599076	+	CP052042.1	4523040	2770066	2770281	66	215	0
scaffold_44	359581	180041	180562	+	CP052042.1	4523040	2770066	2770587	77	521	0
scaffold_30	507731	480280	480754	-	CP052042.1	4523040	2770066	2770587	116	521	0
scaffold_5	1863748	317111	317478	+	CP052042.1	4523040	2770114	2770481	91	367	0
scaffold_12	1155968	742803	743182	+	CP052042.1	4523040	2770208	2770587	95	379	0
scaffold_25	600164	599646	599883	-	CP052042.1	4523040	2770208	2770481	57	273	0
scaffold_2	2503568	2501931	2502149	-	CP052042.1	4523040	2770369	2770587	57	218	0
scaffold_25	600164	599564	599643	+	CP052042.1	4523040	2772442	2772521	57	79	0
scaffold_2	2503568	2501961	2502045	+	CP052042.1	4523040	2772448	2772532	49	84	0
scaffold_5	1863748	25956	26224	+	CP052042.1	4523040	2772940	2773208	93	268	0
scaffold_35	440808	274059	274551	-	CP052042.1	4523040	2773605	2774111	126	515	0
scaffold_5	1863748	315424	316459	-	CP052042.1	4523040	2779003	2779991	250	1075	0
scaffold_66	184824	2665	3662	-	CP052042.1	4523040	2779003	2779947	133	1012	0
scaffold_12	1155968	738867	739787	+	CP052042.1	4523040	2779003	2779947	120	946	0
scaffold_14	908909	131322	132293	+	CP052042.1	4523040	2779046	2780001	86	1004	0
scaffold_11	1212133	201992	202858	-	CP052042.1	4523040	2779046	2779922	115	886	0
scaffold_6	1692318	273956	274855	+	CP052042.1	4523040	2779126	2780006	172	921	0
scaffold_6	1692318	271712	272462	-	CP052042.1	4523040	2779133	2779947	125	818	0
scaffold_5	1863748	20703	21587	-	CP052042.1	4523040	2779133	2779947	109	884	0
scaffold_175	46490	2422	2770	-	CP052042.1	4523040	2779516	2779880	82	365	0
scaffold_1262	679	146	448	+	CP052042.1	4523040	2779571	2779880	52	309	0
scaffold_39	398046	136496	137219	+	CP052042.1	4523040	2781233	2781958	158	728	0
scaffold_1255	684	159	299	+	CP052042.1	4523040	2781233	2781373	71	140	0
scaffold_45	358384	268086	269000	-	CP052042.1	4523040	2781233	2782079	144	914	0
scaffold_30	507731	442122	442838	-	CP052042.1	4523040	2781233	2781939	99	716	0
scaffold_131	76605	7852	8660	+	CP052042.1	4523040	2781233	2782079	135	851	0
scaffold_12	1155968	736450	736980	+	CP052042.1	4523040	2781233	2781761	97	530	0
scaffold_66	184824	2611	3026	+	CP052042.1	4523040	2781233	2781651	104	418	0
scaffold_44	359581	168132	169154	-	CP052042.1	4523040	2781233	2782197	150	1022	0
scaffold_8	1419871	1291584	1291657	+	CP052042.1	4523040	2781233	2781306	40	73	0
scaffold_131	76605	55483	56414	+	CP052042.1	4523040	2781243	2782131	156	933	0
scaffold_5	1863748	20703	21577	+	CP052042.1	4523040	2781287	2782079	114	874	0
scaffold_32	471417	37992	38816	-	CP052042.1	4523040	2781287	2782079	145	824	0
scaffold_62	231438	219446	220123	+	CP052042.1	4523040	2781287	2781896	137	677	0
scaffold_1262	679	146	462	-	CP052042.1	4523040	2781340	2781651	52	316	0
scaffold_6	1692318	296488	296954	-	CP052042.1	4523040	2781505	2781958	95	466	0
scaffold_9	1406917	475321	475463	-	CP052042.1	4523040	2784737	2784879	71	142	0
scaffold_33	455355	419758	419849	-	CP052042.1	4523040	2786494	2786585	76	91	0
scaffold_61	235649	82754	82835	+	CP052042.1	4523040	2786532	2786613	57	81	0
scaffold_9	1406917	474580	474743	-	CP052042.1	4523040	2786692	2786853	69	163	0
scaffold_20	777291	795	1022	-	CP052042.1	4523040	2786692	2786916	88	227	0
scaffold_37	420435	333411	333523	+	CP052042.1	4523040	2786973	2787085	88	112	0
scaffold_149	65637	18	68	+	CP052042.1	4523040	2787010	2787060	49	50	0
scaffold_2	2503568	2503500	2503550	-	CP052042.1	4523040	2787010	2787060	49	50	0
scaffold_28	539988	154367	154462	-	CP052042.1	4523040	2826070	2826165	64	95	0
scaffold_37	420435	333411	333523	-	CP052042.1	4523040	3534905	3535017	106	112	0
scaffold_116	84153	84000	84135	+	CP052042.1	4523040	3534930	3535066	124	136	0
scaffold_75	154281	154118	154254	+	CP052042.1	4523040	3534930	3535066	121	136	0
scaffold_2	2503568	2503500	2503564	+	CP052042.1	4523040	3534930	3534994	64	64	0
scaffold_315	18631	18561	18625	+	CP052042.1	4523040	3534930	3534994	64	64	0
scaffold_3	2381582	49	185	-	CP052042.1	4523040	3534930	3535066	118	136	0
scaffold_315	18631	45	181	-	CP052042.1	4523040	3534930	3535066	112	136	0
scaffold_5	1863748	362002	362138	-	CP052042.1	4523040	3534930	3535066	136	136	0
scaffold_149	65637	4	68	-	CP052042.1	4523040	3534930	3534994	64	64	0
scaffold_11	1212133	198387	198523	-	CP052042.1	4523040	3534930	3535066	118	136	0
scaffold_11	1212133	1059561	1059840	+	CP052042.1	4523040	3534930	3535137	159	279	0
scaffold_11	1212133	196091	196359	+	CP052042.1	4523040	3534930	3535134	171	268	0
scaffold_4	1881388	531223	531359	+	CP052042.1	4523040	3534930	3535066	136	136	0
scaffold_111	88385	69433	69648	+	CP052042.1	4523040	3534941	3535134	129	215	0
scaffold_101	101313	78459	78550	+	CP052042.1	4523040	3534975	3535066	67	91	0
scaffold_66	184824	54	119	+	CP052042.1	4523040	3535072	3535137	50	65	0
scaffold_347	15918	15798	15863	-	CP052042.1	4523040	3535072	3535137	50	65	0
scaffold_5	1863748	361802	362187	-	CP052042.1	4523040	3984995	3985252	146	386	0
scaffold_149	65637	4	117	-	CP052042.1	4523040	3984995	3985108	79	113	0
scaffold_315	18631	18512	18625	+	CP052042.1	4523040	3984995	3985108	79	113	0
scaffold_12	1155968	729544	729590	-	CP052042.1	4523040	3984995	3985041	46	46	0
scaffold_2	2503568	2503451	2503564	+	CP052042.1	4523040	3984995	3985108	79	113	0
scaffold_336	17138	9	122	-	CP052042.1	4523040	3984995	3985108	79	113	0
scaffold_62	231438	226744	226923	+	CP052042.1	4523040	3984995	3985175	98	180	0
scaffold_116	84153	83951	84135	+	CP052042.1	4523040	3984995	3985181	104	186	0
scaffold_37	420435	333336	333539	-	CP052042.1	4523040	3985003	3985207	133	204	0
scaffold_111	88385	69412	69552	+	CP052042.1	4523040	3985034	3985175	76	141	0
scaffold_101	101313	78459	78574	+	CP052042.1	4523040	3985089	3985205	68	116	0
scaffold_20	777291	4097	4306	-	CP052042.1	4523040	3985089	3985304	114	215	0
scaffold_66	184824	9	51	+	CP052042.1	4523040	3985210	3985252	42	42	0
scaffold_347	15918	15866	15908	-	CP052042.1	4523040	3985210	3985252	42	42	0
scaffold_111	88385	71745	71882	+	CP052042.1	4523040	4301138	4301275	114	137	0
scaffold_149	65637	61298	61448	+	CP052042.1	4523040	4444150	4444300	46	150	0
scaffold_431	11085	793	5469	+	CP052042.1	4523040	4444169	4448918	559	4759	0
scaffold_59	256653	66309	70860	-	CP052042.1	4523040	4444265	4448894	411	4646	0
scaffold_50	298037	166285	170095	-	CP052042.1	4523040	4444265	4448063	392	3817	0
scaffold_32	471417	275399	277600	+	CP052042.1	4523040	4444271	4446469	277	2201	0
scaffold_682	3492	196	2763	-	CP052042.1	4523040	4445400	4447730	504	2567	0
scaffold_1170	745	629	730	+	CP052042.1	4523040	4446290	4446391	44	101	0
scaffold_1540	540	9	539	+	CP052042.1	4523040	4447595	4448125	109	530	0
scaffold_45	358384	48816	53719	-	CP052042.1	4523040	4449507	4454414	515	4918	0
scaffold_40	392173	110843	117960	+	CP052042.1	4523040	4449513	4456486	443	7120	0
scaffold_48	348853	54762	62222	-	CP052042.1	4523040	4449535	4456863	725	7472	0
scaffold_1	2692756	81201	85822	+	CP052042.1	4523040	4449535	4454163	371	4629	0
scaffold_82	143064	119302	119709	-	CP052042.1	4523040	4449550	4449955	95	407	0
scaffold_45	358384	75512	82612	-	CP052042.1	4523040	4449578	4456993	520	7448	0
scaffold_6	1692318	1553117	1559683	-	CP052042.1	4523040	4449803	4456200	532	6578	0
scaffold_67	184376	58696	63115	-	CP052042.1	4523040	4450720	4455064	443	4422	0
scaffold_71	175185	103045	108991	+	CP052042.1	4523040	4451181	4456993	498	5949	0
scaffold_1490	561	65	507	+	CP052042.1	4523040	4451807	4452250	87	443	0
scaffold_1708	502	209	491	+	CP052042.1	4523040	4452083	4452365	89	282	0
scaffold_16	897138	1071	2103	+	CP052042.1	4523040	4452096	4453130	125	1034	0
scaffold_91	120630	113399	114054	-	CP052042.1	4523040	4453501	4454156	115	655	0
scaffold_4	1881388	538844	539335	+	CP052042.1	4523040	4458467	4458959	164	492	0
scaffold_42	372282	359515	359675	+	CP052042.1	4523040	4459168	4459328	60	160	0
scaffold_137	72425	12902	13257	-	CP052042.1	4523040	4459176	4459531	86	355	0
scaffold_2	2503568	2498671	2498809	+	CP052042.1	4523040	4459176	4459314	58	138	0
scaffold_1527	544	15	257	+	CP052042.1	4523040	4459303	4459531	53	242	0
scaffold_1625	520	317	368	+	CP052042.1	4523040	4459632	4459683	51	51	0
scaffold_1349	630	80	126	-	CP052042.1	4523040	4459642	4459688	46	46	0
scaffold_26	567511	556660	560986	+	CP052042.1	4523040	4459669	4463994	523	4326	0
scaffold_45	358384	40276	45668	-	CP052042.1	4523040	4459914	4465331	546	5420	0
scaffold_10	1239786	1231907	1234837	-	CP052042.1	4523040	4460680	4463610	273	2931	0
scaffold_82	143064	115180	117432	+	CP052042.1	4523040	4461742	4463994	127	2252	0
scaffold_11	1212133	237366	239371	+	CP052042.1	4523040	4462016	4464020	171	2005	0
scaffold_67	184376	34763	36854	-	CP052042.1	4523040	4462026	4464116	140	2091	0
scaffold_1626	520	17	511	-	CP052042.1	4523040	4462277	4462770	122	494	0
scaffold_48	348853	155251	157802	+	CP052042.1	4523040	4462751	4465300	282	2551	0
scaffold_91	120630	117711	118653	+	CP052042.1	4523040	4463078	4464020	179	942	0
scaffold_11	1212133	199312	201403	+	CP052042.1	4523040	4463078	4465265	153	2191	0
scaffold_145	69505	67827	67993	+	CP052042.1	4523040	4463078	4463244	46	166	0
scaffold_40	392173	144984	146286	+	CP052042.1	4523040	4463975	4465277	165	1303	0
scaffold_1700	504	128	503	-	CP052042.1	4523040	4464959	4465331	86	375	0
scaffold_28	539988	193209	193304	-	CP052042.1	4523040	4465170	4465265	71	95	0
scaffold_9	1406917	460213	460349	-	CP052042.1	4523040	4465597	4465734	89	137	0
scaffold_45	358384	133275	138981	-	CP052042.1	4523040	4465597	4471091	689	5729	0
scaffold_104	98169	91605	91714	+	CP052042.1	4523040	4465674	4465783	79	109	0
scaffold_50	298037	166297	170128	-	CP052042.1	4523040	4465674	4469619	358	4112	0
scaffold_22	716055	24961	25070	+	CP052042.1	4523040	4465674	4465783	65	109	0
scaffold_122	81337	49744	49996	+	CP052042.1	4523040	4465691	4465978	81	287	0
scaffold_129	76929	43556	48803	+	CP052042.1	4523040	4465707	4470955	616	5265	0
scaffold_59	256653	65680	70860	-	CP052042.1	4523040	4465707	4471091	405	5387	0
scaffold_82	143064	128957	137809	+	CP052042.1	4523040	4465707	4474343	642	9115	0
scaffold_30	507731	20905	26530	-	CP052042.1	4523040	4465713	4471299	804	5626	0
scaffold_111	88385	13863	19445	-	CP052042.1	4523040	4465715	4471299	588	5585	0
scaffold_67	184376	71309	75503	-	CP052042.1	4523040	4466844	4470955	567	4195	0
scaffold_14	908909	26924	31426	-	CP052042.1	4523040	4466844	4471338	552	4503	0
scaffold_10	1239786	1224841	1226275	+	CP052042.1	4523040	4467196	4468630	260	1434	0
scaffold_670	3704	11	2520	+	CP052042.1	4523040	4468042	4470552	363	2510	0
scaffold_1143	774	139	747	+	CP052042.1	4523040	4468969	4469577	214	608	0
scaffold_149	65637	62221	63555	+	CP052042.1	4523040	4468991	4470325	287	1334	0
scaffold_1331	639	112	541	+	CP052042.1	4523040	4469266	4469695	122	429	0
scaffold_91	120630	107477	107668	+	CP052042.1	4523040	4469796	4469987	77	191	0
scaffold_315	18631	6918	7158	+	CP052042.1	4523040	4471565	4471814	90	249	0
scaffold_104	98169	43413	43639	-	CP052042.1	4523040	4471565	4471787	132	226	0
scaffold_30	507731	498745	498950	+	CP052042.1	4523040	4471628	4471833	140	205	0
scaffold_1	2692756	89224	90086	-	CP052042.1	4523040	4471638	4472593	322	970	0
scaffold_111	88385	71800	71882	-	CP052042.1	4523040	4471650	4471732	72	82	0
scaffold_104	98169	54887	55064	+	CP052042.1	4523040	4471650	4471833	110	187	0
scaffold_111	88385	71405	71490	-	CP052042.1	4523040	4472508	4472593	67	85	0
scaffold_61	235649	96840	98064	-	CP052042.1	4523040	4473225	4474392	114	1228	0
scaffold_145	69505	65843	66218	+	CP052042.1	4523040	4473531	4473906	76	375	0
scaffold_145	69505	64479	64755	+	CP052042.1	4523040	4474117	4474392	135	276	0
scaffold_77	149510	95017	95253	-	CP052042.1	4523040	4474132	4474369	107	237	0
scaffold_30	507731	17259	17458	-	CP052042.1	4523040	4474170	4474369	119	200	0
scaffold_1	2692756	30021	30200	+	CP052042.1	4523040	4474212	4474392	114	180	0
scaffold_104	98169	91534	91714	+	CP052042.1	4523040	4474212	4474392	107	180	0
scaffold_91	120630	106563	106735	+	CP052042.1	4523040	4474219	4474392	76	173	0
scaffold_137	72425	60271	60329	-	CP052042.1	4523040	4474300	4474358	58	58	0
scaffold_111	88385	10401	11679	+	CP052042.1	4523040	4489898	4491161	84	1278	0
scaffold_71	175185	145110	145946	+	CP052042.1	4523040	4490142	4490978	69	836	0
scaffold_328	17820	4129	10243	+	CP052042.1	4523040	4491496	4497609	5523	6114	0
scaffold_45	358384	229133	229547	+	CP052042.1	4523040	4498467	4498858	129	414	0
scaffold_1041	905	636	794	+	CP052042.1	4523040	4498496	4498655	60	159	0
scaffold_144	69844	55537	55635	+	CP052042.1	4523040	4498496	4498593	59	98	0
scaffold_75	154281	102271	102612	-	CP052042.1	4523040	4498496	4498854	80	358	0
scaffold_101	101313	101139	101208	+	CP052042.1	4523040	4500684	4500753	55	69	0
scaffold_731	2806	57	507	-	CP052042.1	4523040	4500684	4501083	122	450	0
scaffold_111	88385	87894	88307	+	CP052042.1	4523040	4500684	4501083	130	414	0
scaffold_297	20811	20689	20758	+	CP052042.1	4523040	4500684	4500753	55	69	0
scaffold_297	20811	20257	20480	+	CP052042.1	4523040	4500684	4500929	92	245	0
scaffold_115	86240	40	473	-	CP052042.1	4523040	4500701	4501083	109	451	0
scaffold_1099	827	96	196	+	CP052042.1	4523040	4501064	4501164	54	100	0
scaffold_287	21903	9203	9470	-	CP052042.1	4523040	4501064	4501331	98	267	0
scaffold_71	175185	99836	100480	-	CP052042.1	4523040	4502652	4503288	109	644	0
scaffold_59	256653	76268	77471	+	CP052042.1	4523040	4502839	4504036	127	1203	0
scaffold_91	120630	112044	112377	-	CP052042.1	4523040	4503037	4503370	99	333	0
scaffold_71	175185	148006	148386	+	CP052042.1	4523040	4503672	4504052	54	380	0
scaffold_431	11085	226	756	+	CP052042.1	4523040	4516026	4516574	170	549	0
scaffold_106	94230	47989	48327	-	CP052042.1	4523040	4516026	4516415	63	389	0
scaffold_153	61587	9718	10074	-	CP052042.1	4523040	4517528	4517884	129	356	0
scaffold_71	175185	11712	97029	-	CP052043.1	4300638	22526	108752	67071	87694	60
scaffold_63	225848	171544	174511	-	CP052043.1	4300638	32107	35111	466	3004	60
scaffold_71	175185	2210	4437	-	CP052043.1	4300638	111831	114110	1757	2279	60
scaffold_11	1212133	40189	41282	+	CP052043.1	4300638	116783	117876	912	1093	60
scaffold_11	1212133	47269	51843	+	CP052043.1	4300638	117877	122443	3551	4579	60
scaffold_249	26889	11662	13264	-	CP052043.1	4300638	120348	121947	568	1602	60
scaffold_531	7038	1	1073	-	CP052043.1	4300638	122544	123667	630	1127	60
scaffold_453	9981	1	1126	-	CP052043.1	4300638	122544	123667	801	1125	60
scaffold_1166	750	6	747	+	CP052043.1	4300638	123547	124287	563	741	60
scaffold_101	101313	32467	33699	-	CP052043.1	4300638	124059	125308	372	1262	60
scaffold_11	1212133	10	39983	+	CP052043.1	4300638	124173	170828	33328	47040	60
scaffold_1356	626	17	619	-	CP052043.1	4300638	124486	125088	454	602	60
scaffold_71	175185	174977	175180	-	CP052043.1	4300638	127380	127583	196	203	60
scaffold_753	2541	787	2062	+	CP052043.1	4300638	135118	136382	309	1291	60
scaffold_249	26889	25077	26412	-	CP052043.1	4300638	136885	138186	431	1380	60
scaffold_71	175185	165180	169402	-	CP052043.1	4300638	142381	147091	650	4710	60
scaffold_101	101313	35769	36718	-	CP052043.1	4300638	150191	151098	177	951	60
scaffold_68	182924	151558	152741	+	CP052043.1	4300638	150544	151763	266	1220	60
scaffold_212	35064	14212	14515	-	CP052043.1	4300638	153183	153488	103	305	60
scaffold_85	135051	128319	131035	+	CP052043.1	4300638	158908	161612	1580	2718	60
scaffold_21	738175	44982	46983	+	CP052043.1	4300638	173170	175180	175	2011	60
scaffold_11	1212133	107882	109028	+	CP052043.1	4300638	173928	175074	179	1157	60
scaffold_71	175185	151095	152324	-	CP052043.1	4300638	173941	175180	180	1240	60
scaffold_131	76605	9536	15841	+	CP052043.1	4300638	180300	186516	3118	6306	60
scaffold_131	76605	46682	50794	+	CP052043.1	4300638	189478	193647	2936	4170	60
scaffold_131	76605	54315	54788	+	CP052043.1	4300638	193722	194195	237	473	60
scaffold_50	298037	137097	144424	+	CP052043.1	4300638	194291	201975	565	7692	60
scaffold_40	392173	109314	110112	-	CP052043.1	4300638	194310	195105	195	798	60
scaffold_9	1406917	462997	470378	+	CP052043.1	4300638	194310	201962	389	7682	60
scaffold_1394	607	8	572	-	CP052043.1	4300638	200882	201446	358	564	60
scaffold_9	1406917	480227	481224	-	CP052043.1	4300638	201899	202859	129	997	60
scaffold_131	76605	60582	60805	+	CP052043.1	4300638	202086	202309	112	223	60
scaffold_131	76605	63980	76478	+	CP052043.1	4300638	210611	223109	9451	12536	60
scaffold_80	143857	17895	22642	-	CP052043.1	4300638	217305	222180	663	4935	60
scaffold_173	47066	14825	19393	+	CP052043.1	4300638	217718	222299	534	4643	60
scaffold_30	507731	504852	507600	-	CP052043.1	4300638	223119	225868	1588	2751	60
scaffold_30	507731	498003	498635	-	CP052043.1	4300638	225936	226571	112	635	60
scaffold_30	507731	489907	497962	-	CP052043.1	4300638	234392	242389	5470	8090	60
scaffold_30	507731	488935	489217	-	CP052043.1	4300638	244170	244452	111	282	60
scaffold_30	507731	398184	441009	-	CP052043.1	4300638	246203	288575	25237	43248	60
scaffold_99	104861	37732	38528	-	CP052043.1	4300638	255682	256481	181	800	60
scaffold_30	507731	298471	394475	-	CP052043.1	4300638	294035	401353	52981	112779	60
scaffold_1205	721	13	539	-	CP052043.1	4300638	332447	332973	489	526	60
scaffold_1029	918	34	838	-	CP052043.1	4300638	434038	434842	120	804	60
scaffold_1	2692756	110907	112099	+	CP052043.1	4300638	450971	452175	124	1204	60
scaffold_6	1692318	261164	262428	+	CP052043.1	4300638	452995	454271	170	1291	60
scaffold_220	33416	25239	26424	-	CP052043.1	4300638	452995	454167	184	1188	60
scaffold_30	507731	224193	297656	-	CP052043.1	4300638	466412	548141	41730	82959	60
scaffold_22	716055	245787	255303	+	CP052043.1	4300638	515574	525109	1589	9583	60
scaffold_30	507731	27342	214936	-	CP052043.1	4300638	551287	747177	101920	202550	60
scaffold_1693	506	45	435	+	CP052043.1	4300638	585243	585587	116	424	60
scaffold_1616	522	75	512	+	CP052043.1	4300638	603264	603701	298	437	60
scaffold_1291	661	4	657	+	CP052043.1	4300638	710608	711253	449	653	60
scaffold_30	507731	14832	15708	-	CP052043.1	4300638	749636	750509	103	876	60
scaffold_30	507731	387	11878	-	CP052043.1	4300638	751701	763118	5611	11569	60
scaffold_382	13855	252	13808	+	CP052043.1	4300638	764476	777845	6363	13584	60
scaffold_1686	507	54	486	+	CP052043.1	4300638	772715	773147	180	432	60
scaffold_66	184824	3943	154646	-	CP052043.1	4300638	778013	928310	123478	151171	60
scaffold_12	1155968	718336	725162	+	CP052043.1	4300638	937064	943744	191	6827	60
scaffold_1328	642	1	595	+	CP052043.1	4300638	939785	940456	438	683	60
scaffold_35	440808	283733	286151	+	CP052043.1	4300638	961354	963609	152	2440	60
scaffold_1242	695	225	671	-	CP052043.1	4300638	961417	961863	398	446	60
scaffold_1290	662	128	647	+	CP052043.1	4300638	963126	963645	407	519	60
scaffold_5	1863748	26538	33092	+	CP052043.1	4300638	965085	971602	4767	6554	60
scaffold_5	1863748	33877	314305	+	CP052043.1	4300638	975829	1254576	236782	280888	60
scaffold_126	79365	39416	40352	-	CP052043.1	4300638	1096254	1097260	168	1006	60
scaffold_5	1863748	351588	399154	-	CP052043.1	4300638	1254603	1298873	37534	47645	60
scaffold_5	1863748	320162	322981	+	CP052043.1	4300638	1299096	1301908	902	2825	60
scaffold_5	1863748	324445	351176	+	CP052043.1	4300638	1307987	1335000	20961	27052	60
scaffold_6	1692318	263038	263508	+	CP052043.1	4300638	1335704	1336183	103	479	60
scaffold_5	1863748	403575	1861542	+	CP052043.1	4300638	1341478	2798163	1240779	1463833	60
scaffold_427	11379	162	1579	+	CP052043.1	4300638	1616921	1618338	907	1417	60
scaffold_18	791344	229752	791197	-	CP052043.1	4300638	2798190	3359159	477164	562638	60
scaffold_18	791344	172538	221188	-	CP052043.1	4300638	3363072	3411735	39787	48721	60
scaffold_18	791344	222520	229590	+	CP052043.1	4300638	3411778	3418426	2056	7191	60
scaffold_18	791344	58093	162033	-	CP052043.1	4300638	3418558	3522875	68162	104784	60
scaffold_18	791344	55977	57593	+	CP052043.1	4300638	3525482	3527095	1003	1616	60
scaffold_18	791344	149	45741	-	CP052043.1	4300638	3534494	3584821	26514	50756	60
scaffold_58	259852	127	121035	+	CP052043.1	4300638	3584831	3692200	72989	123551	60
scaffold_55	268656	232917	233031	+	CP052043.1	4300638	3685612	3685726	114	114	60
scaffold_58	259852	122676	160470	+	CP052043.1	4300638	3692305	3744227	22556	52031	60
scaffold_58	259852	164545	252800	+	CP052043.1	4300638	3751706	3841920	64463	91585	60
scaffold_169	51120	49280	50727	+	CP052043.1	4300638	3784051	3785506	175	1473	60
scaffold_85	135051	10	2876	-	CP052043.1	4300638	3785317	3788186	246	2870	60
scaffold_133	76283	17008	24563	-	CP052043.1	4300638	3785487	3793044	1000	7558	60
scaffold_1433	589	62	540	+	CP052043.1	4300638	3789311	3789789	190	478	60
scaffold_181	44073	41962	43799	-	CP052043.1	4300638	3791551	3793387	288	1837	60
scaffold_1581	529	41	337	+	CP052043.1	4300638	3792110	3792406	109	296	60
scaffold_58	259852	255563	258760	+	CP052043.1	4300638	3845332	3847773	922	3198	60
scaffold_32	471417	291313	469073	-	CP052043.1	4300638	3848169	4025551	114758	179065	60
scaffold_32	471417	260473	275232	-	CP052043.1	4300638	4029127	4044093	9419	15193	60
scaffold_45	358384	171115	172411	-	CP052043.1	4300638	4029507	4030812	839	1305	60
scaffold_32	471417	199293	253063	-	CP052043.1	4300638	4061543	4116399	29086	58262	60
scaffold_32	471417	195479	196195	-	CP052043.1	4300638	4117384	4118100	415	716	60
scaffold_32	471417	55833	185006	-	CP052043.1	4300638	4118112	4242716	86777	129789	60
scaffold_32	471417	42534	44768	-	CP052043.1	4300638	4242757	4245294	1648	2544	60
scaffold_111	88385	21647	58266	+	CP052043.1	4300638	4245457	4276479	18406	37389	60
scaffold_187	42170	33958	37405	+	CP052043.1	4300638	4286251	4289696	1370	3447	60
scaffold_111	88385	59568	63332	-	CP052043.1	4300638	4286527	4290291	2589	3769	60
scaffold_131	76605	61918	62020	+	CP052043.1	4300638	202372	202474	89	102	59
scaffold_71	175185	6549	6803	-	CP052043.1	4300638	111519	111775	86	256	57
scaffold_12	1155968	711479	712362	+	CP052043.1	4300638	1335573	1336395	149	883	57
scaffold_1577	530	28	103	-	CP052043.1	4300638	3537340	3537415	75	75	56
scaffold_133	76283	50796	51185	+	CP052043.1	4300638	720341	720691	92	389	54
scaffold_169	51120	23893	24283	-	CP052043.1	4300638	720341	720691	92	390	54
scaffold_45	358384	267569	267814	-	CP052043.1	4300638	943513	943758	83	245	54
scaffold_107	93315	1620	2425	+	CP052043.1	4300638	152670	153473	95	805	52
scaffold_18	791344	54515	55290	-	CP052043.1	4300638	3527544	3528318	95	775	52
scaffold_1369	621	166	578	-	CP052043.1	4300638	409385	409797	151	412	51
scaffold_137	72425	13336	14299	-	CP052043.1	4300638	453022	454042	137	1025	51
scaffold_169	51120	17020	17467	-	CP052043.1	4300638	4227796	4228240	78	447	50
scaffold_35	440808	267519	268765	+	CP052043.1	4300638	452995	454280	161	1286	49
scaffold_32	471417	279999	280649	+	CP052043.1	4300638	4266700	4267337	111	650	49
scaffold_5	1863748	26162	26281	-	CP052043.1	4300638	937157	937277	84	120	47
scaffold_1204	722	54	661	+	CP052043.1	4300638	3788298	3788905	72	607	45
scaffold_20	777291	5748	8506	-	CP052043.1	4300638	940940	943744	79	2804	42
scaffold_101	101313	34473	35228	-	CP052043.1	4300638	152740	153494	97	756	41
scaffold_67	184376	78835	79364	+	CP052043.1	4300638	4293644	4294159	153	529	41
scaffold_39	398046	143225	143416	+	CP052043.1	4300638	937001	937203	77	202	40
scaffold_6	1692318	275064	275293	+	CP052043.1	4300638	943603	943830	120	229	36
scaffold_20	777291	15049	17293	-	CP052043.1	4300638	961417	963609	328	2262	35
scaffold_25	600164	599564	599933	-	CP052043.1	4300638	963264	963669	98	405	35
scaffold_35	440808	259655	259771	-	CP052043.1	4300638	13422	13538	68	116	34
scaffold_1260	681	63	485	+	CP052043.1	4300638	2237185	2237615	69	430	33
scaffold_83	140534	1472	2074	+	CP052043.1	4300638	250563	251165	76	602	32
scaffold_6	1692318	259888	260453	+	CP052043.1	4300638	939358	939893	131	568	32
scaffold_156	59460	38020	38788	+	CP052043.1	4300638	4233169	4233934	76	768	32
scaffold_1396	606	468	600	+	CP052043.1	4300638	943684	943816	103	132	31
scaffold_5	1863748	8406	9069	-	CP052043.1	4300638	952459	952981	175	663	31
scaffold_137	72425	14866	14959	-	CP052043.1	4300638	13474	13567	67	93	30
scaffold_1413	598	403	489	-	CP052043.1	4300638	1118611	1118697	63	86	30
scaffold_67	184376	79852	80731	-	CP052043.1	4300638	4266362	4267269	203	907	29
scaffold_28	539988	186844	187003	-	CP052043.1	4300638	4293343	4293500	98	159	28
scaffold_1618	522	67	454	+	CP052043.1	4300638	1968350	1968748	71	398	27
scaffold_272	24052	1455	9064	+	CP052043.1	4300638	402370	409774	302	7647	26
scaffold_80	143857	22817	23092	-	CP052043.1	4300638	213766	214031	66	275	24
scaffold_59	256653	137776	138058	+	CP052043.1	4300638	720341	720624	81	283	24
scaffold_5	1863748	25793	26181	-	CP052043.1	4300638	942064	942454	71	390	24
scaffold_5	1863748	25938	26224	-	CP052043.1	4300638	962902	963188	114	286	24
scaffold_1060	877	4	875	-	CP052043.1	4300638	408568	409438	266	871	22
scaffold_39	398046	128784	129429	-	CP052043.1	4300638	1335704	1336361	141	658	22
scaffold_4	1881388	1859576	1859657	-	CP052043.1	4300638	226696	226777	55	81	21
scaffold_71	175185	148067	148313	-	CP052043.1	4300638	233064	233310	60	246	21
scaffold_131	76605	37447	37702	-	CP052043.1	4300638	429675	429930	60	255	21
scaffold_32	471417	275311	275431	-	CP052043.1	4300638	720556	720676	60	120	21
scaffold_356	15572	15372	15427	+	CP052043.1	4300638	1616809	1616864	55	55	21
scaffold_40	392173	63055	63485	-	CP052043.1	4300638	429675	430105	58	430	20
scaffold_1	2692756	202788	203142	+	CP052043.1	4300638	440281	440669	90	389	19
scaffold_315	18631	13666	14672	+	CP052043.1	4300638	453036	454042	91	1009	19
scaffold_35	440808	259310	259633	+	CP052043.1	4300638	963846	964114	165	323	19
scaffold_90	123581	100204	100892	+	CP052043.1	4300638	1335743	1336377	155	693	19
scaffold_28	539988	193114	193237	+	CP052043.1	4300638	234009	234132	52	123	18
scaffold_12	1155968	703714	703792	+	CP052043.1	4300638	964036	964114	56	78	18
scaffold_21	738175	60768	60934	+	CP052043.1	4300638	1336254	1336421	110	167	18
scaffold_67	184376	87399	87613	-	CP052043.1	4300638	454020	454258	60	238	16
scaffold_66	184824	2665	3327	-	CP052043.1	4300638	1335704	1336377	171	673	16
scaffold_220	33416	12655	17717	-	CP052043.1	4300638	937001	942106	99	5106	15
scaffold_30	507731	455481	455591	-	CP052043.1	4300638	13428	13538	57	110	14
scaffold_32	471417	279542	279701	+	CP052043.1	4300638	194388	194547	114	159	14
scaffold_907	1333	112	1322	+	CP052043.1	4300638	946145	947370	576	1227	14
scaffold_39	398046	125274	125353	-	CP052043.1	4300638	954124	954203	57	79	14
scaffold_5	1863748	33689	33842	+	CP052043.1	4300638	973645	973798	57	153	14
scaffold_1311	651	538	590	+	CP052043.1	4300638	3788853	3788905	52	52	14
scaffold_10	1239786	1237824	1238022	-	CP052043.1	4300638	210065	210263	87	198	13
scaffold_50	298037	144383	144514	-	CP052043.1	4300638	234009	234140	60	131	13
scaffold_6	1692318	1559861	1560014	+	CP052043.1	4300638	402356	402509	59	153	13
scaffold_14	908909	188649	189081	-	CP052043.1	4300638	3750799	3751222	57	432	13
scaffold_175	46490	9618	9947	-	CP052043.1	4300638	720347	720676	139	329	12
scaffold_1052	884	249	798	+	CP052043.1	4300638	937215	937726	203	550	12
scaffold_1698	504	101	215	+	CP052043.1	4300638	156378	156492	49	114	11
scaffold_10	1239786	1198424	1198801	-	CP052043.1	4300638	13215	13567	57	377	10
scaffold_1674	509	133	188	+	CP052043.1	4300638	34534	34589	52	55	10
scaffold_71	175185	164511	164735	-	CP052043.1	4300638	172009	172236	51	227	10
scaffold_122	81337	25961	27332	+	CP052043.1	4300638	232769	234163	83	1394	10
scaffold_5	1863748	401059	401259	+	CP052043.1	4300638	452995	453195	57	213	10
scaffold_1465	569	164	504	-	CP052043.1	4300638	1011878	1012242	57	364	10
scaffold_12	1155968	712429	712504	-	CP052043.1	4300638	1336532	1336608	52	76	10
scaffold_41	384429	364795	364843	+	CP052043.1	4300638	3473633	3473681	48	48	10
scaffold_71	175185	11000	11057	-	CP052043.1	4300638	111391	111448	47	57	9
scaffold_129	76929	1071	1309	-	CP052043.1	4300638	402159	402389	52	238	9
scaffold_15	906157	870404	870467	+	CP052043.1	4300638	3558278	3558341	47	63	9
scaffold_1300	656	543	643	-	CP052043.1	4300638	3787496	3787596	47	100	9
scaffold_32	471417	143693	144086	-	CP052043.1	4300638	4260516	4260931	59	415	9
scaffold_32	471417	22584	25481	+	CP052043.1	4300638	4290592	4293535	78	2943	9
scaffold_96	109087	91842	92030	+	CP052043.1	4300638	119927	120127	58	200	8
scaffold_10	1239786	173016	174262	-	CP052043.1	4300638	452808	454042	149	1250	8
scaffold_10	1239786	1223151	1224328	-	CP052043.1	4300638	452879	454042	70	1177	8
scaffold_4	1881388	521777	521933	+	CP052043.1	4300638	954043	954188	76	156	8
scaffold_122	81337	27157	27526	+	CP052043.1	4300638	11922	12332	99	411	7
scaffold_112	88048	71556	71621	-	CP052043.1	4300638	120188	120276	54	88	7
scaffold_4	1881388	1871144	1880327	+	CP052043.1	4300638	198031	206882	540	9191	7
scaffold_33	455355	434608	434952	-	CP052043.1	4300638	119933	120276	112	346	6
scaffold_1578	530	269	403	+	CP052043.1	4300638	201899	202033	106	134	6
scaffold_11	1212133	183658	183788	-	CP052043.1	4300638	432790	432919	70	130	6
scaffold_143	70430	64900	65104	-	CP052043.1	4300638	442024	442228	60	204	6
scaffold_62	231438	226071	226192	-	CP052043.1	4300638	454020	454141	58	121	6
scaffold_12	1155968	732070	732156	+	CP052043.1	4300638	962175	962266	46	91	6
scaffold_4	1881388	531756	532010	+	CP052043.1	4300638	4293881	4294122	67	254	6
scaffold_30	507731	444098	444198	-	CP052043.1	4300638	720591	720691	100	100	5
scaffold_39	398046	135350	135458	-	CP052043.1	4300638	1336358	1336523	56	165	5
scaffold_1341	634	466	533	-	CP052043.1	4300638	2620983	2621049	45	67	5
scaffold_372	14523	12787	12971	-	CP052043.1	4300638	120089	120276	54	187	4
scaffold_83	140534	61710	61894	-	CP052043.1	4300638	120089	120276	54	187	4
scaffold_111	88385	70024	71345	+	CP052043.1	4300638	203830	205209	57	1379	4
scaffold_1644	516	428	502	+	CP052043.1	4300638	940437	940511	43	74	3
scaffold_39	398046	118635	118988	-	CP052043.1	4300638	963800	964114	127	353	3
scaffold_33	455355	421553	421659	-	CP052043.1	4300638	11967	12073	57	106	2
scaffold_308	19755	11575	14276	-	CP052043.1	4300638	54676	57296	60	2701	2
scaffold_1193	731	279	336	-	CP052043.1	4300638	120219	120276	42	57	2
scaffold_1	2692756	287367	288011	+	CP052043.1	4300638	194448	195152	110	704	2
scaffold_122	81337	80375	80417	+	CP052043.1	4300638	938463	938505	42	42	2
scaffold_12	1155968	738192	738685	-	CP052043.1	4300638	963126	963619	124	494	2
scaffold_22	716055	655696	655893	+	CP052043.1	4300638	3558141	3558341	113	200	2
scaffold_45	358384	20354	20966	+	CP052043.1	4300638	148386	149070	57	684	1
scaffold_107	93315	72194	72794	-	CP052043.1	4300638	148398	149070	57	672	1
scaffold_107	93315	2406	2587	+	CP052043.1	4300638	155205	155369	46	181	1
scaffold_129	76929	59424	66988	-	CP052043.1	4300638	194443	201997	714	7593	1
scaffold_82	143064	73086	73318	-	CP052043.1	4300638	409459	409690	41	232	1
scaffold_129	76929	57461	57785	-	CP052043.1	4300638	720341	720665	85	324	1
scaffold_30	507731	481087	481160	+	CP052043.1	4300638	963590	963663	56	73	1
scaffold_1605	524	73	461	-	CP052043.1	4300638	1370410	1370773	47	388	1
scaffold_1055	881	188	229	-	CP052043.1	4300638	2677651	2677692	41	41	1
scaffold_153	61587	9718	10074	+	CP052043.1	4300638	4339	4695	129	356	0
scaffold_153	61587	9718	10074	+	CP052043.1	4300638	10586	10942	129	356	0
scaffold_40	392173	109779	109952	+	CP052043.1	4300638	11879	12051	106	173	0
scaffold_1578	530	304	398	-	CP052043.1	4300638	11979	12073	73	94	0
scaffold_90	123581	50347	50950	-	CP052043.1	4300638	12435	13040	76	605	0
scaffold_116	84153	22482	22676	-	CP052043.1	4300638	12521	12715	61	194	0
scaffold_187	42170	168	313	-	CP052043.1	4300638	13422	13567	57	145	0
scaffold_137	72425	15643	15788	+	CP052043.1	4300638	13422	13567	82	145	0
scaffold_70	181850	30507	37993	+	CP052043.1	4300638	14346	21970	152	7634	0
scaffold_48	348853	333543	341163	+	CP052043.1	4300638	14533	22342	375	7809	0
scaffold_102	100464	74917	75084	+	CP052043.1	4300638	14533	14700	153	167	0
scaffold_343	16140	2921	3061	+	CP052043.1	4300638	14533	14671	85	140	0
scaffold_21	738175	55591	55757	+	CP052043.1	4300638	14535	14700	138	166	0
scaffold_70	181850	173079	180728	-	CP052043.1	4300638	14562	22342	401	7780	0
scaffold_32	471417	2675	10327	-	CP052043.1	4300638	14574	22313	184	7771	0
scaffold_129	76929	56613	57397	-	CP052043.1	4300638	14710	15494	97	784	0
scaffold_343	16140	2921	3061	+	CP052043.1	4300638	22175	22313	85	140	0
scaffold_102	100464	74917	75086	+	CP052043.1	4300638	22175	22344	155	169	0
scaffold_21	738175	55591	55757	+	CP052043.1	4300638	22177	22342	138	166	0
scaffold_212	35064	7180	7320	+	CP052043.1	4300638	22204	22344	95	140	0
scaffold_143	70430	17025	17124	+	CP052043.1	4300638	22216	22313	52	99	0
scaffold_1482	564	346	539	-	CP052043.1	4300638	33599	33792	47	193	0
scaffold_358	15501	6796	8992	+	CP052043.1	4300638	87598	89793	278	2196	0
scaffold_143	70430	26692	28692	-	CP052043.1	4300638	87660	89660	172	2000	0
scaffold_258	25314	15369	16667	+	CP052043.1	4300638	88041	89340	336	1299	0
scaffold_181	44073	22990	23039	-	CP052043.1	4300638	88309	88358	49	49	0
scaffold_1449	577	18	517	+	CP052043.1	4300638	88949	89448	448	499	0
scaffold_1600	525	163	226	+	CP052043.1	4300638	138540	138603	46	63	0
scaffold_51	297976	220920	223749	-	CP052043.1	4300638	175549	178379	1907	2830	0
scaffold_51	297976	197899	199300	-	CP052043.1	4300638	175611	177025	658	1414	0
scaffold_33	455355	421332	421659	+	CP052043.1	4300638	194229	194554	76	327	0
scaffold_97	105629	93509	101194	-	CP052043.1	4300638	194229	201953	559	7756	0
scaffold_10	1239786	1232054	1238022	-	CP052043.1	4300638	194286	200290	249	6036	0
scaffold_51	297976	111548	118865	-	CP052043.1	4300638	194286	201694	574	7457	0
scaffold_61	235649	88055	95570	-	CP052043.1	4300638	194291	201975	481	7706	0
scaffold_111	88385	68705	69223	+	CP052043.1	4300638	194443	194961	101	518	0
scaffold_59	256653	78372	79818	-	CP052043.1	4300638	194448	195898	106	1450	0
scaffold_26	567511	554609	561955	+	CP052043.1	4300638	194470	201791	621	7367	0
scaffold_90	123581	50013	50097	+	CP052043.1	4300638	194470	194554	68	84	0
scaffold_91	120630	112237	112377	-	CP052043.1	4300638	194582	194722	100	140	0
scaffold_10	1239786	149099	152450	+	CP052043.1	4300638	197003	200397	249	3401	0
scaffold_59	256653	72434	73657	+	CP052043.1	4300638	197676	198905	163	1229	0
scaffold_45	358384	308737	312743	+	CP052043.1	4300638	198031	201997	379	4008	0
scaffold_82	143064	115347	117579	+	CP052043.1	4300638	198742	200968	114	2234	0
scaffold_994	1008	305	791	-	CP052043.1	4300638	199094	199571	127	486	0
scaffold_11	1212133	238019	240059	+	CP052043.1	4300638	199495	201538	228	2043	0
scaffold_61	235649	76304	78462	+	CP052043.1	4300638	199669	201824	58	2158	0
scaffold_137	72425	645	2649	+	CP052043.1	4300638	200044	202028	147	2005	0
scaffold_1	2692756	29566	29891	-	CP052043.1	4300638	201675	201997	79	325	0
scaffold_55	268656	20920	21181	-	CP052043.1	4300638	201772	202033	103	261	0
scaffold_62	231438	214981	215206	-	CP052043.1	4300638	201772	201997	93	225	0
scaffold_111	88385	68560	68771	+	CP052043.1	4300638	201784	201995	116	211	0
scaffold_26	567511	550670	550863	+	CP052043.1	4300638	201804	201997	79	193	0
scaffold_10	1239786	1233521	1238022	-	CP052043.1	4300638	202656	207118	235	4522	0
scaffold_51	297976	111210	118865	-	CP052043.1	4300638	202656	210324	584	7673	0
scaffold_50	298037	137097	144514	+	CP052043.1	4300638	202661	210358	362	7699	0
scaffold_97	105629	93509	101103	-	CP052043.1	4300638	202688	210246	541	7607	0
scaffold_62	231438	215986	219220	+	CP052043.1	4300638	202758	206162	159	3405	0
scaffold_28	539988	193204	193261	-	CP052043.1	4300638	202802	202859	57	57	0
scaffold_1	2692756	112220	119763	-	CP052043.1	4300638	202811	210340	710	7576	0
scaffold_71	175185	148067	148268	+	CP052043.1	4300638	203648	203849	60	201	0
scaffold_1092	837	450	830	-	CP052043.1	4300638	206960	207340	105	380	0
scaffold_994	1008	315	930	-	CP052043.1	4300638	207241	207856	154	615	0
scaffold_1626	520	100	511	-	CP052043.1	4300638	207398	207809	125	411	0
scaffold_111	88385	68580	68751	+	CP052043.1	4300638	210097	210268	84	171	0
scaffold_5	1863748	399746	399847	+	CP052043.1	4300638	210167	210268	98	101	0
scaffold_28	539988	193114	193237	-	CP052043.1	4300638	210235	210358	52	123	0
scaffold_50	298037	137254	144501	-	CP052043.1	4300638	226614	234140	378	7528	0
scaffold_129	76929	59451	66988	+	CP052043.1	4300638	226696	234145	605	7554	0
scaffold_26	567511	566489	567122	+	CP052043.1	4300638	227868	228501	73	633	0
scaffold_10	1239786	1232830	1237860	+	CP052043.1	4300638	229150	234140	276	5050	0
scaffold_1626	520	208	511	+	CP052043.1	4300638	229258	229561	111	303	0
scaffold_1206	720	75	627	-	CP052043.1	4300638	229993	230545	162	552	0
scaffold_61	235649	75880	76060	+	CP052043.1	4300638	232676	232856	64	180	0
scaffold_129	76929	57995	59603	+	CP052043.1	4300638	233019	234256	209	1608	0
scaffold_1584	529	118	467	+	CP052043.1	4300638	233433	233782	76	349	0
scaffold_9	1406917	463136	463784	-	CP052043.1	4300638	233492	234140	85	648	0
scaffold_129	76929	996	1064	+	CP052043.1	4300638	234055	234123	43	68	0
scaffold_1578	530	304	389	-	CP052043.1	4300638	234055	234140	68	85	0
scaffold_90	123581	49999	50062	-	CP052043.1	4300638	234069	234132	63	63	0
scaffold_111	88385	68705	68771	-	CP052043.1	4300638	234079	234145	66	66	0
scaffold_71	175185	101019	101216	-	CP052043.1	4300638	402313	402509	99	197	0
scaffold_1563	533	57	114	-	CP052043.1	4300638	402341	402398	57	57	0
scaffold_16	897138	9559	16951	-	CP052043.1	4300638	402356	409669	575	7485	0
scaffold_367	15003	14045	14087	+	CP052043.1	4300638	402356	402398	42	42	0
scaffold_1	2692756	81169	85644	-	CP052043.1	4300638	405264	409774	346	4510	0
scaffold_122	81337	29889	32361	+	CP052043.1	4300638	406031	408587	95	2556	0
scaffold_16	897138	1120	2103	-	CP052043.1	4300638	406119	407104	105	985	0
scaffold_4	1881388	507321	509268	+	CP052043.1	4300638	407626	409690	142	2064	0
scaffold_40	392173	144556	146001	+	CP052043.1	4300638	408033	409465	120	1445	0
scaffold_988	1021	83	341	+	CP052043.1	4300638	409432	409690	76	258	0
scaffold_1563	533	57	114	-	CP052043.1	4300638	409633	409690	47	57	0
scaffold_14	908909	21229	21376	+	CP052043.1	4300638	409650	409797	59	147	0
scaffold_367	15003	14059	14137	+	CP052043.1	4300638	409662	409740	78	78	0
scaffold_220	33416	26525	26938	-	CP052043.1	4300638	429675	430105	76	430	0
scaffold_1060	877	20	875	+	CP052043.1	4300638	430825	431679	224	855	0
scaffold_1718	501	14	218	+	CP052043.1	4300638	432562	432766	57	204	0
scaffold_30	507731	444074	451814	+	CP052043.1	4300638	432779	440669	187	7936	0
scaffold_149	65637	53901	61448	+	CP052043.1	4300638	432790	440412	303	7687	0
scaffold_26	567511	565893	566891	+	CP052043.1	4300638	433473	434464	62	998	0
scaffold_102	100464	50257	50379	-	CP052043.1	4300638	440289	440412	48	123	0
scaffold_1381	613	190	426	+	CP052043.1	4300638	440943	441179	79	236	0
scaffold_48	348853	333543	341163	-	CP052043.1	4300638	442441	450250	375	7809	0
scaffold_70	181850	173079	180728	+	CP052043.1	4300638	442441	450221	401	7781	0
scaffold_102	100464	74917	75084	-	CP052043.1	4300638	442441	442608	153	167	0
scaffold_21	738175	55591	55757	-	CP052043.1	4300638	442441	442606	138	166	0
scaffold_212	35064	7180	7318	-	CP052043.1	4300638	442441	442579	93	138	0
scaffold_32	471417	2675	10327	+	CP052043.1	4300638	442470	450209	184	7773	0
scaffold_343	16140	2921	3061	-	CP052043.1	4300638	442470	442608	85	140	0
scaffold_129	76929	56613	57397	+	CP052043.1	4300638	449289	450073	97	784	0
scaffold_212	35064	7180	7318	-	CP052043.1	4300638	450083	450221	93	138	0
scaffold_21	738175	55591	55757	-	CP052043.1	4300638	450083	450248	138	166	0
scaffold_75	154281	102275	102612	-	CP052043.1	4300638	450112	450437	76	337	0
scaffold_343	16140	2921	3061	-	CP052043.1	4300638	450112	450250	85	140	0
scaffold_144	69844	55537	55635	+	CP052043.1	4300638	450112	450209	59	98	0
scaffold_988	1021	121	475	-	CP052043.1	4300638	452337	452693	76	356	0
scaffold_427	11379	3762	4118	+	CP052043.1	4300638	452942	453283	57	356	0
scaffold_90	123581	50343	50950	+	CP052043.1	4300638	453532	454141	92	609	0
scaffold_129	76929	20554	20904	+	CP052043.1	4300638	720341	720691	119	350	0
scaffold_75	154281	102271	102417	+	CP052043.1	4300638	720345	720490	80	146	0
scaffold_283	22139	21842	22121	+	CP052043.1	4300638	720345	720624	80	279	0
scaffold_287	21903	21606	21885	+	CP052043.1	4300638	720345	720624	80	279	0
scaffold_1255	684	571	657	-	CP052043.1	4300638	720605	720691	73	86	0
scaffold_982	1040	31	102	-	CP052043.1	4300638	720605	720676	58	71	0
scaffold_980	1046	24	101	-	CP052043.1	4300638	726075	726152	40	77	0
scaffold_55	268656	17082	17290	-	CP052043.1	4300638	747939	748151	112	212	0
scaffold_104	98169	54887	55025	-	CP052043.1	4300638	770131	770322	117	191	0
scaffold_111	88385	71756	71882	+	CP052043.1	4300638	770139	770322	91	183	0
scaffold_58	259852	171914	172006	-	CP052043.1	4300638	770264	770356	51	92	0
scaffold_1610	523	73	165	+	CP052043.1	4300638	928418	928509	57	92	0
scaffold_1402	605	73	134	+	CP052043.1	4300638	928456	928517	56	61	0
scaffold_102	100464	52270	52409	-	CP052043.1	4300638	928624	928763	40	139	0
scaffold_67	184376	69128	76853	-	CP052043.1	4300638	928636	936342	654	7824	0
scaffold_149	65637	61313	61440	+	CP052043.1	4300638	928636	928763	49	127	0
scaffold_312	19256	13310	13428	-	CP052043.1	4300638	928646	928763	40	118	0
scaffold_22	716055	24903	25027	+	CP052043.1	4300638	928646	928769	71	124	0
scaffold_670	3704	697	3270	+	CP052043.1	4300638	931933	934506	404	2573	0
scaffold_149	65637	61959	63574	+	CP052043.1	4300638	931933	933548	284	1615	0
scaffold_145	69505	64494	64712	+	CP052043.1	4300638	936132	936348	87	218	0
scaffold_9	1406917	460213	460349	-	CP052043.1	4300638	936206	936342	82	136	0
scaffold_371	14652	4650	4773	-	CP052043.1	4300638	936225	936348	65	123	0
scaffold_22	716055	24903	25027	+	CP052043.1	4300638	936225	936348	79	124	0
scaffold_131	76605	35215	35452	+	CP052043.1	4300638	937001	937249	136	249	0
scaffold_25	600164	598747	599086	+	CP052043.1	4300638	938373	938713	76	340	0
scaffold_35	440808	273811	274681	+	CP052043.1	4300638	939944	940813	124	877	0
scaffold_336	17138	4145	7535	+	CP052043.1	4300638	940340	943787	109	3464	0
scaffold_2	2503568	2501943	2502045	-	CP052043.1	4300638	943714	943816	49	102	0
scaffold_1402	605	12	134	-	CP052043.1	4300638	945459	945582	57	123	0
scaffold_6	1692318	297815	298029	-	CP052043.1	4300638	952459	952673	99	214	0
scaffold_6	1692318	1549944	1550221	-	CP052043.1	4300638	952489	952753	118	277	0
scaffold_58	259852	171919	172187	+	CP052043.1	4300638	952510	952753	64	268	0
scaffold_315	18631	7005	7855	+	CP052043.1	4300638	952541	953313	101	850	0
scaffold_954	1152	871	1033	-	CP052043.1	4300638	953576	953738	96	162	0
scaffold_2	2503568	2502026	2502341	-	CP052043.1	4300638	955193	955494	64	315	0
scaffold_42	372282	359523	359675	-	CP052043.1	4300638	956607	956759	68	152	0
scaffold_10	1239786	1151804	1151931	-	CP052043.1	4300638	959261	959388	116	127	0
scaffold_71	175185	150423	150585	+	CP052043.1	4300638	959984	960146	55	162	0
scaffold_5	1863748	4665	6612	-	CP052043.1	4300638	960001	961953	76	1965	0
scaffold_104	98169	8282	9162	+	CP052043.1	4300638	961470	962342	82	880	0
scaffold_8	1419871	1291584	1291639	-	CP052043.1	4300638	962323	962378	40	55	0
scaffold_35	440808	260316	261279	+	CP052043.1	4300638	962702	963635	151	966	0
scaffold_35	440808	254616	255582	+	CP052043.1	4300638	962702	963645	163	966	0
scaffold_220	33416	17122	17717	-	CP052043.1	4300638	962721	963283	84	595	0
scaffold_4	1881388	537494	538376	-	CP052043.1	4300638	962721	963568	193	882	0
scaffold_9	1406917	474541	475463	+	CP052043.1	4300638	962721	963609	95	922	0
scaffold_131	76605	60895	61728	-	CP052043.1	4300638	962797	963609	224	833	0
scaffold_30	507731	480364	481024	-	CP052043.1	4300638	962902	963609	107	707	0
scaffold_220	33416	12023	12682	-	CP052043.1	4300638	962960	963619	125	659	0
scaffold_62	231438	221176	221673	-	CP052043.1	4300638	963126	963619	109	497	0
scaffold_58	259852	172026	172204	-	CP052043.1	4300638	963783	963951	56	178	0
scaffold_315	18631	6918	7158	-	CP052043.1	4300638	963865	964114	76	249	0
scaffold_1547	538	224	309	+	CP052043.1	4300638	1143696	1143781	57	85	0
scaffold_980	1046	24	101	-	CP052043.1	4300638	1176679	1176760	54	81	0
scaffold_10	1239786	1185019	1186772	-	CP052043.1	4300638	1306020	1307773	283	1753	0
scaffold_12	1155968	715915	717171	-	CP052043.1	4300638	1306053	1307551	190	1498	0
scaffold_45	358384	109807	110376	+	CP052043.1	4300638	1335492	1336048	102	572	0
scaffold_315	18631	6977	7855	-	CP052043.1	4300638	1335535	1336377	84	878	0
scaffold_12	1155968	739125	739818	+	CP052043.1	4300638	1335715	1336408	114	693	0
scaffold_39	398046	136506	137202	-	CP052043.1	4300638	1335715	1336421	95	706	0
scaffold_39	398046	118650	119386	-	CP052043.1	4300638	1335715	1336421	101	736	0
scaffold_82	143064	65910	66585	+	CP052043.1	4300638	1335743	1336377	97	675	0
scaffold_315	18631	12593	13250	+	CP052043.1	4300638	1335743	1336395	132	666	0
scaffold_90	123581	30988	31533	+	CP052043.1	4300638	1335875	1336421	76	554	0
scaffold_131	76605	55483	55786	-	CP052043.1	4300638	1336114	1336421	66	307	0
scaffold_14	908909	132116	132283	+	CP052043.1	4300638	1336254	1336421	57	167	0
scaffold_25	600164	599564	599643	-	CP052043.1	4300638	1336504	1336583	66	79	0
scaffold_46	353283	198943	199004	+	CP052043.1	4300638	1757557	1757618	61	61	0
scaffold_1588	528	3	94	+	CP052043.1	4300638	3132678	3132770	48	92	0
scaffold_2	2503568	190278	190341	-	CP052043.1	4300638	3558278	3558341	53	63	0
scaffold_8	1419871	1225470	1225533	-	CP052043.1	4300638	3558278	3558341	53	63	0
scaffold_37	420435	113488	113551	-	CP052043.1	4300638	3558278	3558341	53	63	0
scaffold_131	76605	55536	56493	-	CP052043.1	4300638	4266369	4267297	208	979	0
scaffold_39	398046	128765	129668	-	CP052043.1	4300638	4266369	4267309	124	967	0
scaffold_122	81337	47660	48495	+	CP052043.1	4300638	4266442	4267297	199	859	0
scaffold_90	123581	31057	31452	+	CP052043.1	4300638	4266881	4267269	68	395	0
scaffold_1262	679	429	518	+	CP052043.1	4300638	4267220	4267309	52	89	0
scaffold_40	392173	79620	79737	+	CP052043.1	4300638	4267220	4267337	96	117	0
scaffold_1255	684	210	299	-	CP052043.1	4300638	4267220	4267309	82	89	0
scaffold_6	1692318	1367773	1367891	-	CP052043.1	4300638	4290445	4290562	68	118	0
scaffold_104	98169	91547	91714	+	CP052043.1	4300638	4290445	4290611	99	167	0
scaffold_9	1406917	460173	460290	-	CP052043.1	4300638	4290485	4290602	95	117	0
scaffold_22	716055	24961	25070	+	CP052043.1	4300638	4290502	4290611	71	109	0
scaffold_61	235649	96840	98121	-	CP052043.1	4300638	4291244	4292411	123	1303	0
scaffold_2	2503568	2498678	2498809	+	CP052043.1	4300638	4292223	4292354	57	131	0
scaffold_39	398046	154110	154449	+	CP052043.1	4300638	4292223	4292571	95	348	0
scaffold_22	716055	24903	25070	+	CP052043.1	4300638	4292245	4292411	84	167	0
scaffold_137	72425	12912	13188	-	CP052043.1	4300638	4292285	4292571	76	286	0
scaffold_9	1406917	460173	460290	-	CP052043.1	4300638	4292285	4292402	109	117	0
scaffold_66	184824	2611	3556	-	CP052043.1	4300638	4292641	4293535	101	945	0
scaffold_39	398046	136496	137445	-	CP052043.1	4300638	4292641	4293535	111	949	0
scaffold_131	76605	7852	8706	-	CP052043.1	4300638	4292641	4293535	78	900	0
scaffold_39	398046	128737	129600	-	CP052043.1	4300638	4292660	4293512	114	865	0
scaffold_122	81337	47753	48467	+	CP052043.1	4300638	4292709	4293444	86	735	0
scaffold_82	143064	73535	73592	+	CP052043.1	4300638	4292843	4292900	41	57	0
scaffold_44	359581	192163	192453	-	CP052043.1	4300638	4293164	4293469	76	305	0
scaffold_6	1692318	274633	274784	+	CP052043.1	4300638	4293318	4293469	103	151	0
scaffold_1617	522	45	144	-	CP052043.1	4300638	4293370	4293469	63	99	0
scaffold_44	359581	210029	210194	+	CP052043.1	4300638	4293370	4293535	74	165	0
scaffold_11	1212133	201913	202078	-	CP052043.1	4300638	4293370	4293535	110	165	0
scaffold_1255	684	159	309	-	CP052043.1	4300638	4293385	4293535	62	150	0
scaffold_1262	679	429	546	+	CP052043.1	4300638	4293395	4293512	71	117	0
scaffold_2	2503568	2498518	2498570	-	CP052043.1	4300638	4293436	4293488	52	52	0
scaffold_153	61587	9718	10074	-	CP052043.1	4300638	4295138	4295494	129	356	0
scaffold_80	143857	32881	34100	+	CP052044.1	4259108	31911	33134	261	1223	60
scaffold_75	154281	45929	49681	-	CP052044.1	4259108	36144	40112	123	3974	60
scaffold_148	65701	33084	35827	+	CP052044.1	4259108	37621	39836	413	2746	60
scaffold_96	109087	19543	21464	+	CP052044.1	4259108	42435	44331	648	1923	60
scaffold_128	78074	4822	22340	+	CP052044.1	4259108	46636	63959	11228	17967	60
scaffold_68	182924	102746	110664	-	CP052044.1	4259108	46959	54762	893	8164	60
scaffold_68	182924	61362	66154	+	CP052044.1	4259108	63993	68638	1869	4803	60
scaffold_68	182924	94863	98180	+	CP052044.1	4259108	73665	76932	489	3326	60
scaffold_27	558155	245701	245931	-	CP052044.1	4259108	85255	85486	120	231	60
scaffold_27	558155	255036	256724	-	CP052044.1	4259108	85601	86868	285	1720	60
scaffold_21	738175	42387	43142	-	CP052044.1	4259108	85648	86136	193	756	60
scaffold_453	9981	863	1370	+	CP052044.1	4259108	86378	86823	102	509	60
scaffold_531	7038	860	1668	+	CP052044.1	4259108	86378	87174	102	810	60
scaffold_27	558155	241701	242861	-	CP052044.1	4259108	91297	92451	298	1203	60
scaffold_148	65701	42793	43902	+	CP052044.1	4259108	93208	94364	569	1156	60
scaffold_93	118238	38999	39386	-	CP052044.1	4259108	97534	97915	197	387	60
scaffold_128	78074	42	3982	+	CP052044.1	4259108	178188	183169	2342	4986	60
scaffold_131	76605	38035	39806	+	CP052044.1	4259108	187336	189107	1009	1771	60
scaffold_83	140534	84842	86033	-	CP052044.1	4259108	187824	189020	152	1196	60
scaffold_210	35262	14474	14772	-	CP052044.1	4259108	190411	190701	117	298	60
scaffold_62	231438	68416	73102	-	CP052044.1	4259108	190797	195450	483	4690	60
scaffold_51	297976	224558	226992	-	CP052044.1	4259108	191402	193957	354	2562	60
scaffold_997	994	554	971	-	CP052044.1	4259108	205910	206327	399	417	60
scaffold_106	94230	24944	25490	+	CP052044.1	4259108	223601	224146	91	546	60
scaffold_110	91422	74540	81229	+	CP052044.1	4259108	224786	231352	5775	6727	60
scaffold_133	76283	51675	52534	+	CP052044.1	4259108	231348	232205	205	862	60
scaffold_83	140534	59328	61017	-	CP052044.1	4259108	235517	237215	884	1699	60
scaffold_59	256653	46765	48390	-	CP052044.1	4259108	235555	237186	792	1632	60
scaffold_427	11379	4651	5122	-	CP052044.1	4259108	237954	238425	275	471	60
scaffold_66	184824	177573	179095	-	CP052044.1	4259108	238030	239559	364	1529	60
scaffold_110	91422	81246	83953	+	CP052044.1	4259108	241209	243916	2383	2707	60
scaffold_111	88385	76081	76465	-	CP052044.1	4259108	241266	241651	106	385	60
scaffold_272	24052	16391	18568	-	CP052044.1	4259108	241748	243925	1682	2177	60
scaffold_258	25314	11828	13531	+	CP052044.1	4259108	245197	246898	945	1703	60
scaffold_153	61587	21145	21813	-	CP052044.1	4259108	265036	265645	401	671	60
scaffold_85	135051	14973	16259	-	CP052044.1	4259108	265668	266520	427	1293	60
scaffold_21	738175	1702	6650	+	CP052044.1	4259108	266955	271593	2198	4950	60
scaffold_21	738175	8893	9619	+	CP052044.1	4259108	271725	272450	337	726	60
scaffold_1281	667	216	600	-	CP052044.1	4259108	275319	275701	290	385	60
scaffold_987	1023	17	494	-	CP052044.1	4259108	294931	295408	394	477	60
scaffold_96	109087	35697	35882	-	CP052044.1	4259108	303440	303625	102	185	60
scaffold_1629	520	6	502	-	CP052044.1	4259108	311829	312325	464	496	60
scaffold_11	1212133	43934	46706	+	CP052044.1	4259108	327824	330595	2452	2773	60
scaffold_83	140534	6721	7683	-	CP052044.1	4259108	339192	340153	123	962	60
scaffold_96	109087	96308	96598	-	CP052044.1	4259108	353534	353807	255	290	60
scaffold_80	143857	66743	71408	-	CP052044.1	4259108	370670	375334	3424	4671	60
scaffold_323	18080	1731	2259	+	CP052044.1	4259108	375367	375898	228	531	60
scaffold_11	1212133	212141	212362	+	CP052044.1	4259108	387984	388205	192	221	60
scaffold_106	94230	77579	78362	-	CP052044.1	4259108	402457	403240	421	783	60
scaffold_11	1212133	57540	58837	-	CP052044.1	4259108	402457	403755	657	1298	60
scaffold_106	94230	73891	74350	-	CP052044.1	4259108	403358	403820	300	462	60
scaffold_133	76283	26137	27093	+	CP052044.1	4259108	428715	429688	138	973	60
scaffold_148	65701	36208	38263	+	CP052044.1	4259108	429833	432028	1090	2199	60
scaffold_153	61587	45483	46105	-	CP052044.1	4259108	435698	436316	147	622	60
scaffold_101	101313	1303	3056	+	CP052044.1	4259108	437130	439030	1335	1900	60
scaffold_110	91422	27942	28312	+	CP052044.1	4259108	439208	439578	172	370	60
scaffold_258	25314	17999	20052	-	CP052044.1	4259108	439208	441271	1234	2064	60
scaffold_148	65701	38430	43220	+	CP052044.1	4259108	441454	446014	1248	4798	60
scaffold_80	143857	61456	64386	+	CP052044.1	4259108	441454	444285	1241	2940	60
scaffold_365	15120	3989	6126	+	CP052044.1	4259108	447285	449512	1099	2227	60
scaffold_96	109087	30101	31848	-	CP052044.1	4259108	469691	471446	848	1755	60
scaffold_66	184824	159334	160105	-	CP052044.1	4259108	473378	474151	192	773	60
scaffold_987	1023	399	994	-	CP052044.1	4259108	473861	474457	341	598	60
scaffold_172	48882	30634	31162	+	CP052044.1	4259108	478317	478846	93	529	60
scaffold_10	1239786	1122187	1124582	-	CP052044.1	4259108	494957	497307	1301	2399	60
scaffold_45	358384	306488	308202	-	CP052044.1	4259108	500529	502243	478	1714	60
scaffold_68	182924	170667	172173	+	CP052044.1	4259108	500845	502351	225	1506	60
scaffold_32	471417	20831	21903	+	CP052044.1	4259108	501000	502072	273	1072	60
scaffold_143	70430	68526	69662	-	CP052044.1	4259108	501114	502250	332	1136	60
scaffold_40	392173	201518	202654	+	CP052044.1	4259108	501114	502250	459	1136	60
scaffold_1	2692756	278318	279454	-	CP052044.1	4259108	501114	502250	291	1136	60
scaffold_59	256653	50969	52170	-	CP052044.1	4259108	587350	588551	879	1201	60
scaffold_85	135051	33689	34968	+	CP052044.1	4259108	609395	610675	834	1280	60
scaffold_91	120630	73782	75101	-	CP052044.1	4259108	609395	610713	777	1319	60
scaffold_181	44073	14502	15820	+	CP052044.1	4259108	609395	610713	762	1319	60
scaffold_107	93315	61695	62990	+	CP052044.1	4259108	609418	610713	757	1295	60
scaffold_99	104861	87056	92569	+	CP052044.1	4259108	613733	619246	2489	5513	60
scaffold_126	79365	75045	79355	-	CP052044.1	4259108	614936	619246	1858	4310	60
scaffold_747	2622	1768	2545	-	CP052044.1	4259108	615462	616239	226	777	60
scaffold_144	69844	27657	29963	-	CP052044.1	4259108	630726	633009	948	2306	60
scaffold_337	16870	8276	11513	+	CP052044.1	4259108	639675	642913	2271	3238	60
scaffold_59	256653	46061	46327	+	CP052044.1	4259108	642595	642913	164	318	60
scaffold_153	61587	46798	47024	-	CP052044.1	4259108	642687	642913	120	226	60
scaffold_181	44073	2585	2893	+	CP052044.1	4259108	642937	643245	226	308	60
scaffold_106	94230	46562	46856	+	CP052044.1	4259108	642950	643245	197	295	60
scaffold_75	154281	38334	38432	+	CP052044.1	4259108	643315	643413	96	98	60
scaffold_194	39750	7322	8533	-	CP052044.1	4259108	645774	646986	778	1212	60
scaffold_40	392173	149672	150838	+	CP052044.1	4259108	645774	646941	783	1167	60
scaffold_110	91422	87233	90308	+	CP052044.1	4259108	655770	658881	478	3112	60
scaffold_8	1419871	1144149	1146007	-	CP052044.1	4259108	657532	659390	1305	1858	60
scaffold_82	143064	112880	114695	+	CP052044.1	4259108	657532	659347	648	1815	60
scaffold_93	118238	32334	33462	+	CP052044.1	4259108	657668	658796	188	1128	60
scaffold_356	15572	14507	14915	-	CP052044.1	4259108	658982	659390	184	408	60
scaffold_66	184824	177573	181583	-	CP052044.1	4259108	661664	665278	436	4014	60
scaffold_427	11379	4651	7444	-	CP052044.1	4259108	661757	664165	335	2793	60
scaffold_328	17820	1517	2216	+	CP052044.1	4259108	665300	665999	530	699	60
scaffold_328	17820	1092	1330	-	CP052044.1	4259108	672518	672775	88	257	60
scaffold_1704	503	136	494	+	CP052044.1	4259108	685339	685697	203	358	60
scaffold_1148	772	5	736	-	CP052044.1	4259108	693099	693887	421	792	60
scaffold_68	182924	49312	52722	-	CP052044.1	4259108	693660	697067	1714	3414	60
scaffold_148	65701	33084	34338	-	CP052044.1	4259108	701910	703147	706	1254	60
scaffold_80	143857	84559	86546	-	CP052044.1	4259108	703389	705418	1059	2035	60
scaffold_96	109087	74867	75065	-	CP052044.1	4259108	706290	706488	145	198	60
scaffold_272	24052	21783	23690	-	CP052044.1	4259108	708303	710213	265	1910	60
scaffold_122	81337	37119	38626	+	CP052044.1	4259108	710745	712254	511	1509	60
scaffold_115	86240	9803	10013	-	CP052044.1	4259108	732988	733190	167	210	60
scaffold_153	61587	8645	9607	-	CP052044.1	4259108	732988	733944	562	962	60
scaffold_67	184376	13207	14087	-	CP052044.1	4259108	733016	733896	520	880	60
scaffold_80	143857	45424	46166	+	CP052044.1	4259108	733957	734698	459	742	60
scaffold_83	140534	114676	117687	-	CP052044.1	4259108	738238	741246	1844	3017	60
scaffold_99	104861	28376	31789	-	CP052044.1	4259108	738238	741637	2060	3415	60
scaffold_218	33655	24558	27206	+	CP052044.1	4259108	744393	747018	1232	2649	60
scaffold_150	63801	52993	53246	-	CP052044.1	4259108	768084	768338	129	254	60
scaffold_328	17820	2280	4116	-	CP052044.1	4259108	777457	779293	1418	1836	60
scaffold_11	1212133	171396	172627	-	CP052044.1	4259108	777503	778734	203	1231	60
scaffold_308	19755	4797	8694	+	CP052044.1	4259108	790381	794199	2137	3999	60
scaffold_145	69505	47543	47954	-	CP052044.1	4259108	807631	808042	299	411	60
scaffold_101	101313	52159	54167	-	CP052044.1	4259108	812012	814026	688	2014	60
scaffold_1419	595	30	592	-	CP052044.1	4259108	813708	814270	166	562	60
scaffold_304	20323	18210	19835	-	CP052044.1	4259108	814677	816309	882	1632	60
scaffold_153	61587	18147	20576	+	CP052044.1	4259108	816552	818992	198	2452	60
scaffold_96	109087	6351	7660	-	CP052044.1	4259108	817025	818334	113	1309	60
scaffold_292	21110	14234	14410	-	CP052044.1	4259108	819049	819225	156	176	60
scaffold_282	22153	16935	17644	-	CP052044.1	4259108	819049	819758	407	709	60
scaffold_143	70430	55796	57953	+	CP052044.1	4259108	845543	847701	1454	2158	60
scaffold_93	118238	36446	38482	+	CP052044.1	4259108	845543	847579	754	2036	60
scaffold_51	297976	38804	40631	+	CP052044.1	4259108	845543	847452	186	1909	60
scaffold_1511	553	61	543	+	CP052044.1	4259108	845633	846115	235	482	60
scaffold_724	2900	14	1715	+	CP052044.1	4259108	846064	847766	760	1702	60
scaffold_282	22153	11475	16765	-	CP052044.1	4259108	847831	851744	2964	5290	60
scaffold_71	175185	154782	155041	+	CP052044.1	4259108	847900	848159	102	259	60
scaffold_181	44073	18267	21759	-	CP052044.1	4259108	847923	851543	1471	3625	60
scaffold_227	31762	30187	30316	+	CP052044.1	4259108	855294	855423	94	129	60
scaffold_282	22153	3077	5121	+	CP052044.1	4259108	855544	857586	852	2045	60
scaffold_525	7280	219	3089	-	CP052044.1	4259108	855575	858439	1272	2870	60
scaffold_144	69844	260	2947	-	CP052044.1	4259108	855789	858476	1057	2687	60
scaffold_169	51120	48555	49160	+	CP052044.1	4259108	856251	856856	279	605	60
scaffold_96	109087	28584	29352	+	CP052044.1	4259108	865517	866156	174	800	60
scaffold_75	154281	73627	74154	+	CP052044.1	4259108	892674	893201	407	527	60
scaffold_75	154281	118145	118515	-	CP052044.1	4259108	905362	905730	144	370	60
scaffold_82	143064	56943	58294	-	CP052044.1	4259108	907698	909072	173	1374	60
scaffold_175	46490	28657	30413	+	CP052044.1	4259108	912922	914675	1011	1757	60
scaffold_367	15003	9033	10823	-	CP052044.1	4259108	915892	917682	465	1790	60
scaffold_150	63801	32486	33831	-	CP052044.1	4259108	916183	917528	345	1345	60
scaffold_51	297976	164373	165935	+	CP052044.1	4259108	921014	922575	138	1562	60
scaffold_973	1069	60	911	+	CP052044.1	4259108	921056	921906	279	851	60
scaffold_296	20863	11113	12654	-	CP052044.1	4259108	921056	922596	342	1541	60
scaffold_82	143064	134115	135656	-	CP052044.1	4259108	921056	922596	380	1541	60
scaffold_50	298037	258388	259908	-	CP052044.1	4259108	921056	922575	253	1520	60
scaffold_4	1881388	1600055	1601536	+	CP052044.1	4259108	921116	922596	173	1481	60
scaffold_1	2692756	215595	217172	-	CP052044.1	4259108	921131	922707	364	1577	60
scaffold_14	908909	121	870	+	CP052044.1	4259108	922058	922806	212	749	60
scaffold_1428	591	47	187	-	CP052044.1	4259108	930393	930533	114	140	60
scaffold_1519	550	25	549	-	CP052044.1	4259108	931318	931842	517	524	60
scaffold_99	104861	32022	33858	-	CP052044.1	4259108	931933	933761	1131	1837	60
scaffold_83	140534	117955	118781	-	CP052044.1	4259108	932894	933726	487	837	60
scaffold_59	256653	45151	45992	+	CP052044.1	4259108	932917	933766	177	854	60
scaffold_96	109087	34820	35567	+	CP052044.1	4259108	933021	933761	189	747	60
scaffold_272	24052	18720	18953	-	CP052044.1	4259108	933526	933761	130	236	60
scaffold_112	88048	46317	57651	-	CP052044.1	4259108	933997	943221	3267	11687	60
scaffold_96	109087	7909	15268	-	CP052044.1	4259108	935495	943243	4833	7782	60
scaffold_75	154281	315	4413	+	CP052044.1	4259108	939122	943221	720	4099	60
scaffold_173	47066	4446	7396	-	CP052044.1	4259108	942998	945941	737	2976	60
scaffold_173	47066	35460	36187	+	CP052044.1	4259108	945936	946726	133	790	60
scaffold_133	76283	53122	54336	-	CP052044.1	4259108	950677	951894	345	1219	60
scaffold_68	182924	14263	14990	-	CP052044.1	4259108	951589	952316	144	727	60
scaffold_194	39750	18457	19172	-	CP052044.1	4259108	953850	954568	614	718	60
scaffold_156	59460	54541	54849	-	CP052044.1	4259108	956621	956930	183	309	60
scaffold_32	471417	1702	2023	+	CP052044.1	4259108	956632	956954	117	322	60
scaffold_194	39750	10276	15062	-	CP052044.1	4259108	957089	961876	4166	4787	60
scaffold_40	392173	147256	147606	+	CP052044.1	4259108	961526	961876	222	350	60
scaffold_356	15572	131	918	+	CP052044.1	4259108	967725	968542	295	835	60
scaffold_85	135051	95918	96404	-	CP052044.1	4259108	968271	968796	159	525	60
scaffold_128	78074	16931	27092	+	CP052044.1	4259108	971155	981569	4934	10450	60
scaffold_68	182924	54908	63724	+	CP052044.1	4259108	972234	981353	2889	9156	60
scaffold_296	20863	9523	10770	-	CP052044.1	4259108	1004696	1005942	581	1247	60
scaffold_1620	521	50	371	+	CP052044.1	4259108	1005762	1006084	156	322	60
scaffold_328	17820	10776	13437	+	CP052044.1	4259108	1006134	1008796	202	2663	60
scaffold_101	101313	30171	32365	-	CP052044.1	4259108	1006134	1008355	316	2221	60
scaffold_145	69505	22739	24204	+	CP052044.1	4259108	1013963	1015425	494	1465	60
scaffold_1	2692756	77808	78127	+	CP052044.1	4259108	1023161	1023482	157	321	60
scaffold_77	149510	136026	136762	+	CP052044.1	4259108	1031614	1032349	363	738	60
scaffold_181	44073	3460	3682	+	CP052044.1	4259108	1084619	1084841	151	222	60
scaffold_110	91422	3869	4041	-	CP052044.1	4259108	1084667	1084839	136	172	60
scaffold_110	91422	39752	39915	-	CP052044.1	4259108	1084678	1084841	118	163	60
scaffold_77	149510	79139	81020	-	CP052044.1	4259108	1085021	1086845	611	1881	60
scaffold_144	69844	3357	8739	-	CP052044.1	4259108	1090597	1095979	4967	5385	60
scaffold_85	135051	33485	33609	+	CP052044.1	4259108	1096076	1096200	116	124	60
scaffold_143	70430	54801	55681	+	CP052044.1	4259108	1106785	1107519	153	880	60
scaffold_91	120630	17989	19797	-	CP052044.1	4259108	1106919	1108677	451	1831	60
scaffold_1448	578	7	566	+	CP052044.1	4259108	1116356	1116915	559	559	60
scaffold_107	93315	82976	84567	-	CP052044.1	4259108	1140279	1141849	552	1591	60
scaffold_93	118238	80596	81982	+	CP052044.1	4259108	1140494	1141861	443	1387	60
scaffold_154	60446	48707	50898	+	CP052044.1	4259108	1140494	1142672	836	2194	60
scaffold_83	140534	119076	121305	-	CP052044.1	4259108	1140765	1142999	432	2244	60
scaffold_99	104861	25501	26007	-	CP052044.1	4259108	1145017	1145525	201	508	60
scaffold_93	118238	84663	87899	+	CP052044.1	4259108	1146585	1149791	726	3238	60
scaffold_753	2541	38	216	+	CP052044.1	4259108	1154957	1155136	140	179	60
scaffold_66	184824	160568	160805	+	CP052044.1	4259108	1155157	1155394	217	237	60
scaffold_66	184824	160809	164529	+	CP052044.1	4259108	1157761	1161103	2271	3739	60
scaffold_212	35064	24464	28291	+	CP052044.1	4259108	1175754	1179557	2138	3829	60
scaffold_1285	665	56	586	+	CP052044.1	4259108	1202149	1202679	98	530	60
scaffold_110	91422	33872	34068	+	CP052044.1	4259108	1223023	1223219	150	196	60
scaffold_40	392173	203543	207591	-	CP052044.1	4259108	1228499	1232547	1956	4048	60
scaffold_3	2381582	10055	12841	+	CP052044.1	4259108	1232814	1235615	1117	2801	60
scaffold_40	392173	186689	192733	+	CP052044.1	4259108	1246207	1251808	5339	6045	60
scaffold_101	101313	28405	29128	+	CP052044.1	4259108	1264707	1265406	211	724	60
scaffold_80	143857	51693	53910	+	CP052044.1	4259108	1270220	1272436	1609	2220	60
scaffold_83	140534	135822	138155	-	CP052044.1	4259108	1270238	1272583	1725	2345	60
scaffold_50	298037	208482	228128	+	CP052044.1	4259108	1283897	1304738	8020	22492	60
scaffold_1542	539	71	522	+	CP052044.1	4259108	1294991	1295443	93	453	60
scaffold_249	26889	35	935	+	CP052044.1	4259108	1313354	1314218	630	900	60
scaffold_11	1212133	64771	65345	+	CP052044.1	4259108	1313497	1314057	254	574	60
scaffold_83	140534	91959	104568	+	CP052044.1	4259108	1319914	1333890	6592	13988	60
scaffold_227	31762	7216	10055	+	CP052044.1	4259108	1330605	1333444	610	2842	60
scaffold_83	140534	104625	104834	+	CP052044.1	4259108	1335114	1335323	96	209	60
scaffold_110	91422	72941	74173	-	CP052044.1	4259108	1349906	1351199	629	1294	60
scaffold_59	256653	191	3112	-	CP052044.1	4259108	1357901	1360822	933	2921	60
scaffold_337	16870	184	6436	-	CP052044.1	4259108	1358404	1364630	5287	6254	60
scaffold_173	47066	29990	30098	+	CP052044.1	4259108	1367296	1367404	108	108	60
scaffold_272	24052	22652	24046	-	CP052044.1	4259108	1369109	1370502	318	1394	60
scaffold_194	39750	26635	29285	-	CP052044.1	4259108	1377688	1380344	1618	2656	60
scaffold_101	101313	27239	28310	+	CP052044.1	4259108	1377704	1378761	352	1072	60
scaffold_3	2381582	6541	7169	-	CP052044.1	4259108	1384001	1384738	114	737	60
scaffold_11	1212133	117793	118368	-	CP052044.1	4259108	1384072	1384663	99	591	60
scaffold_272	24052	14651	15133	+	CP052044.1	4259108	1384181	1384663	207	482	60
scaffold_154	60446	24582	28398	-	CP052044.1	4259108	1389013	1392874	515	3887	60
scaffold_10	1239786	1034514	1036993	+	CP052044.1	4259108	1390427	1392907	852	2483	60
scaffold_318	18503	10988	14030	+	CP052044.1	4259108	1403508	1406558	648	3052	60
scaffold_93	118238	2559	6568	-	CP052044.1	4259108	1407989	1412050	1445	4061	60
scaffold_457	9754	5343	9179	+	CP052044.1	4259108	1407989	1411898	2445	3909	60
scaffold_40	392173	182011	185147	+	CP052044.1	4259108	1408057	1411194	330	3137	60
scaffold_50	298037	111683	115115	-	CP052044.1	4259108	1408346	1411849	115	3503	60
scaffold_115	86240	668	2279	-	CP052044.1	4259108	1408376	1409987	278	1611	60
scaffold_464	9317	732	3652	-	CP052044.1	4259108	1418384	1421373	557	2989	60
scaffold_667	3720	776	3707	-	CP052044.1	4259108	1418442	1421373	2418	2931	60
scaffold_4	1881388	1597447	1598711	-	CP052044.1	4259108	1424975	1426240	319	1265	60
scaffold_14	908909	123974	125174	-	CP052044.1	4259108	1424975	1426176	334	1201	60
scaffold_16	897138	481729	483484	-	CP052044.1	4259108	1434157	1435920	112	1763	60
scaffold_10	1239786	1032741	1035918	+	CP052044.1	4259108	1456311	1459492	884	3189	60
scaffold_34	442899	440716	442866	+	CP052044.1	4259108	1461510	1463652	1128	2151	60
scaffold_365	15120	7	3161	-	CP052044.1	4259108	1461510	1464655	1777	3155	60
scaffold_133	76283	46829	49873	+	CP052044.1	4259108	1461515	1464560	1483	3047	60
scaffold_94	117662	17	3465	-	CP052044.1	4259108	1461519	1464968	2298	3450	60
scaffold_156	59460	37	252	-	CP052044.1	4259108	1461519	1461733	136	215	60
scaffold_93	118238	53677	59374	-	CP052044.1	4259108	1461538	1466894	1600	5730	60
scaffold_91	120630	5250	5581	+	CP052044.1	4259108	1461538	1461869	187	331	60
scaffold_173	47066	13512	14545	+	CP052044.1	4259108	1461538	1462593	543	1055	60
scaffold_1185	734	18	722	+	CP052044.1	4259108	1461661	1462364	425	704	60
scaffold_1159	757	11	741	-	CP052044.1	4259108	1461698	1462419	401	730	60
scaffold_1256	682	18	668	-	CP052044.1	4259108	1461933	1462583	409	650	60
scaffold_154	60446	59384	60440	-	CP052044.1	4259108	1462482	1463539	481	1057	60
scaffold_401	12799	12185	12454	-	CP052044.1	4259108	1472625	1472894	249	269	60
scaffold_401	12799	11568	12172	-	CP052044.1	4259108	1475725	1476329	497	604	60
scaffold_272	24052	10215	10537	+	CP052044.1	4259108	1476072	1476393	255	322	60
scaffold_1219	707	611	691	-	CP052044.1	4259108	1476313	1476393	80	80	60
scaffold_75	154281	41526	43067	+	CP052044.1	4259108	1483876	1485482	104	1617	60
scaffold_169	51120	18580	19794	+	CP052044.1	4259108	1502320	1503532	491	1215	60
scaffold_190	40947	27745	30783	+	CP052044.1	4259108	1502491	1505469	738	3038	60
scaffold_102	100464	56046	58106	-	CP052044.1	4259108	1505563	1508317	370	2760	60
scaffold_151	63507	21147	21844	+	CP052044.1	4259108	1505689	1506387	200	698	60
scaffold_343	16140	571	781	+	CP052044.1	4259108	1510236	1510447	182	211	60
scaffold_51	297976	238254	240232	+	CP052044.1	4259108	1510756	1512581	691	1983	60
scaffold_175	46490	36234	38183	-	CP052044.1	4259108	1511077	1513025	685	1949	60
scaffold_153	61587	7131	7809	+	CP052044.1	4259108	1527933	1528637	248	705	60
scaffold_133	76283	70725	71760	+	CP052044.1	4259108	1543408	1544445	115	1039	60
scaffold_133	76283	26142	28469	-	CP052044.1	4259108	1545061	1547400	133	2344	60
scaffold_194	39750	18114	18322	-	CP052044.1	4259108	1565067	1565267	121	208	60
scaffold_282	22153	3	778	+	CP052044.1	4259108	1566430	1567205	278	776	60
scaffold_80	143857	46773	47112	+	CP052044.1	4259108	1581432	1581771	115	339	60
scaffold_955	1150	8	930	-	CP052044.1	4259108	1582411	1583333	185	922	60
scaffold_272	24052	13599	14219	-	CP052044.1	4259108	1594982	1595605	102	628	60
scaffold_353	15650	6938	7673	+	CP052044.1	4259108	1676369	1677104	530	735	60
scaffold_292	21110	8920	10071	+	CP052044.1	4259108	1698362	1699511	404	1152	60
scaffold_99	104861	64947	65865	+	CP052044.1	4259108	1699845	1701201	198	1384	60
scaffold_175	46490	40950	41200	-	CP052044.1	4259108	1701252	1701502	177	250	60
scaffold_99	104861	65869	66109	-	CP052044.1	4259108	1701262	1701502	122	240	60
scaffold_175	46490	41203	43562	+	CP052044.1	4259108	1704331	1706683	1250	2362	60
scaffold_99	104861	66126	68514	+	CP052044.1	4259108	1704335	1706732	996	2406	60
scaffold_112	88048	67797	69626	-	CP052044.1	4259108	1704890	1706718	866	1832	60
scaffold_464	9317	9222	9315	-	CP052044.1	4259108	1706085	1706178	93	93	60
scaffold_1051	886	626	868	+	CP052044.1	4259108	1712747	1712988	198	242	60
scaffold_1000	973	4	960	+	CP052044.1	4259108	1743051	1744135	551	1084	60
scaffold_173	47066	41305	42657	+	CP052044.1	4259108	1761018	1762352	463	1353	60
scaffold_190	40947	2253	3559	+	CP052044.1	4259108	1761050	1762337	362	1307	60
scaffold_169	51120	41160	42244	+	CP052044.1	4259108	1761245	1762352	507	1107	60
scaffold_68	182924	6207	10681	+	CP052044.1	4259108	1795078	1799555	1394	4480	60
scaffold_131	76605	50906	54257	+	CP052044.1	4259108	1809472	1812826	420	3354	60
scaffold_635	4224	961	4219	+	CP052044.1	4259108	1816091	1819347	1218	3259	60
scaffold_1464	569	2	529	-	CP052044.1	4259108	1818470	1818996	309	527	60
scaffold_1235	696	14	649	+	CP052044.1	4259108	1819239	1819874	498	635	60
scaffold_772	2364	8	445	+	CP052044.1	4259108	1819802	1820304	252	502	60
scaffold_1292	660	1	601	-	CP052044.1	4259108	1820522	1821122	466	600	60
scaffold_759	2450	1963	2425	-	CP052044.1	4259108	1821021	1821483	337	462	60
scaffold_91	120630	35753	36158	-	CP052044.1	4259108	1823740	1824145	159	405	60
scaffold_156	59460	54882	55890	-	CP052044.1	4259108	1842353	1843341	539	1015	60
scaffold_21	738175	14	1313	-	CP052044.1	4259108	1854259	1855558	666	1299	60
scaffold_33	455355	12	118	-	CP052044.1	4259108	1854259	1854365	97	106	60
scaffold_80	143857	13	111	-	CP052044.1	4259108	1854267	1854365	89	98	60
scaffold_172	48882	39	258	-	CP052044.1	4259108	1854267	1854486	163	219	60
scaffold_45	358384	34	1297	+	CP052044.1	4259108	1854835	1856098	610	1263	60
scaffold_1415	597	14	586	-	CP052044.1	4259108	1854986	1855558	362	572	60
scaffold_85	135051	134223	135037	-	CP052044.1	4259108	1855284	1856098	423	814	60
scaffold_1492	560	1	543	+	CP052044.1	4259108	1855451	1855993	294	542	60
scaffold_1275	669	6	653	+	CP052044.1	4259108	1855451	1856098	260	647	60
scaffold_28	539988	62	187	+	CP052044.1	4259108	1855945	1856070	92	125	60
scaffold_177	45595	45484	45566	-	CP052044.1	4259108	1856016	1856098	82	82	60
scaffold_13	1103368	29	111	+	CP052044.1	4259108	1856016	1856098	82	82	60
scaffold_106	94230	26788	28333	-	CP052044.1	4259108	1858855	1860397	555	1548	60
scaffold_148	65701	24933	32039	-	CP052044.1	4259108	1881531	1888634	3963	7587	60
scaffold_282	22153	8915	11422	+	CP052044.1	4259108	1888877	1891385	1021	2509	60
scaffold_372	14523	5734	5922	-	CP052044.1	4259108	1891509	1891697	158	188	60
scaffold_181	44073	38053	41755	-	CP052044.1	4259108	1919981	1923717	2233	3737	60
scaffold_356	15572	12009	12473	+	CP052044.1	4259108	1920604	1921068	138	464	60
scaffold_194	39750	24718	25688	-	CP052044.1	4259108	1924259	1925229	266	970	60
scaffold_67	184376	958	7549	-	CP052044.1	4259108	1933109	1939719	1958	6697	60
scaffold_90	123581	13	323	-	CP052044.1	4259108	1933126	1933412	213	310	60
scaffold_292	21110	18560	19282	+	CP052044.1	4259108	1933776	1934495	485	727	60
scaffold_371	14652	3791	4434	-	CP052044.1	4259108	1933863	1934495	109	654	60
scaffold_111	88385	81259	85281	+	CP052044.1	4259108	1934508	1938517	301	4046	60
scaffold_292	21110	16228	18528	+	CP052044.1	4259108	1934508	1936792	990	2338	60
scaffold_50	298037	96360	101207	-	CP052044.1	4259108	1935031	1939788	1384	4887	60
scaffold_66	184824	181672	184389	+	CP052044.1	4259108	1935038	1937749	1144	2744	60
scaffold_153	61587	47484	49334	+	CP052044.1	4259108	1939802	1941652	1650	1850	60
scaffold_305	20108	15847	16208	-	CP052044.1	4259108	1946098	1946459	273	361	60
scaffold_107	93315	27146	27564	-	CP052044.1	4259108	1946098	1946515	259	418	60
scaffold_33	455355	444682	445424	-	CP052044.1	4259108	1972830	1973581	234	752	60
scaffold_115	86240	21576	21993	+	CP052044.1	4259108	1973115	1973502	130	417	60
scaffold_68	182924	139860	140360	+	CP052044.1	4259108	1991853	1992352	222	500	60
scaffold_93	118238	66191	67748	-	CP052044.1	4259108	2012343	2013903	592	1560	60
scaffold_194	39750	8908	9535	+	CP052044.1	4259108	2085702	2086327	167	627	60
scaffold_173	47066	10659	12659	+	CP052044.1	4259108	2104078	2106077	1448	2000	60
scaffold_75	154281	27450	28480	+	CP052044.1	4259108	2105047	2106077	730	1030	60
scaffold_243	28230	24539	25247	-	CP052044.1	4259108	2105369	2106077	174	708	60
scaffold_249	26889	4517	8132	+	CP052044.1	4259108	2137274	2140914	1806	3642	60
scaffold_101	101313	37439	40465	+	CP052044.1	4259108	2144680	2147689	1723	3030	60
scaffold_10	1239786	1108655	1109933	-	CP052044.1	4259108	2172453	2173732	185	1279	60
scaffold_156	59460	54059	54334	+	CP052044.1	4259108	2198622	2198897	185	275	60
scaffold_13	1103368	17094	19470	+	CP052044.1	4259108	2255184	2257563	1214	2379	60
scaffold_99	104861	26595	28346	-	CP052044.1	4259108	2255812	2257563	930	1751	60
scaffold_28	539988	42200	43921	-	CP052044.1	4259108	2307513	2309217	971	1721	60
scaffold_13	1103368	26688	26892	-	CP052044.1	4259108	2309963	2310167	128	204	60
scaffold_41	384429	344045	344216	-	CP052044.1	4259108	2311998	2312169	138	171	60
scaffold_4	1881388	1601831	1603655	+	CP052044.1	4259108	2312273	2314097	325	1824	60
scaffold_50	298037	199455	201287	+	CP052044.1	4259108	2312273	2314105	407	1832	60
scaffold_429	11191	7419	8432	-	CP052044.1	4259108	2312984	2313997	152	1013	60
scaffold_99	104861	74449	77636	+	CP052044.1	4259108	2314156	2317345	2308	3198	60
scaffold_154	60446	16388	18998	+	CP052044.1	4259108	2317357	2319962	1866	2610	60
scaffold_111	88385	30247	33840	+	CP052044.1	4259108	2317357	2320723	2138	3593	60
scaffold_96	109087	18008	18114	-	CP052044.1	4259108	2321858	2321964	91	106	60
scaffold_133	76283	64265	68195	-	CP052044.1	4259108	2322333	2326238	1280	3956	60
scaffold_356	15572	1005	2827	-	CP052044.1	4259108	2329640	2331328	902	1853	60
scaffold_133	76283	61010	64004	-	CP052044.1	4259108	2339455	2342447	1172	2994	60
scaffold_112	88048	83823	86035	+	CP052044.1	4259108	2348697	2350930	384	2233	60
scaffold_88	125722	76668	76877	-	CP052044.1	4259108	2368714	2368924	121	210	60
scaffold_61	235649	68254	70056	-	CP052044.1	4259108	2384242	2386044	1554	1802	60
scaffold_68	182924	13107	14033	+	CP052044.1	4259108	2388641	2389564	475	927	60
scaffold_14	908909	278341	281187	-	CP052044.1	4259108	2396468	2399322	2155	2854	60
scaffold_110	91422	15145	15265	-	CP052044.1	4259108	2414813	2414933	120	120	60
scaffold_304	20323	8402	9154	+	CP052044.1	4259108	2419325	2420074	405	753	60
scaffold_154	60446	37255	37573	+	CP052044.1	4259108	2422062	2422380	118	318	60
scaffold_80	143857	29976	31949	+	CP052044.1	4259108	2428265	2430079	988	1979	60
scaffold_156	59460	12121	13574	-	CP052044.1	4259108	2428271	2429704	366	1468	60
scaffold_101	101313	12114	13512	+	CP052044.1	4259108	2428321	2429704	386	1414	60
scaffold_304	20323	9574	10471	-	CP052044.1	4259108	2441495	2442391	567	900	60
scaffold_143	70430	33773	34486	-	CP052044.1	4259108	2442416	2443129	468	714	60
scaffold_51	297976	78043	78460	+	CP052044.1	4259108	2442416	2442833	154	417	60
scaffold_99	104861	7488	7815	-	CP052044.1	4259108	2443578	2443906	194	328	60
scaffold_101	101313	57535	62723	+	CP052044.1	4259108	2447659	2452868	3391	5219	60
scaffold_85	135051	102382	103021	+	CP052044.1	4259108	2467706	2468360	141	656	60
scaffold_101	101313	17677	20712	-	CP052044.1	4259108	2471049	2474064	941	3041	60
scaffold_1424	594	151	401	+	CP052044.1	4259108	2474122	2474373	227	251	60
scaffold_85	135051	75245	77488	+	CP052044.1	4259108	2474761	2476996	1659	2243	60
scaffold_50	298037	107278	107582	+	CP052044.1	4259108	2477014	2477318	108	304	60
scaffold_80	143857	49826	50037	-	CP052044.1	4259108	2477128	2477339	179	211	60
scaffold_128	78074	70022	70271	-	CP052044.1	4259108	2478543	2478792	213	249	60
scaffold_213	34980	9	127	-	CP052044.1	4259108	2478881	2478999	87	118	60
scaffold_228	31656	31530	31648	+	CP052044.1	4259108	2478881	2478999	87	118	60
scaffold_873	1529	0	1529	+	CP052044.1	4259108	2478881	2480238	1074	1529	60
scaffold_72	167802	167675	167793	+	CP052044.1	4259108	2478881	2478999	87	118	60
scaffold_46	353283	9	127	-	CP052044.1	4259108	2478881	2478999	87	118	60
scaffold_35	440808	440681	440789	-	CP052044.1	4259108	2480131	2480238	94	108	60
scaffold_4	1881388	17	125	+	CP052044.1	4259108	2480131	2480238	94	108	60
scaffold_127	79228	79102	79210	-	CP052044.1	4259108	2480131	2480238	94	108	60
scaffold_1	2692756	2692629	2692737	-	CP052044.1	4259108	2480131	2480238	94	108	60
scaffold_91	120630	104528	104771	+	CP052044.1	4259108	2489625	2489850	131	243	60
scaffold_83	140534	26486	26777	+	CP052044.1	4259108	2489625	2489898	131	291	60
scaffold_91	120630	112396	112708	+	CP052044.1	4259108	2489625	2489919	188	312	60
scaffold_40	392173	74693	74898	+	CP052044.1	4259108	2489646	2489850	130	205	60
scaffold_48	348853	229564	229838	+	CP052044.1	4259108	2489646	2489919	152	274	60
scaffold_83	140534	87692	87971	-	CP052044.1	4259108	2489672	2489950	110	279	60
scaffold_1537	542	114	505	-	CP052044.1	4259108	2490315	2491128	199	813	60
scaffold_154	60446	44418	47332	-	CP052044.1	4259108	2491255	2494664	1149	3411	60
scaffold_93	118238	72130	79348	-	CP052044.1	4259108	2491284	2501778	1820	10519	60
scaffold_249	26889	19539	24585	-	CP052044.1	4259108	2493919	2501204	1838	7316	60
scaffold_85	135051	84873	93846	+	CP052044.1	4259108	2493985	2505142	3811	11238	60
scaffold_154	60446	44294	44389	-	CP052044.1	4259108	2496037	2496132	79	95	60
scaffold_154	60446	38708	44253	-	CP052044.1	4259108	2498390	2503885	1881	5580	60
scaffold_68	182924	32490	35776	-	CP052044.1	4259108	2499652	2502872	502	3293	60
scaffold_258	25314	3707	9137	+	CP052044.1	4259108	2503908	2509613	423	5734	60
scaffold_107	93315	80179	81522	-	CP052044.1	4259108	2505448	2506775	252	1345	60
scaffold_99	104861	40487	43685	+	CP052044.1	4259108	2506623	2509843	329	3237	60
scaffold_273	23718	4119	4638	-	CP052044.1	4259108	2507360	2507880	103	520	60
scaffold_80	143857	37051	39726	-	CP052044.1	4259108	2508972	2511645	1475	2681	60
scaffold_282	22153	4460	5584	-	CP052044.1	4259108	2561447	2562392	460	1124	60
scaffold_11	1212133	46944	47205	-	CP052044.1	4259108	2581815	2582085	137	270	60
scaffold_874	1526	34	1343	-	CP052044.1	4259108	2595001	2596310	1153	1309	60
scaffold_1093	833	544	820	-	CP052044.1	4259108	2596426	2596702	210	276	60
scaffold_169	51120	33590	35815	-	CP052044.1	4259108	2597829	2599939	168	2236	60
scaffold_75	154281	143976	144506	-	CP052044.1	4259108	2606264	2606805	150	542	60
scaffold_13	1103368	10175	15031	-	CP052044.1	4259108	2612609	2617457	3094	4868	60
scaffold_45	358384	213602	215837	+	CP052044.1	4259108	2614079	2616341	1006	2262	60
scaffold_1350	630	358	619	-	CP052044.1	4259108	2614539	2614801	142	283	60
scaffold_51	297976	70751	73201	-	CP052044.1	4259108	2623210	2625612	371	2454	60
scaffold_68	182924	128929	131913	-	CP052044.1	4259108	2635320	2638304	1816	2984	60
scaffold_93	118238	90334	92813	+	CP052044.1	4259108	2639644	2641977	538	2490	60
scaffold_245	27720	1559	8397	-	CP052044.1	4259108	2642311	2651429	3058	9131	60
scaffold_80	143857	2737	15670	-	CP052044.1	4259108	2660761	2676735	5610	16008	60
scaffold_80	143857	207	803	-	CP052044.1	4259108	2676875	2677474	243	601	60
scaffold_13	1103368	186	8053	+	CP052044.1	4259108	2677622	2685542	2192	7933	60
scaffold_85	135051	97912	100184	+	CP052044.1	4259108	2688388	2690677	508	2290	60
scaffold_50	298037	75986	79467	-	CP052044.1	4259108	2696149	2699799	1985	3666	60
scaffold_96	109087	65167	66717	-	CP052044.1	4259108	2703203	2704713	634	1566	60
scaffold_50	298037	74386	75885	-	CP052044.1	4259108	2703254	2704713	753	1513	60
scaffold_296	20863	15798	15912	-	CP052044.1	4259108	2704336	2704450	103	114	60
scaffold_173	47066	36366	36671	+	CP052044.1	4259108	2710080	2710385	136	305	60
scaffold_101	101313	40360	40732	-	CP052044.1	4259108	2710080	2710452	126	373	60
scaffold_106	94230	1342	3117	+	CP052044.1	4259108	2710553	2712332	1219	1779	60
scaffold_3	2381582	20441	21164	+	CP052044.1	4259108	2712353	2713194	163	841	60
scaffold_429	11191	10989	11187	+	CP052044.1	4259108	2714292	2714490	166	198	60
scaffold_91	120630	16	941	-	CP052044.1	4259108	2714292	2715217	713	925	60
scaffold_343	16140	16	551	-	CP052044.1	4259108	2714292	2714827	275	535	60
scaffold_9	1406917	1341944	1344128	+	CP052044.1	4259108	2714292	2716480	1151	2193	60
scaffold_106	94230	17	1248	-	CP052044.1	4259108	2714397	2715214	577	1231	60
scaffold_80	143857	28108	28899	-	CP052044.1	4259108	2714711	2715512	143	805	60
scaffold_288	21810	23	203	+	CP052044.1	4259108	2716305	2716485	154	180	60
scaffold_96	109087	108924	109073	-	CP052044.1	4259108	2716336	2716485	142	149	60
scaffold_328	17820	17701	17815	-	CP052044.1	4259108	2716366	2716480	88	114	60
scaffold_1001	972	848	967	-	CP052044.1	4259108	2716366	2716485	112	119	60
scaffold_1406	602	11	600	-	CP052044.1	4259108	2734621	2735104	298	589	60
scaffold_51	297976	137291	138676	+	CP052044.1	4259108	2734621	2735899	397	1385	60
scaffold_151	63507	62596	63498	-	CP052044.1	4259108	2734997	2735898	604	902	60
scaffold_1609	523	330	523	-	CP052044.1	4259108	2735712	2735905	121	193	60
scaffold_107	93315	74123	74341	+	CP052044.1	4259108	2742671	2742907	114	236	60
scaffold_11	1212133	76207	77647	+	CP052044.1	4259108	2743033	2744473	1079	1440	60
scaffold_175	46490	27160	28545	+	CP052044.1	4259108	2770644	2771870	471	1386	60
scaffold_106	94230	3128	4174	-	CP052044.1	4259108	2772148	2773194	800	1046	60
scaffold_272	24052	20304	21340	-	CP052044.1	4259108	2772148	2773194	785	1046	60
scaffold_212	35064	15341	16314	+	CP052044.1	4259108	2772179	2773155	315	997	60
scaffold_75	154281	25880	26834	-	CP052044.1	4259108	2772186	2773140	138	954	60
scaffold_112	88048	26137	26846	+	CP052044.1	4259108	2772186	2772895	265	709	60
scaffold_99	104861	21131	24777	+	CP052044.1	4259108	2773839	2777470	2975	3649	60
scaffold_292	21110	5881	6698	+	CP052044.1	4259108	2784055	2784875	624	820	60
scaffold_126	79365	29518	29922	+	CP052044.1	4259108	2813280	2813667	240	404	60
scaffold_283	22139	6551	6728	-	CP052044.1	4259108	2830812	2830989	106	177	60
scaffold_249	26889	1137	4114	+	CP052044.1	4259108	2830942	2832948	1066	2977	60
scaffold_51	297976	199450	199614	-	CP052044.1	4259108	2847517	2847681	100	164	60
scaffold_156	59460	37066	37225	+	CP052044.1	4259108	2850139	2850298	125	159	60
scaffold_37	420435	320491	321871	+	CP052044.1	4259108	2853848	2855212	547	1380	60
scaffold_829	1879	1655	1821	-	CP052044.1	4259108	2883606	2883773	113	167	60
scaffold_811	2011	2	1292	-	CP052044.1	4259108	2888196	2889484	880	1290	60
scaffold_245	27720	12236	26966	-	CP052044.1	4259108	2888232	2909384	10059	21269	60
scaffold_1108	817	23	812	+	CP052044.1	4259108	2891284	2892073	513	789	60
scaffold_101	101313	42829	43890	+	CP052044.1	4259108	2892828	2893889	553	1061	60
scaffold_814	1999	10	1955	-	CP052044.1	4259108	2894596	2896458	836	1953	60
scaffold_80	143857	141846	143843	-	CP052044.1	4259108	2896370	2898373	740	2003	60
scaffold_80	143857	114469	141780	-	CP052044.1	4259108	2903029	2930638	12119	29303	60
scaffold_51	297976	78576	81493	+	CP052044.1	4259108	2903509	2906430	818	2923	60
scaffold_245	27720	11032	11956	-	CP052044.1	4259108	2911528	2912452	602	924	60
scaffold_75	154281	144999	151186	-	CP052044.1	4259108	2924053	2930621	2567	6582	60
scaffold_148	65701	11271	12719	-	CP052044.1	4259108	2929230	2930678	1047	1448	60
scaffold_101	101313	62730	65604	+	CP052044.1	4259108	2931169	2934044	2127	2875	60
scaffold_85	135051	79766	82527	-	CP052044.1	4259108	2931169	2934004	103	2840	60
scaffold_305	20108	2500	5458	-	CP052044.1	4259108	2952845	2955794	2176	2969	60
scaffold_106	94230	74364	77326	+	CP052044.1	4259108	2952845	2955794	1570	2969	60
scaffold_1467	568	36	512	+	CP052044.1	4259108	2957887	2958262	161	476	60
scaffold_1524	547	10	308	-	CP052044.1	4259108	2958990	2959289	212	299	60
scaffold_61	235649	20289	28040	-	CP052044.1	4259108	2959104	2969129	3903	10033	60
scaffold_174	47065	4912	5229	-	CP052044.1	4259108	2966185	2966502	156	317	60
scaffold_789	2197	37	2186	+	CP052044.1	4259108	2971533	2973685	1333	2160	60
scaffold_747	2622	37	275	+	CP052044.1	4259108	2971533	2971771	93	238	60
scaffold_658	3860	58	3717	-	CP052044.1	4259108	2973585	2977261	1794	3680	60
scaffold_1360	624	10	599	+	CP052044.1	4259108	2976006	2976595	334	589	60
scaffold_1653	514	3	514	+	CP052044.1	4259108	2976501	2977012	300	511	60
scaffold_607	4893	40	4843	-	CP052044.1	4259108	2977242	2981980	1419	4810	60
scaffold_802	2066	8	2053	+	CP052044.1	4259108	2977479	2979397	605	2049	60
scaffold_1469	567	65	555	-	CP052044.1	4259108	2977630	2978124	291	494	60
scaffold_422	11859	43	10357	+	CP052044.1	4259108	2979721	2990047	3682	10348	60
scaffold_1358	625	34	587	+	CP052044.1	4259108	2982617	2983170	286	555	60
scaffold_1325	643	81	561	-	CP052044.1	4259108	2983679	2984160	209	481	60
scaffold_951	1157	13	1139	+	CP052044.1	4259108	2985266	2986386	651	1126	60
scaffold_475	9056	15	9007	+	CP052044.1	4259108	2986333	2995103	1870	9012	60
scaffold_63	225848	189267	189612	-	CP052044.1	4259108	2988577	2988932	202	355	60
scaffold_422	11859	10547	11810	+	CP052044.1	4259108	2993840	2995103	583	1264	60
scaffold_1351	629	17	601	+	CP052044.1	4259108	2995042	2995626	172	584	60
scaffold_972	1071	39	991	-	CP052044.1	4259108	2995607	2996558	384	952	60
scaffold_1043	898	39	854	-	CP052044.1	4259108	2995744	2996558	306	815	60
scaffold_1039	907	65	554	+	CP052044.1	4259108	2996535	2996991	193	489	60
scaffold_425	11675	7	9621	-	CP052044.1	4259108	2998012	3007632	3681	9684	60
scaffold_260	25224	1641	13490	-	CP052044.1	4259108	2998055	3009374	4903	12049	60
scaffold_818	1983	1133	1862	+	CP052044.1	4259108	3010174	3010903	218	729	60
scaffold_1233	697	45	406	-	CP052044.1	4259108	3011187	3011548	274	361	60
scaffold_811	2011	1597	1999	-	CP052044.1	4259108	3011478	3011880	282	402	60
scaffold_245	27720	27290	27708	-	CP052044.1	4259108	3011478	3011897	276	419	60
scaffold_80	143857	113115	113290	-	CP052044.1	4259108	3012131	3012306	130	175	60
scaffold_75	154281	75812	77732	-	CP052044.1	4259108	3029728	3031656	277	1929	60
scaffold_1139	775	40	733	-	CP052044.1	4259108	3064981	3065668	249	693	60
scaffold_10	1239786	1219563	1220586	+	CP052044.1	4259108	3079432	3080455	138	1023	60
scaffold_99	104861	36176	36671	-	CP052044.1	4259108	3092020	3092514	185	495	60
scaffold_262	24986	8216	10578	+	CP052044.1	4259108	3094922	3097866	659	2945	60
scaffold_371	14652	11285	12971	-	CP052044.1	4259108	3158568	3160253	1046	1687	60
scaffold_11	1212133	21960	22060	+	CP052044.1	4259108	3161704	3161804	87	100	60
scaffold_51	297976	204052	204770	+	CP052044.1	4259108	3161964	3162681	382	718	60
scaffold_465	9291	2343	2534	+	CP052044.1	4259108	3177462	3177655	100	193	60
scaffold_28	539988	187212	190007	-	CP052044.1	4259108	3286779	3289575	2130	2796	60
scaffold_10	1239786	880784	883530	+	CP052044.1	4259108	3286779	3289575	543	2796	60
scaffold_61	235649	105950	126192	-	CP052044.1	4259108	3308767	3327843	7913	20275	60
scaffold_61	235649	101156	105396	+	CP052044.1	4259108	3329991	3334635	176	4644	60
scaffold_1661	512	8	425	+	CP052044.1	4259108	3350452	3350887	218	436	60
scaffold_1242	695	49	225	+	CP052044.1	4259108	3363092	3363268	117	176	60
scaffold_877	1508	1061	1291	-	CP052044.1	4259108	3363603	3363835	116	232	60
scaffold_61	235649	26320	67547	-	CP052044.1	4259108	3364717	3420465	16662	58089	60
scaffold_143	70430	63528	64249	-	CP052044.1	4259108	3372736	3373457	372	721	60
scaffold_11	1212133	54866	57471	-	CP052044.1	4259108	3402653	3405529	1469	2876	60
scaffold_305	20108	12558	15320	-	CP052044.1	4259108	3402865	3405502	320	2763	60
scaffold_996	1000	53	958	-	CP052044.1	4259108	3412204	3413109	616	905	60
scaffold_1722	500	20	488	+	CP052044.1	4259108	3414368	3414836	285	468	60
scaffold_1524	547	47	545	-	CP052044.1	4259108	3418389	3418893	198	504	60
scaffold_175	46490	4897	6307	-	CP052044.1	4259108	3435913	3437323	611	1410	60
scaffold_533	6969	3876	6895	+	CP052044.1	4259108	3437732	3440736	678	3021	60
scaffold_99	104861	43424	47136	-	CP052044.1	4259108	3443280	3446620	507	3732	60
scaffold_133	76283	58390	60849	-	CP052044.1	4259108	3443990	3446391	316	2488	60
scaffold_1507	556	164	525	+	CP052044.1	4259108	3444527	3444886	161	361	60
scaffold_258	25314	9109	10937	-	CP052044.1	4259108	3444660	3446620	372	1975	60
scaffold_1070	866	16	849	-	CP052044.1	4259108	3445744	3446565	184	833	60
scaffold_153	61587	38713	38840	+	CP052044.1	4259108	3457449	3457576	123	127	60
scaffold_107	93315	57004	57935	-	CP052044.1	4259108	3461658	3462587	281	931	60
scaffold_11	1212133	58865	59177	-	CP052044.1	4259108	3476729	3477041	268	312	60
scaffold_51	297976	53099	53359	+	CP052044.1	4259108	3477107	3477368	131	261	60
scaffold_51	297976	57623	58034	+	CP052044.1	4259108	3478206	3478616	138	411	60
scaffold_50	298037	44603	44973	+	CP052044.1	4259108	3486204	3486578	159	374	60
scaffold_48	348853	157841	158211	+	CP052044.1	4259108	3486204	3486578	181	374	60
scaffold_16	897138	27498	27859	-	CP052044.1	4259108	3486213	3486578	153	365	60
scaffold_128	78074	37332	39090	-	CP052044.1	4259108	3492490	3494249	1309	1759	60
scaffold_85	135051	112271	113227	+	CP052044.1	4259108	3528272	3529222	333	956	60
scaffold_212	35064	5733	6669	-	CP052044.1	4259108	3528272	3529202	265	936	60
scaffold_305	20108	16307	17263	+	CP052044.1	4259108	3528272	3529222	230	956	60
scaffold_96	109087	43384	43631	+	CP052044.1	4259108	3534929	3535175	161	247	60
scaffold_323	18080	7727	8053	+	CP052044.1	4259108	3534952	3535277	135	326	60
scaffold_153	61587	28288	31537	-	CP052044.1	4259108	3539313	3542411	941	3250	60
scaffold_1308	653	284	632	-	CP052044.1	4259108	3544671	3545019	273	348	60
scaffold_358	15501	10067	10256	+	CP052044.1	4259108	3544671	3544859	88	189	60
scaffold_212	35064	27443	33733	-	CP052044.1	4259108	3548038	3554215	3346	6457	60
scaffold_144	69844	36581	36924	+	CP052044.1	4259108	3580232	3580575	202	343	60
scaffold_815	1992	41	1979	-	CP052044.1	4259108	3580314	3582254	1622	1941	60
scaffold_218	33655	22644	23473	-	CP052044.1	4259108	3581413	3582253	169	850	60
scaffold_328	17820	128	1081	-	CP052044.1	4259108	3590197	3591156	740	959	60
scaffold_212	35064	22814	23034	-	CP052044.1	4259108	3590241	3590461	167	220	60
scaffold_80	143857	75796	77507	-	CP052044.1	4259108	3595089	3596800	631	1711	60
scaffold_13	1103368	20738	23646	+	CP052044.1	4259108	3602620	3605366	1678	2909	60
scaffold_51	297976	190760	192938	+	CP052044.1	4259108	3605455	3607623	224	2178	60
scaffold_112	88048	56602	58339	+	CP052044.1	4259108	3605895	3607623	487	1737	60
scaffold_14	908909	130360	130672	-	CP052044.1	4259108	3617713	3618028	127	315	60
scaffold_318	18503	17152	18028	-	CP052044.1	4259108	3630345	3631221	603	876	60
scaffold_50	298037	108802	109676	+	CP052044.1	4259108	3632799	3633673	628	874	60
scaffold_115	86240	7676	9087	-	CP052044.1	4259108	3646862	3648269	144	1411	60
scaffold_133	76283	40152	40553	-	CP052044.1	4259108	3654067	3654461	210	401	60
scaffold_292	21110	7287	8315	+	CP052044.1	4259108	3668591	3669612	362	1028	60
scaffold_305	20108	8946	9784	-	CP052044.1	4259108	3668781	3669612	184	838	60
scaffold_40	392173	138888	139282	-	CP052044.1	4259108	3687453	3687846	204	394	60
scaffold_151	63507	9388	12215	+	CP052044.1	4259108	3723268	3726095	1766	2827	60
scaffold_67	184376	14604	17371	-	CP052044.1	4259108	3723296	3726074	967	2784	60
scaffold_982	1040	430	1030	+	CP052044.1	4259108	3730648	3731248	518	600	60
scaffold_88	125722	9258	14309	-	CP052044.1	4259108	3731141	3736202	4628	5061	60
scaffold_679	3514	3082	3514	-	CP052044.1	4259108	3733756	3734188	259	432	60
scaffold_122	81337	32532	32798	+	CP052044.1	4259108	3742808	3743074	101	266	60
scaffold_104	98169	60073	60166	+	CP052044.1	4259108	3742915	3743008	88	93	60
scaffold_665	3741	1583	2854	-	CP052044.1	4259108	3743074	3744345	968	1271	60
scaffold_75	154281	143964	144234	-	CP052044.1	4259108	3746630	3746918	180	288	60
scaffold_18	791344	52056	52364	+	CP052044.1	4259108	3748372	3748680	204	308	60
scaffold_110	91422	89526	90818	+	CP052044.1	4259108	3755067	3756357	168	1292	60
scaffold_75	154281	118755	119037	+	CP052044.1	4259108	3757363	3757645	124	282	60
scaffold_67	184376	25215	25355	+	CP052044.1	4259108	3757429	3757569	107	140	60
scaffold_93	118238	50598	53661	-	CP052044.1	4259108	3788333	3791391	887	3064	60
scaffold_68	182924	96326	98919	+	CP052044.1	4259108	3794451	3797104	629	2662	60
scaffold_110	91422	70350	71151	+	CP052044.1	4259108	3824694	3825495	584	801	60
scaffold_110	91422	22254	22705	-	CP052044.1	4259108	3824923	3825374	143	451	60
scaffold_175	46490	35984	36231	-	CP052044.1	4259108	3825248	3825495	198	247	60
scaffold_107	93315	64843	68081	+	CP052044.1	4259108	3828337	3831509	475	3266	60
scaffold_93	118238	42630	49858	+	CP052044.1	4259108	3830067	3838066	1565	8025	60
scaffold_68	182924	148150	150926	-	CP052044.1	4259108	3865549	3868334	505	2801	60
scaffold_148	65701	12755	15046	+	CP052044.1	4259108	3865795	3868334	531	2566	60
scaffold_26	567511	563678	565489	+	CP052044.1	4259108	3913377	3915187	960	1811	60
scaffold_60	240913	127409	129230	-	CP052044.1	4259108	3913377	3915197	1142	1821	60
scaffold_156	59460	15561	19074	-	CP052044.1	4259108	3918671	3922319	1575	3683	60
scaffold_88	125722	20983	22842	-	CP052044.1	4259108	3933487	3935376	1027	1889	60
scaffold_143	70430	38006	47424	-	CP052044.1	4259108	3935514	3945090	7636	9577	60
scaffold_156	59460	27593	37052	-	CP052044.1	4259108	3935568	3945090	2079	9523	60
scaffold_243	28230	9047	13077	+	CP052044.1	4259108	3935585	3939301	2397	4127	60
scaffold_110	91422	33073	33194	+	CP052044.1	4259108	3975988	3976109	103	121	60
scaffold_106	94230	54555	64878	+	CP052044.1	4259108	3976531	3985677	6945	11359	60
scaffold_296	20863	12748	14442	-	CP052044.1	4259108	3983645	3985330	171	1694	60
scaffold_75	154281	46536	47601	+	CP052044.1	4259108	3984613	3985677	391	1066	60
scaffold_122	81337	73344	74040	+	CP052044.1	4259108	3984891	3985588	151	697	60
scaffold_1173	744	16	714	-	CP052044.1	4259108	4011854	4012551	469	698	60
scaffold_106	94230	67562	69161	+	CP052044.1	4259108	4025796	4027263	913	1602	60
scaffold_80	143857	108232	109437	+	CP052044.1	4259108	4026326	4027377	617	1212	60
scaffold_82	143064	107477	109049	-	CP052044.1	4259108	4030571	4032131	173	1573	60
scaffold_133	76283	34741	39506	-	CP052044.1	4259108	4031662	4036584	2419	4922	60
scaffold_80	143857	106129	107481	-	CP052044.1	4259108	4032423	4033786	958	1373	60
scaffold_1489	562	38	295	+	CP052044.1	4259108	4036298	4036560	158	262	60
scaffold_96	109087	43780	50985	-	CP052044.1	4259108	4038726	4046861	2573	8150	60
scaffold_80	143857	91738	96618	-	CP052044.1	4259108	4046924	4051828	2954	4907	60
scaffold_133	76283	29393	34742	-	CP052044.1	4259108	4046924	4052271	2207	5358	60
scaffold_1489	562	318	551	+	CP052044.1	4259108	4046924	4047157	193	233	60
scaffold_194	39750	9135	10224	+	CP052044.1	4259108	4053976	4055402	451	1427	60
scaffold_67	184376	22603	22878	-	CP052044.1	4259108	4055466	4055741	132	275	60
scaffold_96	109087	29663	29903	-	CP052044.1	4259108	4055507	4055747	99	240	60
scaffold_80	143857	109526	109719	-	CP052044.1	4259108	4056108	4056299	114	193	60
scaffold_85	135051	25326	26093	-	CP052044.1	4259108	4064820	4065587	418	767	60
scaffold_308	19755	2962	4065	-	CP052044.1	4259108	4066416	4067516	418	1103	60
scaffold_465	9291	2726	4081	-	CP052044.1	4259108	4067158	4068345	403	1355	60
scaffold_51	297976	187364	187788	-	CP052044.1	4259108	4069634	4070029	121	425	60
scaffold_169	51120	20091	21981	-	CP052044.1	4259108	4091689	4093577	495	1891	60
scaffold_115	86240	28016	30542	+	CP052044.1	4259108	4091926	4094483	173	2557	60
scaffold_1326	643	44	642	-	CP052044.1	4259108	4092125	4092723	560	598	60
scaffold_83	140534	21970	25882	-	CP052044.1	4259108	4096987	4100902	2422	3915	60
scaffold_51	297976	193396	195383	+	CP052044.1	4259108	4098834	4100902	773	2071	60
scaffold_133	76283	54766	55592	+	CP052044.1	4259108	4103916	4104722	244	828	60
scaffold_83	140534	88054	91437	+	CP052044.1	4259108	4104041	4107379	1992	3385	60
scaffold_644	4150	3064	4006	+	CP052044.1	4259108	4107447	4108395	412	948	60
scaffold_51	297976	197018	197823	+	CP052044.1	4259108	4107570	4108412	219	842	60
scaffold_51	297976	99986	100620	+	CP052044.1	4259108	4107762	4108395	167	634	60
scaffold_67	184376	98001	98852	+	CP052044.1	4259108	4108827	4109749	104	922	60
scaffold_187	42170	32855	33004	-	CP052044.1	4259108	4132335	4132484	110	149	60
scaffold_11	1212133	77161	78537	-	CP052044.1	4259108	4170673	4172050	344	1378	60
scaffold_122	81337	38699	39370	-	CP052044.1	4259108	4182489	4183132	123	671	60
scaffold_13	1103368	15222	15989	-	CP052044.1	4259108	4182530	4183318	230	791	60
scaffold_93	118238	68693	72088	-	CP052044.1	4259108	4183473	4186925	307	3453	60
scaffold_101	101313	9617	11698	+	CP052044.1	4259108	4184077	4186184	581	2110	60
scaffold_99	104861	33864	34677	-	CP052044.1	4259108	4186114	4186955	628	841	60
scaffold_91	120630	21083	27429	-	CP052044.1	4259108	4226835	4232927	385	6346	60
scaffold_77	149510	27190	28397	-	CP052044.1	4259108	4244024	4245231	548	1207	60
scaffold_590	5230	6	1643	-	CP052044.1	4259108	4246506	4248149	1167	1644	60
scaffold_106	94230	38541	38765	-	CP052044.1	4259108	4248709	4249014	108	307	60
scaffold_106	94230	16490	16821	-	CP052044.1	4259108	4248721	4249056	96	337	60
scaffold_96	109087	5662	5837	+	CP052044.1	4259108	4252576	4252745	130	175	60
scaffold_91	120630	21448	22641	+	CP052044.1	4259108	501057	502250	431	1193	59
scaffold_99	104861	57184	57331	-	CP052044.1	4259108	637796	637943	101	147	59
scaffold_91	120630	34060	34590	+	CP052044.1	4259108	1412543	1413040	169	530	59
scaffold_852	1676	162	1614	-	CP052044.1	4259108	1981243	1982595	667	1452	59
scaffold_68	182924	17176	19869	+	CP052044.1	4259108	2704726	2707288	1566	2693	59
scaffold_148	65701	21172	22387	+	CP052044.1	4259108	3745502	3746704	152	1218	59
scaffold_153	61587	27357	27621	-	CP052044.1	4259108	259293	259563	102	296	58
scaffold_169	51120	9745	10223	-	CP052044.1	4259108	227136	227621	309	488	57
scaffold_32	471417	471112	471234	+	CP052044.1	4259108	419453	419567	94	136	57
scaffold_181	44073	25858	25975	+	CP052044.1	4259108	860921	861044	108	123	57
scaffold_50	298037	292401	293070	+	CP052044.1	4259108	2308552	2309221	86	669	57
scaffold_296	20863	20221	20469	-	CP052044.1	4259108	3363619	3363866	207	248	57
scaffold_112	88048	44109	44218	+	CP052044.1	4259108	4252636	4252739	78	109	57
scaffold_172	48882	38646	38800	+	CP052044.1	4259108	36133	36285	125	154	56
scaffold_194	39750	38762	39200	-	CP052044.1	4259108	734259	734698	162	439	56
scaffold_77	149510	78672	78781	-	CP052044.1	4259108	1087941	1088050	75	109	56
scaffold_175	46490	17584	24643	+	CP052044.1	4259108	1377704	1384674	1589	7125	56
scaffold_1117	806	464	733	-	CP052044.1	4259108	592624	592881	150	269	55
scaffold_83	140534	80349	80479	-	CP052044.1	4259108	637785	637915	84	130	55
scaffold_129	76929	35665	37188	-	CP052044.1	4259108	820084	821619	87	1538	55
scaffold_356	15572	3739	8807	+	CP052044.1	4259108	1442213	1447062	3022	5169	55
scaffold_148	65701	22884	23000	+	CP052044.1	4259108	1812723	1812838	98	116	55
scaffold_635	4224	3	133	-	CP052044.1	4259108	1820457	1820587	84	130	55
scaffold_68	182924	121590	122064	-	CP052044.1	4259108	3647052	3647540	87	488	55
scaffold_112	88048	138	331	-	CP052044.1	4259108	3769685	3769878	84	193	55
scaffold_272	24052	14017	14219	-	CP052044.1	4259108	3973866	3974064	119	202	55
scaffold_1100	827	11	801	-	CP052044.1	4259108	89721	90511	332	790	54
scaffold_102	100464	30995	31666	+	CP052044.1	4259108	570374	571045	99	671	54
scaffold_77	149510	109123	109553	-	CP052044.1	4259108	815873	816309	85	436	54
scaffold_99	104861	19125	20945	-	CP052044.1	4259108	1244375	1246196	1017	1821	54
scaffold_40	392173	174562	179851	+	CP052044.1	4259108	1934508	1939788	98	5317	54
scaffold_112	88048	69972	71063	-	CP052044.1	4259108	2969143	2970234	556	1091	54
scaffold_99	104861	51110	51363	+	CP052044.1	4259108	4015658	4015911	127	253	54
scaffold_1250	688	538	684	-	CP052044.1	4259108	4107255	4107401	124	146	54
scaffold_842	1747	578	689	+	CP052044.1	4259108	4132112	4132223	82	111	54
scaffold_83	140534	61555	61649	+	CP052044.1	4259108	462107	462201	94	94	53
scaffold_997	994	36	362	-	CP052044.1	4259108	1116753	1117122	91	369	53
scaffold_143	70430	3271	5078	-	CP052044.1	4259108	1244375	1246182	1085	1807	53
scaffold_45	358384	83544	85315	-	CP052044.1	4259108	2384273	2386044	1015	1771	53
scaffold_137	72425	69037	69303	+	CP052044.1	4259108	2473712	2473978	99	266	53
scaffold_51	297976	105350	106002	+	CP052044.1	4259108	2477853	2478513	83	660	53
scaffold_75	154281	73155	74013	-	CP052044.1	4259108	2726239	2727106	110	868	53
scaffold_82	143064	121551	121670	+	CP052044.1	4259108	28372	28491	71	119	52
scaffold_144	69844	49962	50364	+	CP052044.1	4259108	653566	653968	95	402	52
scaffold_96	109087	74442	74706	+	CP052044.1	4259108	870024	870297	82	273	52
scaffold_96	109087	75104	78011	+	CP052044.1	4259108	1006150	1009091	1086	2941	52
scaffold_110	91422	69177	69342	+	CP052044.1	4259108	1106803	1106968	80	165	52
scaffold_99	104861	38672	40436	+	CP052044.1	4259108	1244431	1246196	622	1765	52
scaffold_102	100464	67309	67528	-	CP052044.1	4259108	1252233	1252453	111	220	52
scaffold_173	47066	24542	25098	-	CP052044.1	4259108	1875528	1876083	422	556	52
scaffold_356	15572	3156	3480	+	CP052044.1	4259108	2873380	2873704	236	324	52
scaffold_33	455355	418910	419190	-	CP052044.1	4259108	3363504	3363820	88	316	52
scaffold_40	392173	214305	214462	-	CP052044.1	4259108	753145	753302	95	157	51
scaffold_77	149510	113985	114212	+	CP052044.1	4259108	1934248	1934466	95	227	51
scaffold_91	120630	27350	27676	-	CP052044.1	4259108	3072585	3072919	95	334	51
scaffold_45	358384	117954	118937	-	CP052044.1	4259108	3363729	3364795	128	1066	51
scaffold_110	91422	6132	7558	+	CP052044.1	4259108	3597749	3599178	95	1434	51
scaffold_40	392173	193056	194549	-	CP052044.1	4259108	777503	778996	399	1493	50
scaffold_75	154281	101252	102612	+	CP052044.1	4259108	1946308	1947493	114	1360	50
scaffold_40	392173	129898	130911	+	CP052044.1	4259108	2853876	2854890	158	1014	50
scaffold_102	100464	66962	67129	-	CP052044.1	4259108	3584217	3584323	91	167	50
scaffold_33	455355	437862	438089	+	CP052044.1	4259108	4248599	4248854	117	259	50
scaffold_321	18170	4565	5114	-	CP052044.1	4259108	265036	265524	134	550	49
scaffold_70	181850	38071	38363	-	CP052044.1	4259108	585983	586274	136	292	49
scaffold_143	70430	13541	14474	+	CP052044.1	4259108	660286	661219	135	933	49
scaffold_6	1692318	1647910	1649644	+	CP052044.1	4259108	777503	779238	161	1735	49
scaffold_1122	801	43	778	-	CP052044.1	4259108	884408	885143	538	735	49
scaffold_82	143064	128322	128542	-	CP052044.1	4259108	1342024	1342245	76	221	49
scaffold_68	182924	111678	116059	+	CP052044.1	4259108	1462589	1466840	744	4429	49
scaffold_1425	592	4	581	-	CP052044.1	4259108	1464411	1464988	509	577	49
scaffold_83	140534	131427	133209	-	CP052044.1	4259108	1688119	1689900	989	1782	49
scaffold_143	70430	69055	70104	-	CP052044.1	4259108	2307638	2308687	89	1049	49
scaffold_85	135051	62046	64966	+	CP052044.1	4259108	2453471	2456394	1576	2923	49
scaffold_175	46490	46017	46416	-	CP052044.1	4259108	2467980	2468381	90	401	49
scaffold_80	143857	109413	109509	-	CP052044.1	4259108	379636	379732	75	96	48
scaffold_61	235649	103928	105396	+	CP052044.1	4259108	657668	659136	331	1468	48
scaffold_83	140534	14310	14624	+	CP052044.1	4259108	756319	756620	96	314	48
scaffold_1437	587	33	494	-	CP052044.1	4259108	1005481	1005942	153	461	48
scaffold_272	24052	21354	21694	+	CP052044.1	4259108	1081552	1081935	263	383	48
scaffold_68	182924	71425	72973	+	CP052044.1	4259108	1244620	1246168	460	1548	48
scaffold_80	143857	54243	54477	-	CP052044.1	4259108	1510428	1510670	94	242	48
scaffold_10	1239786	992415	992550	-	CP052044.1	4259108	1772810	1772945	105	135	48
scaffold_80	143857	105029	105468	-	CP052044.1	4259108	4057166	4057592	129	439	48
scaffold_110	91422	4283	4840	+	CP052044.1	4259108	4248452	4249040	160	592	48
scaffold_51	297976	278305	278601	+	CP052044.1	4259108	252107	252406	213	299	47
scaffold_110	91422	31510	33107	-	CP052044.1	4259108	500653	502250	395	1597	47
scaffold_153	61587	17676	17761	+	CP052044.1	4259108	1920138	1920223	80	85	47
scaffold_356	15572	8899	9271	+	CP052044.1	4259108	2320208	2320580	168	373	47
scaffold_288	21810	16181	18358	-	CP052044.1	4259108	3605455	3607623	599	2177	47
scaffold_93	118238	66637	68098	+	CP052044.1	4259108	607613	609076	814	1463	46
scaffold_149	65637	63973	65382	-	CP052044.1	4259108	2203581	2204990	178	1409	46
scaffold_128	78074	67368	69904	-	CP052044.1	4259108	2480261	2482784	1809	2537	46
scaffold_83	140534	19238	19376	+	CP052044.1	4259108	3710670	3710808	84	138	46
scaffold_296	20863	15647	16039	-	CP052044.1	4259108	3735679	3736070	84	392	46
scaffold_80	143857	61319	61460	-	CP052044.1	4259108	36144	36285	135	141	45
scaffold_365	15120	11626	12517	+	CP052044.1	4259108	1362686	1363590	86	904	45
scaffold_174	47065	5616	5757	+	CP052044.1	4259108	1689782	1689923	113	141	45
scaffold_51	297976	208418	208882	-	CP052044.1	4259108	1761662	1762129	72	467	45
scaffold_1574	531	413	495	-	CP052044.1	4259108	1797249	1797331	72	82	45
scaffold_8	1419871	1163640	1165472	+	CP052044.1	4259108	2312273	2314105	220	1832	45
scaffold_51	297976	190235	190718	+	CP052044.1	4259108	188538	189020	99	483	44
scaffold_51	297976	165887	166175	+	CP052044.1	4259108	448489	448777	81	288	44
scaffold_66	184824	164586	166406	-	CP052044.1	4259108	777457	779277	791	1820	44
scaffold_93	118238	82834	84650	-	CP052044.1	4259108	915892	917708	446	1816	44
scaffold_40	392173	208199	209826	+	CP052044.1	4259108	915977	917604	175	1627	44
scaffold_1258	682	15	677	+	CP052044.1	4259108	1128673	1129335	573	662	44
scaffold_6	1692318	1503299	1511721	+	CP052044.1	4259108	1225673	1233957	540	8422	44
scaffold_110	91422	36249	36631	+	CP052044.1	4259108	1276936	1277323	82	387	44
scaffold_172	48882	15757	16175	+	CP052044.1	4259108	1836344	1836763	137	419	44
scaffold_997	994	383	554	+	CP052044.1	4259108	2158247	2158416	114	171	44
scaffold_10	1239786	1149252	1149596	+	CP052044.1	4259108	3584561	3584908	163	347	44
scaffold_128	78074	40461	42620	-	CP052044.1	4259108	3605474	3607623	745	2160	44
scaffold_107	93315	73562	73696	-	CP052044.1	4259108	4139565	4139699	81	134	44
scaffold_59	256653	18133	19969	-	CP052044.1	4259108	915892	917728	786	1836	43
scaffold_77	149510	96507	97861	+	CP052044.1	4259108	921097	922450	152	1354	43
scaffold_1063	873	17	787	-	CP052044.1	4259108	1313446	1314204	495	770	43
scaffold_174	47065	46924	47054	+	CP052044.1	4259108	2365707	2365837	95	130	43
scaffold_321	18170	2559	2860	+	CP052044.1	4259108	2712410	2712715	132	305	43
scaffold_372	14523	7294	7445	+	CP052044.1	4259108	3962995	3963146	79	151	43
scaffold_80	143857	29024	29187	-	CP052044.1	4259108	4084184	4084347	80	163	43
scaffold_50	298037	94413	96201	+	CP052044.1	4259108	4231265	4233051	719	1788	43
scaffold_1482	564	415	539	+	CP052044.1	4259108	212080	212204	79	124	42
scaffold_1475	565	19	551	+	CP052044.1	4259108	1412761	1413293	396	532	42
scaffold_82	143064	121714	122560	-	CP052044.1	4259108	1505480	1506326	112	846	42
scaffold_143	70430	25937	26540	+	CP052044.1	4259108	2062938	2063541	440	603	42
scaffold_287	21903	10714	10962	-	CP052044.1	4259108	2091319	2091570	78	251	42
scaffold_153	61587	36597	36747	-	CP052044.1	4259108	2716305	2716478	75	173	42
scaffold_353	15650	9	211	+	CP052044.1	4259108	3126596	3126796	138	202	42
scaffold_75	154281	102271	102629	-	CP052044.1	4259108	3178017	3178356	163	358	42
scaffold_68	182924	138204	138534	-	CP052044.1	4259108	3628374	3628703	120	330	42
scaffold_99	104861	85161	86303	+	CP052044.1	4259108	469672	470820	491	1149	41
scaffold_1636	518	342	488	+	CP052044.1	4259108	493248	493383	127	146	41
scaffold_107	93315	92492	92596	+	CP052044.1	4259108	1081811	1081915	76	104	41
scaffold_99	104861	104253	104773	+	CP052044.1	4259108	1225631	1226100	197	520	41
scaffold_50	298037	70613	72414	-	CP052044.1	4259108	1688119	1689936	1285	1818	41
scaffold_101	101313	51933	52095	-	CP052044.1	4259108	1925067	1925229	77	162	41
scaffold_9	1406917	503076	506678	-	CP052044.1	4259108	2137222	2140907	669	3686	41
scaffold_183	43655	7512	7703	-	CP052044.1	4259108	2884439	2884630	77	191	41
scaffold_243	28230	26122	26252	-	CP052044.1	4259108	3329396	3329526	119	130	41
scaffold_21	738175	11715	13206	-	CP052044.1	4259108	3734388	3735881	77	1493	41
scaffold_60	240913	240622	240867	-	CP052044.1	4259108	4137737	4137982	68	245	41
scaffold_304	20323	7339	7699	+	CP052044.1	4259108	1081623	1081983	270	360	40
scaffold_115	86240	12812	14596	-	CP052044.1	4259108	1244375	1246159	1018	1784	40
scaffold_372	14523	13114	13200	-	CP052044.1	4259108	1513064	1513150	75	86	40
scaffold_143	70430	61550	63361	-	CP052044.1	4259108	1688108	1689936	1222	1829	40
scaffold_59	256653	26183	26926	-	CP052044.1	4259108	2084216	2084982	80	767	40
scaffold_156	59460	19493	21674	-	CP052044.1	4259108	2162717	2164916	1124	2201	40
scaffold_96	109087	74620	74729	-	CP052044.1	4259108	3726125	3726234	94	109	40
scaffold_82	143064	120442	120530	+	CP052044.1	4259108	4025666	4025754	67	88	40
scaffold_892	1436	596	1166	-	CP052044.1	4259108	4137018	4137588	196	570	40
scaffold_93	118238	32786	34049	-	CP052044.1	4259108	568184	569447	409	1263	39
scaffold_59	256653	20539	20648	+	CP052044.1	4259108	637811	637943	70	132	39
scaffold_1051	886	13	558	+	CP052044.1	4259108	1708851	1709407	452	557	39
scaffold_85	135051	111249	111370	+	CP052044.1	4259108	3344164	3344285	121	121	39
scaffold_877	1508	1031	1185	+	CP052044.1	4259108	3617668	3617824	122	156	39
scaffold_40	392173	137331	137712	-	CP052044.1	4259108	3687858	3688256	78	399	39
scaffold_427	11379	1734	2502	-	CP052044.1	4259108	238482	239251	386	769	38
scaffold_169	51120	37018	37601	-	CP052044.1	4259108	1081312	1081895	372	583	38
scaffold_51	297976	258696	259078	+	CP052044.1	4259108	1081513	1081895	205	382	38
scaffold_106	94230	39061	39215	-	CP052044.1	4259108	1276298	1276452	72	154	38
scaffold_212	35064	22526	22802	-	CP052044.1	4259108	1366980	1367279	136	299	38
scaffold_32	471417	28528	28785	+	CP052044.1	4259108	1501736	1501993	87	257	38
scaffold_75	154281	45829	46004	-	CP052044.1	4259108	1772962	1773131	109	175	38
scaffold_148	65701	22459	22577	+	CP052044.1	4259108	1809405	1809523	73	118	38
scaffold_154	60446	51018	53207	-	CP052044.1	4259108	2412615	2414774	601	2196	38
scaffold_21	738175	13845	14111	+	CP052044.1	4259108	3152672	3152938	93	266	38
scaffold_371	14652	13759	13889	-	CP052044.1	4259108	3329396	3329526	116	130	38
scaffold_336	17138	8922	9052	-	CP052044.1	4259108	3329396	3329526	130	130	38
scaffold_96	109087	18195	18325	-	CP052044.1	4259108	3329396	3329526	130	130	38
scaffold_68	182924	176110	176240	+	CP052044.1	4259108	3329396	3329526	130	130	38
scaffold_88	125722	23404	23495	-	CP052044.1	4259108	3457283	3457374	65	91	38
scaffold_169	51120	32507	32742	+	CP052044.1	4259108	4245979	4246191	78	235	38
scaffold_401	12799	2678	2838	+	CP052044.1	4259108	592600	592760	141	160	37
scaffold_190	40947	4861	5236	+	CP052044.1	4259108	756319	756683	91	377	37
scaffold_181	44073	3207	3485	+	CP052044.1	4259108	805744	806026	88	282	37
scaffold_1186	734	560	669	+	CP052044.1	4259108	845543	845652	64	109	37
scaffold_144	69844	49440	50190	+	CP052044.1	4259108	1341187	1341938	168	754	37
scaffold_1302	655	18	642	+	CP052044.1	4259108	2256350	2256974	467	624	37
scaffold_30	507731	453413	454455	-	CP052044.1	4259108	3079273	3080315	114	1042	37
scaffold_16	897138	14	112	+	CP052044.1	4259108	3575157	3575255	98	98	37
scaffold_133	76283	14	112	+	CP052044.1	4259108	3575157	3575255	98	98	37
scaffold_429	11191	7867	8831	-	CP052044.1	4259108	4231555	4232519	71	964	37
scaffold_153	61587	36969	37285	+	CP052044.1	4259108	4248723	4249040	71	318	37
scaffold_91	120630	98377	98616	+	CP052044.1	4259108	4248806	4249056	77	250	37
scaffold_243	28230	23722	24062	+	CP052044.1	4259108	214246	214590	109	344	36
scaffold_1631	519	68	408	+	CP052044.1	4259108	265036	265313	99	340	36
scaffold_353	15650	15314	15513	-	CP052044.1	4259108	589206	589404	95	199	36
scaffold_110	91422	15012	15075	+	CP052044.1	4259108	758110	758173	63	63	36
scaffold_80	143857	61088	61295	+	CP052044.1	4259108	793895	794102	70	207	36
scaffold_75	154281	36568	37087	+	CP052044.1	4259108	1081446	1081965	384	519	36
scaffold_51	297976	148251	148366	+	CP052044.1	4259108	1955913	1956028	86	115	36
scaffold_22	716055	34899	36286	+	CP052044.1	4259108	2111688	2113072	403	1387	36
scaffold_106	94230	71349	73533	+	CP052044.1	4259108	2162717	2164916	1231	2202	36
scaffold_90	123581	123468	123531	+	CP052044.1	4259108	2233457	2233520	63	63	36
scaffold_45	358384	358270	358333	+	CP052044.1	4259108	2233457	2233520	63	63	36
scaffold_70	181850	30503	30869	-	CP052044.1	4259108	3178007	3178356	158	366	36
scaffold_312	19256	19140	19253	-	CP052044.1	4259108	3362098	3362211	113	113	36
scaffold_175	46490	6494	6635	-	CP052044.1	4259108	36144	36285	119	141	35
scaffold_148	65701	44049	44190	+	CP052044.1	4259108	36144	36285	119	141	35
scaffold_144	69844	36356	36529	-	CP052044.1	4259108	1060081	1060246	105	174	35
scaffold_85	135051	105042	106253	+	CP052044.1	4259108	1520013	1521258	77	1245	35
scaffold_14	908909	130540	130708	+	CP052044.1	4259108	2713429	2713598	138	169	35
scaffold_26	567511	9	319	+	CP052044.1	4259108	3055532	3055842	197	310	35
scaffold_356	15572	15453	15566	-	CP052044.1	4259108	3362098	3362211	89	113	35
scaffold_68	182924	23637	23870	+	CP052044.1	4259108	3740075	3740309	87	234	35
scaffold_80	143857	79146	79251	+	CP052044.1	4259108	3985449	3985554	69	105	35
scaffold_1138	777	5	470	+	CP052044.1	4259108	13955	14420	233	465	34
scaffold_42	372282	368125	369470	+	CP052044.1	4259108	916183	917528	254	1345	34
scaffold_169	51120	5336	5996	-	CP052044.1	4259108	1196022	1196694	239	672	34
scaffold_287	21903	16845	17017	+	CP052044.1	4259108	1464646	1464818	150	172	34
scaffold_1	2692756	75629	77021	-	CP052044.1	4259108	2203703	2205096	95	1393	34
scaffold_210	35262	17861	22256	-	CP052044.1	4259108	2226219	2230825	1324	4608	34
scaffold_101	101313	25073	26759	+	CP052044.1	4259108	3124325	3126012	1074	1687	34
scaffold_431	11085	10965	11084	-	CP052044.1	4259108	3334766	3334885	93	119	34
scaffold_169	51120	2527	4729	+	CP052044.1	4259108	3995268	3997453	1089	2203	34
scaffold_80	143857	54612	55503	+	CP052044.1	4259108	4054472	4055402	340	930	34
scaffold_145	69505	47095	47476	-	CP052044.1	4259108	4065142	4065524	68	382	34
scaffold_85	135051	105420	105850	+	CP052044.1	4259108	818150	818580	107	430	33
scaffold_169	51120	43691	44184	-	CP052044.1	4259108	869939	870464	92	525	33
scaffold_1411	599	372	476	+	CP052044.1	4259108	1065597	1065701	67	104	33
scaffold_93	118238	116406	116534	-	CP052044.1	4259108	2229066	2229194	96	128	33
scaffold_137	72425	16	124	-	CP052044.1	4259108	2489625	2489716	72	108	33
scaffold_192	40101	26	114	-	CP052044.1	4259108	2734621	2734709	67	88	33
scaffold_93	118238	118124	118212	+	CP052044.1	4259108	2734621	2734709	67	88	33
scaffold_16	897138	4668	5433	+	CP052044.1	4259108	2763588	2764376	169	794	33
scaffold_154	60446	37671	37780	+	CP052044.1	4259108	3344164	3344273	109	109	33
scaffold_1255	684	571	676	-	CP052044.1	4259108	3575128	3575233	105	105	33
scaffold_13	1103368	24138	24510	-	CP052044.1	4259108	3626525	3626900	66	375	33
scaffold_1231	699	13	696	+	CP052044.1	4259108	3953155	3953838	631	683	33
scaffold_8	1419871	1292294	1295001	+	CP052044.1	4259108	424874	427453	591	2747	32
scaffold_1	2692756	210998	212811	-	CP052044.1	4259108	659545	661358	1168	1813	32
scaffold_112	88048	44737	46151	-	CP052044.1	4259108	816920	818334	65	1414	32
scaffold_111	88385	77546	78210	-	CP052044.1	4259108	819049	819713	76	664	32
scaffold_101	101313	48264	48857	+	CP052044.1	4259108	857227	857820	76	593	32
scaffold_110	91422	39492	39692	-	CP052044.1	4259108	860843	861037	76	200	32
scaffold_16	897138	126783	128324	-	CP052044.1	4259108	921056	922596	291	1541	32
scaffold_48	348853	45796	46110	+	CP052044.1	4259108	921072	921387	76	315	32
scaffold_133	76283	9431	10718	+	CP052044.1	4259108	921308	922596	121	1288	32
scaffold_1	2692756	238875	239290	-	CP052044.1	4259108	1099761	1100176	76	417	32
scaffold_212	35064	8558	8991	-	CP052044.1	4259108	1731604	1732037	76	433	32
scaffold_61	235649	36648	38035	+	CP052044.1	4259108	2111688	2113072	456	1387	32
scaffold_68	182924	146866	147284	-	CP052044.1	4259108	2412138	2412556	76	418	32
scaffold_93	118238	109320	110244	-	CP052044.1	4259108	2618031	2618953	76	924	32
scaffold_154	60446	3759	5074	+	CP052044.1	4259108	2645512	2646827	207	1315	32
scaffold_10	1239786	1219187	1220120	-	CP052044.1	4259108	2645692	2646625	190	933	32
scaffold_32	471417	34032	34465	+	CP052044.1	4259108	2651537	2651976	76	439	32
scaffold_83	140534	26672	27259	-	CP052044.1	4259108	2760742	2761328	76	587	32
scaffold_1186	734	11	503	-	CP052044.1	4259108	3087571	3088063	89	492	32
scaffold_45	358384	312872	313170	+	CP052044.1	4259108	3349836	3350172	117	336	32
scaffold_11	1212133	21703	21951	-	CP052044.1	4259108	3354688	3354934	219	248	32
scaffold_68	182924	22084	22229	+	CP052044.1	4259108	3545195	3545338	76	145	32
scaffold_320	18374	5059	5152	-	CP052044.1	4259108	3584217	3584310	76	93	32
scaffold_32	471417	41616	42485	+	CP052044.1	4259108	3725229	3726095	76	869	32
scaffold_14	908909	32875	33443	-	CP052044.1	4259108	35138	35720	76	582	31
scaffold_101	101313	15902	16037	-	CP052044.1	4259108	427692	427829	74	137	31
scaffold_107	93315	25488	26105	+	CP052044.1	4259108	921308	921926	64	618	31
scaffold_85	135051	16370	16510	-	CP052044.1	4259108	1107010	1107149	74	140	31
scaffold_1175	743	80	737	+	CP052044.1	4259108	1227355	1228012	250	657	31
scaffold_68	182924	142779	142943	+	CP052044.1	4259108	1565095	1565294	72	199	31
scaffold_110	91422	57482	59472	-	CP052044.1	4259108	1821921	1823908	1034	1992	31
scaffold_143	70430	17468	24861	+	CP052044.1	4259108	2056986	2064493	1587	7579	31
scaffold_85	135051	65029	65097	-	CP052044.1	4259108	3161989	3162057	64	68	31
scaffold_129	76929	57413	57521	-	CP052044.1	4259108	3575147	3575255	75	108	31
scaffold_258	25314	23320	25152	+	CP052044.1	4259108	652326	654156	424	1834	30
scaffold_4	1881388	1596771	1597224	-	CP052044.1	4259108	658937	659390	157	453	30
scaffold_83	140534	85303	86233	+	CP052044.1	4259108	778072	779003	191	931	30
scaffold_85	135051	34990	35053	+	CP052044.1	4259108	1096253	1096316	63	63	30
scaffold_173	47066	415	1794	+	CP052044.1	4259108	1412618	1413997	876	1379	30
scaffold_1639	518	281	494	+	CP052044.1	4259108	1491310	1491523	123	213	30
scaffold_233	30380	1	774	+	CP052044.1	4259108	1536045	1536818	606	773	30
scaffold_175	46490	40529	40746	+	CP052044.1	4259108	1700808	1701025	72	217	30
scaffold_955	1150	30	438	-	CP052044.1	4259108	1980721	1981129	247	408	30
scaffold_1198	728	150	717	-	CP052044.1	4259108	2366156	2366723	183	567	30
scaffold_83	140534	105836	107156	+	CP052044.1	4259108	2444241	2445560	528	1321	30
scaffold_173	47066	27743	28206	+	CP052044.1	4259108	3537476	3537957	77	501	30
scaffold_67	184376	12554	12612	+	CP052044.1	4259108	97099	97157	58	58	29
scaffold_258	25314	22896	23029	-	CP052044.1	4259108	209367	209498	95	133	29
scaffold_115	86240	42532	42594	-	CP052044.1	4259108	747260	747322	62	62	29
scaffold_51	297976	131580	133839	+	CP052044.1	4259108	1119338	1121606	665	2268	29
scaffold_28	539988	1340	2240	+	CP052044.1	4259108	1313071	1314218	183	1156	29
scaffold_16	897138	127687	128684	+	CP052044.1	4259108	1689242	1690121	83	998	29
scaffold_68	182924	7	488	-	CP052044.1	4259108	1933109	1933621	145	513	29
scaffold_408	12412	16	182	+	CP052044.1	4259108	2379736	2379902	111	166	29
scaffold_154	60446	54330	54708	-	CP052044.1	4259108	2468004	2468381	71	378	29
scaffold_273	23718	3603	3838	-	CP052044.1	4259108	2700593	2700828	95	235	29
scaffold_154	60446	14364	14426	-	CP052044.1	4259108	2736669	2736731	62	62	29
scaffold_273	23718	23338	23686	-	CP052044.1	4259108	3055443	3055791	237	348	29
scaffold_154	60446	58237	58386	-	CP052044.1	4259108	3064034	3064183	70	149	29
scaffold_32	471417	12714	12920	+	CP052044.1	4259108	3350016	3350222	62	206	29
scaffold_183	43655	7633	7773	-	CP052044.1	4259108	3529464	3529604	135	140	29
scaffold_865	1564	364	1556	+	CP052044.1	4259108	3563857	3565049	942	1192	29
scaffold_863	1570	587	912	+	CP052044.1	4259108	25445	25769	106	325	28
scaffold_153	61587	8039	8097	+	CP052044.1	4259108	97099	97157	58	58	28
scaffold_88	125722	282	713	-	CP052044.1	4259108	777662	778093	61	431	28
scaffold_93	118238	108614	109205	-	CP052044.1	4259108	869819	870423	72	604	28
scaffold_88	125722	152	571	+	CP052044.1	4259108	922093	922512	142	419	28
scaffold_11	1212133	93181	93614	-	CP052044.1	4259108	1227976	1228411	330	435	28
scaffold_210	35262	7131	8001	-	CP052044.1	4259108	1535948	1536818	446	870	28
scaffold_116	84153	521	1975	+	CP052044.1	4259108	2131795	2133248	427	1454	28
scaffold_83	140534	123661	126398	-	CP052044.1	4259108	2254819	2257556	1403	2738	28
scaffold_144	69844	57765	58101	+	CP052044.1	4259108	2419269	2419657	72	388	28
scaffold_85	135051	111766	111893	-	CP052044.1	4259108	2713394	2713521	98	127	28
scaffold_336	17138	9101	9261	-	CP052044.1	4259108	2713429	2713590	130	161	28
scaffold_30	507731	475100	475299	-	CP052044.1	4259108	3177996	3178194	127	199	28
scaffold_51	297976	277747	277914	+	CP052044.1	4259108	3363668	3363835	140	167	28
scaffold_33	455355	451374	453552	-	CP052044.1	4259108	3605455	3607623	958	2178	28
scaffold_51	297976	70353	70513	+	CP052044.1	4259108	3679881	3680041	61	160	28
scaffold_465	9291	428	555	-	CP052044.1	4259108	3975330	3975458	61	128	28
scaffold_320	18374	2054	3522	-	CP052044.1	4259108	706406	707860	416	1469	27
scaffold_143	70430	35666	37871	-	CP052044.1	4259108	866372	868202	713	2205	27
scaffold_5	1863748	314719	314839	-	CP052044.1	4259108	1272790	1272911	60	121	27
scaffold_427	11379	11254	11379	-	CP052044.1	4259108	1314093	1314218	125	125	27
scaffold_1334	638	345	434	-	CP052044.1	4259108	1565941	1566030	60	89	27
scaffold_297	20811	20257	20582	+	CP052044.1	4259108	1933109	1933455	114	347	27
scaffold_245	27720	8786	11018	+	CP052044.1	4259108	2443578	2445793	1432	2232	27
scaffold_51	297976	189156	189300	-	CP052044.1	4259108	2474149	2474293	69	144	27
scaffold_173	47066	36168	36635	+	CP052044.1	4259108	2575628	2576095	67	467	27
scaffold_59	256653	145350	145497	+	CP052044.1	4259108	2713442	2713590	117	148	27
scaffold_33	455355	418874	419020	-	CP052044.1	4259108	2713451	2713598	96	147	27
scaffold_55	268656	75306	75704	+	CP052044.1	4259108	2732210	2732606	114	398	27
scaffold_106	94230	46093	46415	-	CP052044.1	4259108	2745089	2745411	176	322	27
scaffold_292	21110	52	5309	-	CP052044.1	4259108	3059677	3065075	112	5408	27
scaffold_169	51120	13260	13386	-	CP052044.1	4259108	3141833	3141959	94	126	27
scaffold_61	235649	71514	72962	+	CP052044.1	4259108	3331502	3332831	95	1467	27
scaffold_1227	701	531	629	+	CP052044.1	4259108	3535956	3536054	68	98	27
scaffold_1093	833	112	423	+	CP052044.1	4259108	3598586	3598897	67	311	27
scaffold_129	76929	20562	20917	-	CP052044.1	4259108	3617685	3618028	155	356	27
scaffold_75	154281	102928	102988	+	CP052044.1	4259108	3908506	3908566	60	60	27
scaffold_143	70430	25626	25700	-	CP052044.1	4259108	1364646	1364720	74	74	26
scaffold_68	182924	36589	38157	-	CP052044.1	4259108	1582759	1584333	436	1576	26
scaffold_57	260754	83	1393	-	CP052044.1	4259108	1657653	1658966	855	1313	26
scaffold_145	69505	2647	2747	+	CP052044.1	4259108	1772962	1773062	83	100	26
scaffold_358	15501	9010	9558	-	CP052044.1	4259108	2062993	2063541	497	548	26
scaffold_99	104861	92741	92901	-	CP052044.1	4259108	3418389	3418571	65	182	26
scaffold_88	125722	8884	9048	+	CP052044.1	4259108	3913196	3913360	145	164	26
scaffold_99	104861	75919	84690	-	CP052044.1	4259108	4016462	4025208	6186	8793	26
scaffold_40	392173	63672	65458	-	CP052044.1	4259108	4231264	4233051	455	1787	26
scaffold_297	20811	18076	19364	-	CP052044.1	4259108	500955	502243	148	1288	25
scaffold_110	91422	27494	27673	+	CP052044.1	4259108	635089	635268	133	179	25
scaffold_3	2381582	755393	757228	+	CP052044.1	4259108	866367	868202	987	1835	25
scaffold_83	140534	127856	128224	-	CP052044.1	4259108	1028272	1028643	113	371	25
scaffold_143	70430	26692	28692	-	CP052044.1	4259108	1267914	1269914	196	2000	25
scaffold_106	94230	69142	69223	-	CP052044.1	4259108	2339360	2339441	58	81	25
scaffold_156	59460	43487	43554	+	CP052044.1	4259108	2463453	2463520	60	67	25
scaffold_22	716055	46075	46210	-	CP052044.1	4259108	2474149	2474284	79	135	25
scaffold_40	392173	123964	124122	+	CP052044.1	4259108	2771640	2771798	65	158	25
scaffold_1272	671	9	92	+	CP052044.1	4259108	4042079	4042162	76	83	25
scaffold_115	86240	37085	38779	+	CP052044.1	4259108	4231389	4233066	534	1694	25
scaffold_96	109087	6207	6455	+	CP052044.1	4259108	462673	462921	63	248	24
scaffold_192	40101	39990	40101	-	CP052044.1	4259108	1314093	1314204	86	111	24
scaffold_85	135051	18421	20417	-	CP052044.1	4259108	1355000	1357033	278	2034	24
scaffold_68	182924	68866	69608	-	CP052044.1	4259108	1399360	1400103	63	743	24
scaffold_61	235649	187216	187323	+	CP052044.1	4259108	1403181	1403289	63	108	24
scaffold_979	1052	472	610	+	CP052044.1	4259108	1521790	1521929	100	139	24
scaffold_153	61587	31704	31821	-	CP052044.1	4259108	1843382	1843498	60	117	24
scaffold_75	154281	36170	36537	+	CP052044.1	4259108	2329082	2329449	154	367	24
scaffold_80	143857	66089	66344	+	CP052044.1	4259108	3174391	3174646	57	255	24
scaffold_154	60446	28913	29211	+	CP052044.1	4259108	3371639	3371937	76	298	24
scaffold_854	1662	212	335	+	CP052044.1	4259108	3435537	3435661	113	124	24
scaffold_82	143064	128830	128936	+	CP052044.1	4259108	3617668	3617775	85	107	24
scaffold_287	21903	16293	16376	-	CP052044.1	4259108	3832698	3832781	64	83	24
scaffold_68	182924	32051	32128	-	CP052044.1	4259108	4001300	4001377	64	77	24
scaffold_173	47066	30576	30945	-	CP052044.1	4259108	4027417	4027786	290	369	24
scaffold_129	76929	35665	36233	-	CP052044.1	4259108	4100971	4101541	91	570	24
scaffold_67	184376	98925	99248	+	CP052044.1	4259108	4109327	4109650	64	323	24
scaffold_32	471417	471162	471325	+	CP052044.1	4259108	419372	419492	76	173	23
scaffold_96	109087	90125	90195	+	CP052044.1	4259108	634054	634124	62	70	23
scaffold_333	17323	5252	6503	+	CP052044.1	4259108	858525	859776	806	1251	23
scaffold_6	1692318	1551353	1552274	+	CP052044.1	4259108	866367	867288	504	921	23
scaffold_365	15120	13923	14650	+	CP052044.1	4259108	916688	917415	183	727	23
scaffold_6	1692318	1513036	1513415	+	CP052044.1	4259108	1005547	1005928	62	381	23
scaffold_86	130972	18616	18839	-	CP052044.1	4259108	1028281	1028494	71	223	23
scaffold_1652	514	29	424	+	CP052044.1	4259108	1940982	1941377	97	395	23
scaffold_218	33655	14561	17525	+	CP052044.1	4259108	2096004	2098969	1781	2965	23
scaffold_68	182924	28519	29030	-	CP052044.1	4259108	2503186	2503697	62	512	23
scaffold_107	93315	27633	27695	+	CP052044.1	4259108	2736669	2736731	62	62	23
scaffold_148	65701	32763	33067	-	CP052044.1	4259108	3145904	3146208	97	304	23
scaffold_175	46490	11653	11769	+	CP052044.1	4259108	3344164	3344280	93	116	23
scaffold_102	100464	4	117	+	CP052044.1	4259108	3362098	3362211	113	113	23
scaffold_154	60446	5	118	+	CP052044.1	4259108	3362098	3362211	113	113	23
scaffold_80	143857	111309	111504	+	CP052044.1	4259108	3395757	3395954	103	197	23
scaffold_464	9317	9114	9180	-	CP052044.1	4259108	3495696	3495762	66	66	23
scaffold_169	51120	23863	24018	+	CP052044.1	4259108	3617668	3617824	134	156	23
scaffold_110	91422	11749	12079	+	CP052044.1	4259108	3617685	3618028	133	343	23
scaffold_28	539988	84998	85218	-	CP052044.1	4259108	3982204	3982424	56	220	23
scaffold_68	182924	16890	17015	+	CP052044.1	4259108	4036597	4036722	110	125	23
scaffold_175	46490	38218	38299	+	CP052044.1	4259108	4107269	4107359	75	90	23
scaffold_75	154281	22160	23198	-	CP052044.1	4259108	242640	243678	61	1038	22
scaffold_173	47066	30112	30412	+	CP052044.1	4259108	755987	756287	89	300	22
scaffold_37	420435	52605	54027	+	CP052044.1	4259108	777503	778925	326	1422	22
scaffold_48	348853	227761	229058	-	CP052044.1	4259108	916231	917528	188	1297	22
scaffold_218	33655	23933	24083	-	CP052044.1	4259108	1040904	1041055	111	151	22
scaffold_106	94230	15690	16496	+	CP052044.1	4259108	1106785	1107444	110	806	22
scaffold_153	61587	37295	37420	-	CP052044.1	4259108	1107319	1107444	61	125	22
scaffold_155	60202	60104	60198	-	CP052044.1	4259108	1228380	1228456	66	94	22
scaffold_1226	701	28	591	-	CP052044.1	4259108	1367296	1367856	62	563	22
scaffold_85	135051	9228	9344	+	CP052044.1	4259108	1521814	1521929	92	116	22
scaffold_11	1212133	1060595	1060927	+	CP052044.1	4259108	1835170	1835512	139	343	22
scaffold_143	70430	25753	25933	+	CP052044.1	4259108	2054887	2055067	176	180	22
scaffold_150	63801	53297	53365	-	CP052044.1	4259108	2243294	2243362	61	68	22
scaffold_1585	528	410	523	-	CP052044.1	4259108	3362098	3362211	89	113	22
scaffold_273	23718	11459	11676	-	CP052044.1	4259108	188017	188234	59	217	21
scaffold_353	15650	1403	1531	+	CP052044.1	4259108	241522	241651	59	129	21
scaffold_106	94230	66104	67227	-	CP052044.1	4259108	777787	778913	362	1126	21
scaffold_82	143064	134049	134137	-	CP052044.1	4259108	892925	893013	60	88	21
scaffold_4	1881388	1601514	1601602	+	CP052044.1	4259108	892925	893013	60	88	21
scaffold_296	20863	11047	11135	-	CP052044.1	4259108	892925	893013	60	88	21
scaffold_119	82364	42216	42495	+	CP052044.1	4259108	921148	921426	60	279	21
scaffold_68	182924	21677	21754	+	CP052044.1	4259108	985505	985582	59	77	21
scaffold_99	104861	64947	65356	-	CP052044.1	4259108	1081513	1081965	168	452	21
scaffold_99	104861	24798	24881	-	CP052044.1	4259108	1145622	1145705	55	83	21
scaffold_358	15501	6792	8992	+	CP052044.1	4259108	1267848	1270047	311	2200	21
scaffold_13	1103368	24957	25159	-	CP052044.1	4259108	1321265	1321469	59	204	21
scaffold_75	154281	40170	40758	-	CP052044.1	4259108	1356480	1357085	174	605	21
scaffold_128	78074	51859	51914	-	CP052044.1	4259108	1364064	1364119	55	55	21
scaffold_83	140534	123201	124189	-	CP052044.1	4259108	1419904	1420892	114	988	21
scaffold_194	39750	37012	37128	-	CP052044.1	4259108	1536408	1536524	77	116	21
scaffold_169	51120	45279	45516	-	CP052044.1	4259108	1590875	1591112	177	237	21
scaffold_107	93315	4454	12670	+	CP052044.1	4259108	2024632	2033130	3086	8686	21
scaffold_358	15501	9617	9797	-	CP052044.1	4259108	2054887	2055067	180	180	21
scaffold_985	1031	38	112	-	CP052044.1	4259108	2119750	2119824	60	74	21
scaffold_14	908909	3132	3196	+	CP052044.1	4259108	2310003	2310067	59	64	21
scaffold_296	20863	36	532	-	CP052044.1	4259108	2490077	2490759	183	682	21
scaffold_249	26889	15355	19522	-	CP052044.1	4259108	2558472	2562464	1878	4171	21
scaffold_1639	518	205	300	+	CP052044.1	4259108	2714160	2714255	68	95	21
scaffold_151	63507	21873	21964	+	CP052044.1	4259108	2878948	2879039	78	91	21
scaffold_85	135051	9202	9273	-	CP052044.1	4259108	2884224	2884295	60	71	21
scaffold_50	298037	0	119	+	CP052044.1	4259108	3334766	3334885	93	119	21
scaffold_13	1103368	24414	25037	+	CP052044.1	4259108	3609085	3609710	223	625	21
scaffold_122	81337	35791	35850	-	CP052044.1	4259108	3742808	3742867	59	59	21
scaffold_974	1065	336	480	-	CP052044.1	4259108	3859035	3859179	60	144	21
scaffold_156	59460	13700	13775	-	CP052044.1	4259108	4134945	4135020	59	75	21
scaffold_156	59460	42537	42966	-	CP052044.1	4259108	239130	239559	142	429	20
scaffold_11	1212133	117022	117080	-	CP052044.1	4259108	347168	347226	58	58	20
scaffold_336	17138	9623	11892	-	CP052044.1	4259108	655519	657352	895	2269	20
scaffold_83	140534	64393	64451	-	CP052044.1	4259108	819694	819752	58	58	20
scaffold_75	154281	134423	136575	-	CP052044.1	4259108	1209710	1211834	557	2156	20
scaffold_194	39750	15089	17822	-	CP052044.1	4259108	1225739	1228456	1124	2735	20
scaffold_68	182924	122988	123066	+	CP052044.1	4259108	1762367	1762439	54	78	20
scaffold_287	21903	16320	16418	+	CP052044.1	4259108	1813073	1813171	58	98	20
scaffold_143	70430	12829	14044	-	CP052044.1	4259108	1844525	1845559	157	1215	20
scaffold_110	91422	45596	56212	+	CP052044.1	4259108	2054887	2065499	8530	10618	20
scaffold_80	143857	76638	77641	-	CP052044.1	4259108	2256526	2257529	663	1003	20
scaffold_1117	806	102	169	-	CP052044.1	4259108	2321170	2321237	61	67	20
scaffold_110	91422	15031	17526	+	CP052044.1	4259108	2746621	2749075	63	2495	20
scaffold_852	1676	48	102	+	CP052044.1	4259108	2779656	2779710	54	54	20
scaffold_128	78074	27718	30282	-	CP052044.1	4259108	3124253	3126817	1996	2566	20
scaffold_6	1692318	1692197	1692277	-	CP052044.1	4259108	3126739	3126817	78	80	20
scaffold_155	60202	41	121	+	CP052044.1	4259108	3126739	3126817	78	80	20
scaffold_60	240913	106229	107336	-	CP052044.1	4259108	3755103	3756209	175	1107	20
scaffold_13	1103368	8081	8153	+	CP052044.1	4259108	595969	596038	57	72	19
scaffold_50	298037	71264	73117	+	CP052044.1	4259108	654280	656114	62	1853	19
scaffold_115	86240	16225	16398	+	CP052044.1	4259108	818529	818702	69	173	19
scaffold_372	14523	7371	12515	-	CP052044.1	4259108	855702	860843	728	5144	19
scaffold_96	109087	15884	17040	+	CP052044.1	4259108	916451	917607	147	1156	19
scaffold_842	1747	1011	1068	-	CP052044.1	4259108	1454256	1454313	57	57	19
scaffold_112	88048	44072	44791	-	CP052044.1	4259108	1520526	1521277	65	751	19
scaffold_187	42170	39898	39952	-	CP052044.1	4259108	1968784	1968838	53	54	19
scaffold_40	392173	193977	194867	-	CP052044.1	4259108	2111249	2112144	54	895	19
scaffold_93	118238	109625	110384	+	CP052044.1	4259108	2221265	2222027	123	764	19
scaffold_148	65701	17261	20841	+	CP052044.1	4259108	2222424	2225982	1162	3586	19
scaffold_101	101313	47858	48650	-	CP052044.1	4259108	2229821	2230614	450	793	19
scaffold_126	79365	74983	75064	+	CP052044.1	4259108	2326606	2326687	57	81	19
scaffold_106	94230	16710	16877	+	CP052044.1	4259108	2329096	2329266	58	172	19
scaffold_68	182924	511	580	+	CP052044.1	4259108	2389495	2389564	62	69	19
scaffold_148	65701	8322	10317	+	CP052044.1	4259108	2443598	2445595	1034	1997	19
scaffold_169	51120	6268	6387	-	CP052044.1	4259108	2474149	2474263	58	119	19
scaffold_51	297976	147930	148092	-	CP052044.1	4259108	2883418	2883580	85	162	19
scaffold_68	182924	70749	71076	+	CP052044.1	4259108	3055464	3055791	178	327	19
scaffold_51	297976	283391	288830	+	CP052044.1	4259108	3079092	3084573	401	5481	19
scaffold_102	100464	74902	75086	-	CP052044.1	4259108	3115055	3115239	176	184	19
scaffold_93	118238	26594	26677	-	CP052044.1	4259108	3328272	3328355	83	83	19
scaffold_44	359581	201844	203300	+	CP052044.1	4259108	3330516	3331984	60	1468	19
scaffold_80	143857	44836	44928	+	CP052044.1	4259108	3468049	3468141	57	92	19
scaffold_429	11191	5444	5537	-	CP052044.1	4259108	3726113	3726207	74	94	19
scaffold_372	14523	13374	13501	+	CP052044.1	4259108	3975330	3975458	57	128	19
scaffold_115	86240	18304	21101	+	CP052044.1	4259108	4194261	4197057	1640	2797	19
scaffold_50	298037	25059	26827	+	CP052044.1	4259108	4231254	4233022	353	1768	19
scaffold_50	298037	267600	268272	+	CP052044.1	4259108	432901	433574	91	673	18
scaffold_282	22153	5727	8906	+	CP052044.1	4259108	480443	483587	1339	3186	18
scaffold_40	392173	212024	212360	+	CP052044.1	4259108	658707	659043	96	336	18
scaffold_68	182924	54601	54703	+	CP052044.1	4259108	892972	893075	52	103	18
scaffold_153	61587	31761	32223	+	CP052044.1	4259108	1106972	1107437	76	465	18
scaffold_40	392173	195037	195566	-	CP052044.1	4259108	1242306	1243116	441	810	18
scaffold_333	17323	6394	6701	+	CP052044.1	4259108	1535484	1535788	149	307	18
scaffold_115	86240	16721	17798	-	CP052044.1	4259108	2558456	2559529	496	1081	18
scaffold_194	39750	18052	18222	-	CP052044.1	4259108	2617948	2618112	58	170	18
scaffold_6	1692318	1507194	1508936	+	CP052044.1	4259108	2645065	2646808	1467	1743	18
scaffold_243	28230	22456	22565	+	CP052044.1	4259108	3329417	3329526	109	109	18
scaffold_88	125722	76025	76578	+	CP052044.1	4259108	3995268	3995821	363	553	18
scaffold_8	1419871	1146068	1147926	-	CP052044.1	4259108	4231233	4233074	628	1858	18
scaffold_82	143064	75182	76838	+	CP052044.1	4259108	4231333	4232989	251	1656	18
scaffold_11	1212133	51850	51950	+	CP052044.1	4259108	102718	102818	85	100	17
scaffold_80	143857	71459	75387	-	CP052044.1	4259108	216320	220381	1271	4062	17
scaffold_143	70430	33092	33499	-	CP052044.1	4259108	438515	438979	80	469	17
scaffold_262	24986	20514	21165	-	CP052044.1	4259108	613733	614383	251	651	17
scaffold_333	17323	6798	7761	-	CP052044.1	4259108	613834	614797	424	963	17
scaffold_97	105629	40882	42271	+	CP052044.1	4259108	1004696	1006084	302	1389	17
scaffold_154	60446	14391	14460	+	CP052044.1	4259108	1119018	1119087	69	69	17
scaffold_110	91422	3820	3986	+	CP052044.1	4259108	1197359	1197524	55	166	17
scaffold_101	101313	56225	56879	-	CP052044.1	4259108	1423143	1423804	76	661	17
scaffold_112	88048	277	1158	-	CP052044.1	4259108	1649537	1650411	364	884	17
scaffold_143	70430	35181	35252	-	CP052044.1	4259108	2655898	2655969	55	71	17
scaffold_185	43118	20	213	+	CP052044.1	4259108	3055598	3055791	121	193	17
scaffold_83	140534	86750	86888	+	CP052044.1	4259108	3078515	3078653	116	138	17
scaffold_61	235649	105780	105900	-	CP052044.1	4259108	3329410	3329530	102	120	17
scaffold_347	15918	9977	10064	-	CP052044.1	4259108	3329417	3329504	87	87	17
scaffold_62	231438	60034	65548	+	CP052044.1	4259108	4036586	4042117	554	5531	17
scaffold_156	59460	4925	5069	-	CP052044.1	4259108	56368	56512	71	144	16
scaffold_107	93315	25753	26893	+	CP052044.1	4259108	187885	189020	127	1140	16
scaffold_174	47065	40873	46144	-	CP052044.1	4259108	191307	196631	76	5324	16
scaffold_525	7280	3426	3550	+	CP052044.1	4259108	194581	194705	54	124	16
scaffold_83	140534	7917	7972	-	CP052044.1	4259108	338182	338237	55	55	16
scaffold_156	59460	7010	7124	+	CP052044.1	4259108	809336	809450	54	114	16
scaffold_138	72333	33	414	-	CP052044.1	4259108	1225624	1226005	323	381	16
scaffold_50	298037	204205	204342	+	CP052044.1	4259108	1283736	1283873	70	137	16
scaffold_50	298037	105009	105271	-	CP052044.1	4259108	1366980	1367241	124	262	16
scaffold_77	149510	78552	78691	+	CP052044.1	4259108	1429264	1429403	54	139	16
scaffold_110	91422	72387	72567	-	CP052044.1	4259108	1577029	1577209	180	180	16
scaffold_75	154281	55231	55375	+	CP052044.1	4259108	1772974	1773137	77	165	16
scaffold_144	69844	37713	38433	-	CP052044.1	4259108	1812086	1812826	535	741	16
scaffold_13	1103368	393186	394488	-	CP052044.1	4259108	2307907	2309209	314	1302	16
scaffold_172	48882	37016	38575	-	CP052044.1	4259108	2714560	2716132	172	1574	16
scaffold_28	539988	7772	7929	+	CP052044.1	4259108	2735918	2736095	59	177	16
scaffold_68	182924	138605	139574	+	CP052044.1	4259108	3141565	3142535	363	971	16
scaffold_107	93315	66559	70362	+	CP052044.1	4259108	4021243	4025135	722	3907	16
scaffold_1227	701	42	233	+	CP052044.1	4259108	56320	56512	136	192	15
scaffold_531	7038	2275	4934	+	CP052044.1	4259108	88882	91540	873	2659	15
scaffold_218	33655	31117	33637	-	CP052044.1	4259108	381885	384404	1272	2520	15
scaffold_525	7280	4506	7270	-	CP052044.1	4259108	615173	617937	823	2764	15
scaffold_210	35262	14918	15587	+	CP052044.1	4259108	855544	856210	478	669	15
scaffold_14	908909	65024	65148	-	CP052044.1	4259108	1005230	1005354	53	124	15
scaffold_51	297976	270083	270233	+	CP052044.1	4259108	1081815	1081965	150	150	15
scaffold_12	1155968	713125	714632	+	CP052044.1	4259108	1201687	1203198	302	1511	15
scaffold_258	25314	58	1046	-	CP052044.1	4259108	1415415	1416403	842	988	15
scaffold_101	101313	44103	45692	+	CP052044.1	4259108	1500246	1501829	770	1589	15
scaffold_145	69505	5439	6096	+	CP052044.1	4259108	1533946	1534618	77	672	15
scaffold_85	135051	21780	22420	+	CP052044.1	4259108	1769696	1770412	142	716	15
scaffold_1496	558	48	377	+	CP052044.1	4259108	1939991	1940320	84	329	15
scaffold_292	21110	6671	6724	-	CP052044.1	4259108	1957677	1957730	53	53	15
scaffold_1558	534	162	407	-	CP052044.1	4259108	2239969	2240214	151	245	15
scaffold_75	154281	11	309	-	CP052044.1	4259108	2969555	2969853	173	298	15
scaffold_1	2692756	47331	48284	+	CP052044.1	4259108	3563857	3564811	139	954	15
scaffold_243	28230	23465	23518	-	CP052044.1	4259108	3584230	3584283	53	53	15
scaffold_39	398046	154566	154909	+	CP052044.1	4259108	3584561	3584908	163	347	15
scaffold_33	455355	349302	351480	+	CP052044.1	4259108	3605455	3607623	741	2178	15
scaffold_51	297976	274628	276362	+	CP052044.1	4259108	3860114	3861847	89	1734	15
scaffold_80	143857	96621	96671	-	CP052044.1	4259108	4036530	4036580	50	50	15
scaffold_387	13657	7518	9336	-	CP052044.1	4259108	4231233	4233051	554	1818	15
scaffold_1299	657	407	538	+	CP052044.1	4259108	170172	170304	57	132	14
scaffold_68	182924	21007	21096	-	CP052044.1	4259108	209367	209454	76	89	14
scaffold_863	1570	1075	1393	-	CP052044.1	4259108	303903	304221	57	318	14
scaffold_45	358384	202999	203177	-	CP052044.1	4259108	312183	312362	64	179	14
scaffold_112	88048	44593	44841	+	CP052044.1	4259108	462673	462921	57	248	14
scaffold_110	91422	57348	57414	-	CP052044.1	4259108	589240	589306	52	66	14
scaffold_262	24986	4798	5069	+	CP052044.1	4259108	617421	617692	57	271	14
scaffold_154	60446	14495	14591	+	CP052044.1	4259108	758129	758225	52	96	14
scaffold_14	908909	141971	143469	+	CP052044.1	4259108	777739	779238	57	1499	14
scaffold_183	43655	97	554	+	CP052044.1	4259108	778712	779169	76	457	14
scaffold_96	109087	92070	96281	+	CP052044.1	4259108	856813	861044	1706	4231	14
scaffold_5	1863748	359776	361214	-	CP052044.1	4259108	915977	917415	267	1438	14
scaffold_262	24986	6289	7583	+	CP052044.1	4259108	928790	930088	76	1298	14
scaffold_181	44073	32801	32945	-	CP052044.1	4259108	956713	956857	57	144	14
scaffold_11	1212133	75247	75635	+	CP052044.1	4259108	968307	968732	61	425	14
scaffold_83	140534	133617	133830	-	CP052044.1	4259108	1028281	1028494	57	213	14
scaffold_10	1239786	1200133	1200274	-	CP052044.1	4259108	1028822	1028964	53	142	14
scaffold_68	182924	164292	165077	-	CP052044.1	4259108	1034375	1035159	57	785	14
scaffold_66	184824	154769	157619	-	CP052044.1	4259108	1225624	1228456	1558	2850	14
scaffold_156	59460	47243	47375	+	CP052044.1	4259108	1276842	1276974	57	132	14
scaffold_1650	515	54	507	+	CP052044.1	4259108	1279829	1280282	63	453	14
scaffold_112	88048	21578	24787	+	CP052044.1	4259108	1367296	1370502	531	3229	14
scaffold_1	2692756	107000	107783	+	CP052044.1	4259108	1398532	1399315	57	783	14
scaffold_658	3860	3742	3825	+	CP052044.1	4259108	1461519	1461604	69	85	14
scaffold_82	143064	141184	141294	-	CP052044.1	4259108	1491356	1491467	57	111	14
scaffold_66	184824	160415	160606	-	CP052044.1	4259108	1690440	1690630	57	191	14
scaffold_1575	530	25	397	+	CP052044.1	4259108	1816091	1816462	57	372	14
scaffold_148	65701	22833	22938	+	CP052044.1	4259108	2011504	2011609	57	105	14
scaffold_68	182924	11329	12843	+	CP052044.1	4259108	2203461	2204975	583	1514	14
scaffold_83	140534	113718	114507	+	CP052044.1	4259108	2204307	2205096	57	789	14
scaffold_863	1570	44	948	-	CP052044.1	4259108	2313173	2314077	57	904	14
scaffold_82	143064	120717	120792	-	CP052044.1	4259108	2339366	2339441	52	75	14
scaffold_101	101313	703	893	+	CP052044.1	4259108	2467932	2468124	57	192	14
scaffold_96	109087	62592	62834	+	CP052044.1	4259108	2478271	2478513	57	242	14
scaffold_154	60446	47449	47685	-	CP052044.1	4259108	2488936	2489173	57	237	14
scaffold_101	101313	45932	46088	-	CP052044.1	4259108	2736173	2736329	119	156	14
scaffold_40	392173	201251	201873	+	CP052044.1	4259108	3079092	3079714	57	622	14
scaffold_68	182924	14040	14108	-	CP052044.1	4259108	3115918	3115986	57	68	14
scaffold_67	184376	22911	23003	-	CP052044.1	4259108	3158436	3158528	57	92	14
scaffold_175	46490	7149	7265	-	CP052044.1	4259108	3329410	3329526	86	116	14
scaffold_1621	521	142	322	+	CP052044.1	4259108	3349836	3350019	57	183	14
scaffold_321	18170	3918	4485	+	CP052044.1	4259108	3504453	3505020	514	567	14
scaffold_110	91422	27289	27434	+	CP052044.1	4259108	3590368	3590512	57	145	14
scaffold_102	100464	58151	59135	-	CP052044.1	4259108	3628438	3629422	57	984	14
scaffold_304	20323	16968	17314	+	CP052044.1	4259108	3664391	3664739	57	348	14
scaffold_112	88048	4112	6890	-	CP052044.1	4259108	3723296	3726074	1297	2778	14
scaffold_33	455355	438288	438784	-	CP052044.1	4259108	3833100	3833602	57	502	14
scaffold_61	235649	174590	174663	+	CP052044.1	4259108	3948315	3948388	57	73	14
scaffold_59	256653	16402	16550	-	CP052044.1	4259108	4020813	4020961	57	148	14
scaffold_1194	730	3	725	-	CP052044.1	4259108	4231264	4231986	562	722	14
scaffold_150	63801	10790	12217	-	CP052044.1	4259108	20000	21423	76	1427	13
scaffold_1557	535	246	416	+	CP052044.1	4259108	216395	216568	57	176	13
scaffold_401	12799	4552	4686	+	CP052044.1	4259108	227826	227959	98	134	13
scaffold_83	140534	26271	26415	+	CP052044.1	4259108	252167	252312	51	145	13
scaffold_110	91422	33968	34381	+	CP052044.1	4259108	266308	266731	164	424	13
scaffold_150	63801	47953	48322	+	CP052044.1	4259108	313476	313852	57	376	13
scaffold_11	1212133	43880	43931	+	CP052044.1	4259108	324783	324834	51	51	13
scaffold_68	182924	21163	21316	+	CP052044.1	4259108	340047	340217	56	170	13
scaffold_67	184376	23140	23392	-	CP052044.1	4259108	596686	596938	148	252	13
scaffold_106	94230	45584	45635	+	CP052044.1	4259108	642862	642913	51	51	13
scaffold_1	2692756	8007	9807	-	CP052044.1	4259108	866402	868202	813	1800	13
scaffold_85	135051	38502	46598	-	CP052044.1	4259108	1175878	1183516	1848	8100	13
scaffold_150	63801	34	1749	+	CP052044.1	4259108	1226759	1228456	803	1715	13
scaffold_70	181850	180590	180945	+	CP052044.1	4259108	1252098	1252453	188	355	13
scaffold_320	18374	3332	3776	-	CP052044.1	4259108	1354437	1354874	57	444	13
scaffold_96	109087	105772	106733	-	CP052044.1	4259108	1377688	1378635	451	963	13
scaffold_154	60446	29240	31192	+	CP052044.1	4259108	1377688	1379621	656	1955	13
scaffold_83	140534	7075	7857	+	CP052044.1	4259108	1837341	1838123	261	782	13
scaffold_67	184376	19172	20891	+	CP052044.1	4259108	2312281	2313997	157	1719	13
scaffold_112	88048	87360	87525	+	CP052044.1	4259108	2353733	2353898	56	165	13
scaffold_59	256653	14064	15319	-	CP052044.1	4259108	2446120	2447371	57	1255	13
scaffold_133	76283	29099	29374	-	CP052044.1	4259108	2592872	2593147	51	275	13
scaffold_154	60446	5577	5672	-	CP052044.1	4259108	2695300	2695395	56	95	13
scaffold_1387	609	266	417	-	CP052044.1	4259108	2695967	2696116	84	151	13
scaffold_68	182924	140568	140662	-	CP052044.1	4259108	2714645	2714739	58	94	13
scaffold_57	260754	104406	105466	-	CP052044.1	4259108	2726308	2727376	57	1069	13
scaffold_14	908909	943	2699	-	CP052044.1	4259108	2766760	2768516	770	1756	13
scaffold_51	297976	199630	199695	-	CP052044.1	4259108	2846462	2846527	55	65	13
scaffold_154	60446	891	1043	+	CP052044.1	4259108	2883418	2883580	57	162	13
scaffold_45	358384	30830	31413	+	CP052044.1	4259108	2955211	2955794	59	583	13
scaffold_9	1406917	1404461	1406900	+	CP052044.1	4259108	3124368	3126806	1061	2440	13
scaffold_16	897138	20787	20979	+	CP052044.1	4259108	3362036	3362211	118	192	13
scaffold_107	93315	63397	63486	-	CP052044.1	4259108	3679737	3679826	68	89	13
scaffold_181	44073	25550	25826	-	CP052044.1	4259108	3691336	3691611	104	276	13
scaffold_156	59460	11337	11716	+	CP052044.1	4259108	3807858	3808205	59	379	13
scaffold_288	21810	18373	21787	+	CP052044.1	4259108	4038726	4042134	777	3414	13
scaffold_63	225848	201358	201501	-	CP052044.1	4259108	36144	36285	113	143	12
scaffold_387	13657	10893	11036	+	CP052044.1	4259108	36144	36285	113	143	12
scaffold_62	231438	65730	66462	-	CP052044.1	4259108	195890	196622	50	732	12
scaffold_181	44073	5381	5501	-	CP052044.1	4259108	224379	224499	50	120	12
scaffold_48	348853	62235	62622	-	CP052044.1	4259108	759555	759992	286	437	12
scaffold_328	17820	14339	14426	-	CP052044.1	4259108	1354437	1354524	58	87	12
scaffold_304	20323	7156	7285	+	CP052044.1	4259108	1515811	1515943	70	133	12
scaffold_863	1570	906	1268	-	CP052044.1	4259108	1788781	1789143	92	362	12
scaffold_258	25314	22810	23143	+	CP052044.1	4259108	1835799	1835968	82	333	12
scaffold_219	33473	33343	33417	-	CP052044.1	4259108	2401877	2401951	74	74	12
scaffold_1656	513	309	487	-	CP052044.1	4259108	2489678	2489846	72	178	12
scaffold_101	101313	40892	41137	+	CP052044.1	4259108	2593080	2593325	169	245	12
scaffold_106	94230	69337	71255	+	CP052044.1	4259108	2600952	2602882	334	1930	12
scaffold_365	15120	13866	13920	-	CP052044.1	4259108	2746404	2746458	54	54	12
scaffold_21	738175	225267	225423	+	CP052044.1	4259108	2761006	2761162	50	156	12
scaffold_96	109087	78057	78221	-	CP052044.1	4259108	2846398	2846565	94	167	12
scaffold_128	78074	31080	31135	+	CP052044.1	4259108	3126762	3126817	55	55	12
scaffold_122	81337	46321	46527	+	CP052044.1	4259108	3486281	3486502	57	221	12
scaffold_111	88385	19464	19572	+	CP052044.1	4259108	3575147	3575255	50	108	12
scaffold_68	182924	98943	99026	+	CP052044.1	4259108	3800287	3800370	50	83	12
scaffold_312	19256	4806	4872	-	CP052044.1	4259108	4150762	4150828	50	66	12
scaffold_80	143857	55526	55838	+	CP052044.1	4259108	4157522	4157846	57	324	12
scaffold_137	72425	5025	5134	+	CP052044.1	4259108	489781	489894	50	113	11
scaffold_153	61587	27623	27683	+	CP052044.1	4259108	816447	816508	50	61	11
scaffold_154	60446	28484	28591	-	CP052044.1	4259108	819645	819752	53	107	11
scaffold_110	91422	17507	17965	-	CP052044.1	4259108	1028813	1029142	76	458	11
scaffold_85	135051	35202	36068	+	CP052044.1	4259108	1152655	1153521	164	866	11
scaffold_77	149510	132335	132456	+	CP052044.1	4259108	1284468	1284588	72	121	11
scaffold_75	154281	74209	74267	-	CP052044.1	4259108	1455180	1455238	53	58	11
scaffold_80	143857	45019	45388	-	CP052044.1	4259108	1546872	1547244	181	372	11
scaffold_77	149510	107616	107728	-	CP052044.1	4259108	1610163	1610275	53	112	11
scaffold_175	46490	30928	31180	+	CP052044.1	4259108	1745278	1745530	183	252	11
scaffold_357	15566	51	119	+	CP052044.1	4259108	2045058	2045126	68	68	11
scaffold_13	1103368	20460	20675	-	CP052044.1	4259108	2087329	2087544	99	215	11
scaffold_173	47066	20279	20554	+	CP052044.1	4259108	2198622	2198897	116	275	11
scaffold_40	392173	147644	149297	+	CP052044.1	4259108	2226219	2227872	65	1654	11
scaffold_96	109087	17406	17462	-	CP052044.1	4259108	2309435	2309491	56	56	11
scaffold_83	140534	13929	13978	-	CP052044.1	4259108	2329400	2329449	49	49	11
scaffold_61	235649	174272	174591	+	CP052044.1	4259108	2463862	2464181	163	319	11
scaffold_10	1239786	1124671	1124782	-	CP052044.1	4259108	2534185	2534296	53	111	11
scaffold_101	101313	79114	79220	-	CP052044.1	4259108	3072798	3072904	77	106	11
scaffold_90	123581	107337	107453	+	CP052044.1	4259108	3329410	3329526	116	116	11
scaffold_336	17138	14065	14181	+	CP052044.1	4259108	3329410	3329526	116	116	11
scaffold_115	86240	35248	35378	+	CP052044.1	4259108	3435537	3435667	87	130	11
scaffold_877	1508	824	931	-	CP052044.1	4259108	3486306	3486415	49	109	11
scaffold_101	101313	3018	8983	-	CP052044.1	4259108	3499038	3505020	1561	5997	11
scaffold_101	101313	54424	55060	-	CP052044.1	4259108	3607178	3607633	141	638	11
scaffold_83	140534	68066	68148	+	CP052044.1	4259108	3668806	3668888	49	82	11
scaffold_296	20863	15393	15488	+	CP052044.1	4259108	4136332	4136427	69	95	11
scaffold_731	2806	674	2320	+	CP052044.1	4259108	4231317	4232963	784	1646	11
scaffold_51	297976	180916	181070	-	CP052044.1	4259108	36133	36285	100	155	10
scaffold_80	143857	77649	77768	-	CP052044.1	4259108	36166	36285	97	119	10
scaffold_296	20863	9289	9370	+	CP052044.1	4259108	94601	94705	57	104	10
scaffold_1578	530	24	169	-	CP052044.1	4259108	104292	104437	128	145	10
scaffold_1712	501	22	486	-	CP052044.1	4259108	378950	379414	402	464	10
scaffold_401	12799	8888	8952	-	CP052044.1	4259108	589217	589281	61	64	10
scaffold_249	26889	24655	25055	-	CP052044.1	4259108	613766	614164	269	400	10
scaffold_156	59460	48156	48299	+	CP052044.1	4259108	756589	756739	50	150	10
scaffold_50	298037	198442	198715	+	CP052044.1	4259108	818307	818580	65	273	10
scaffold_51	297976	248861	250796	+	CP052044.1	4259108	845604	847539	76	1935	10
scaffold_336	17138	16785	17068	-	CP052044.1	4259108	1203354	1203582	60	283	10
scaffold_80	143857	65793	65913	+	CP052044.1	4259108	1284459	1284578	61	120	10
scaffold_51	297976	23425	23555	+	CP052044.1	4259108	1284459	1284588	61	130	10
scaffold_144	69844	8777	10588	+	CP052044.1	4259108	1688126	1689936	982	1811	10
scaffold_173	47066	27711	27762	+	CP052044.1	4259108	1904636	1904687	51	51	10
scaffold_877	1508	644	691	+	CP052044.1	4259108	2143519	2143566	47	47	10
scaffold_51	297976	148110	148163	-	CP052044.1	4259108	2153192	2153250	52	58	10
scaffold_21	738175	55336	55707	+	CP052044.1	4259108	2347631	2347975	57	371	10
scaffold_144	69844	22830	22924	-	CP052044.1	4259108	2411161	2411255	52	94	10
scaffold_356	15572	3113	3161	+	CP052044.1	4259108	2417814	2417862	48	48	10
scaffold_83	140534	133430	133670	+	CP052044.1	4259108	2489625	2489846	57	240	10
scaffold_258	25314	16692	16928	+	CP052044.1	4259108	2564103	2564339	68	236	10
scaffold_143	70430	144	3251	+	CP052044.1	4259108	3055878	3058989	2271	3139	10
scaffold_154	60446	5194	5245	+	CP052044.1	4259108	3178017	3178068	51	51	10
scaffold_415	12192	12110	12157	-	CP052044.1	4259108	3185538	3185585	47	47	10
scaffold_59	256653	46343	46401	+	CP052044.1	4259108	3302790	3302860	58	70	10
scaffold_427	11379	3299	3393	-	CP052044.1	4259108	3329410	3329504	94	94	10
scaffold_21	738175	56067	56183	+	CP052044.1	4259108	3329410	3329526	113	116	10
scaffold_44	359581	178283	178818	+	CP052044.1	4259108	3330295	3330843	57	551	10
scaffold_51	297976	3421	3487	+	CP052044.1	4259108	3584217	3584283	51	66	10
scaffold_102	100464	25236	25302	+	CP052044.1	4259108	3584217	3584283	51	66	10
scaffold_133	76283	51019	51198	-	CP052044.1	4259108	3617685	3617865	136	180	10
scaffold_304	20323	19930	20063	+	CP052044.1	4259108	4066041	4066152	57	133	10
scaffold_51	297976	91507	91567	+	CP052044.1	4259108	40052	40112	60	60	9
scaffold_83	140534	62049	64244	+	CP052044.1	4259108	337998	340193	1302	2195	9
scaffold_51	297976	130497	130547	-	CP052044.1	4259108	448646	448696	50	50	9
scaffold_80	143857	98739	100598	-	CP052044.1	4259108	469665	471520	679	1860	9
scaffold_83	140534	111776	112638	-	CP052044.1	4259108	653295	654156	280	864	9
scaffold_328	17820	4129	10578	+	CP052044.1	4259108	666050	672500	5671	6450	9
scaffold_148	65701	8295	8341	-	CP052044.1	4259108	847720	847766	46	46	9
scaffold_172	48882	341	1523	-	CP052044.1	4259108	1083254	1084436	372	1182	9
scaffold_401	12799	12519	12790	-	CP052044.1	4259108	1154855	1155136	173	281	9
scaffold_83	140534	14722	14808	-	CP052044.1	4259108	1394019	1394105	47	86	9
scaffold_323	18080	135	1492	+	CP052044.1	4259108	1412640	1413997	818	1357	9
scaffold_13	1103368	8369	10023	-	CP052044.1	4259108	1443079	1444732	1372	1654	9
scaffold_13	1103368	28366	28419	+	CP052044.1	4259108	1475642	1475696	50	54	9
scaffold_50	298037	129901	132093	-	CP052044.1	4259108	1500077	1502265	1080	2192	9
scaffold_51	297976	251329	251531	-	CP052044.1	4259108	1502397	1502598	47	202	9
scaffold_51	297976	268810	269660	+	CP052044.1	4259108	1534631	1535481	619	850	9
scaffold_1483	563	426	478	+	CP052044.1	4259108	1968853	1968905	46	52	9
scaffold_133	76283	14299	15813	-	CP052044.1	4259108	2203461	2204975	261	1514	9
scaffold_194	39750	17868	18047	-	CP052044.1	4259108	2229066	2229255	77	189	9
scaffold_88	125722	45003	45118	+	CP052044.1	4259108	2330997	2331141	57	144	9
scaffold_133	76283	24592	24780	+	CP052044.1	4259108	2883410	2883597	83	188	9
scaffold_151	63507	43579	44468	-	CP052044.1	4259108	3406169	3407183	239	1027	9
scaffold_99	104861	68879	69023	-	CP052044.1	4259108	4226793	4226937	93	144	9
scaffold_769	2378	158	1888	+	CP052044.1	4259108	4231233	4232963	433	1730	9
scaffold_30	507731	499063	500797	-	CP052044.1	4259108	4231349	4233066	203	1734	9
scaffold_1002	969	11	943	+	CP052044.1	4259108	4231535	4232467	726	932	9
scaffold_68	182924	147579	147650	-	CP052044.1	4259108	24761	24832	49	71	8
scaffold_1022	925	128	906	-	CP052044.1	4259108	38832	39590	388	778	8
scaffold_292	21110	6	1479	+	CP052044.1	4259108	81819	83292	1176	1473	8
scaffold_83	140534	118798	118939	-	CP052044.1	4259108	284737	284878	119	141	8
scaffold_150	63801	13781	13908	+	CP052044.1	4259108	304050	304177	57	127	8
scaffold_429	11191	4000	4168	+	CP052044.1	4259108	731061	731232	77	171	8
scaffold_51	297976	197899	199380	-	CP052044.1	4259108	779371	780865	719	1494	8
scaffold_28	539988	330479	330667	+	CP052044.1	4259108	860824	861012	65	188	8
scaffold_210	35262	15603	17461	+	CP052044.1	4259108	866359	868202	1620	1860	8
scaffold_51	297976	81933	83769	-	CP052044.1	4259108	915892	917728	410	1836	8
scaffold_59	256653	15886	16033	+	CP052044.1	4259108	1040912	1041061	120	149	8
scaffold_1001	972	483	685	+	CP052044.1	4259108	1264886	1265091	49	205	8
scaffold_181	44073	26155	26870	+	CP052044.1	4259108	1536103	1536818	615	715	8
scaffold_107	93315	36634	36886	+	CP052044.1	4259108	1590875	1591127	162	252	8
scaffold_154	60446	21547	21728	+	CP052044.1	4259108	1689940	1690121	57	181	8
scaffold_51	297976	184740	186884	-	CP052044.1	4259108	1958976	1960942	390	2145	8
scaffold_151	63507	12521	14355	+	CP052044.1	4259108	2111543	2113376	891	1834	8
scaffold_1334	638	186	344	+	CP052044.1	4259108	2414018	2414176	49	158	8
scaffold_429	11191	9687	9956	-	CP052044.1	4259108	2533806	2534073	74	269	8
scaffold_210	35262	33236	33285	-	CP052044.1	4259108	3011909	3011958	49	49	8
scaffold_1658	512	15	512	-	CP052044.1	4259108	3056331	3056873	370	554	8
scaffold_169	51120	10464	10611	-	CP052044.1	4259108	3059172	3059319	129	147	8
scaffold_287	21903	230	316	-	CP052044.1	4259108	3114567	3114654	57	87	8
scaffold_40	392173	137129	137229	-	CP052044.1	4259108	3690222	3690322	76	100	8
scaffold_67	184376	50745	50925	-	CP052044.1	4259108	3834138	3834327	72	189	8
scaffold_1219	707	98	429	-	CP052044.1	4259108	4091284	4091617	57	333	8
scaffold_80	143857	39755	42882	-	CP052044.1	4259108	160607	163702	2734	3130	7
scaffold_866	1559	509	619	-	CP052044.1	4259108	754937	755047	48	110	7
scaffold_71	175185	155272	155685	+	CP052044.1	4259108	849207	849620	191	413	7
scaffold_32	471417	26849	28231	-	CP052044.1	4259108	866578	867960	471	1382	7
scaffold_75	154281	88153	88372	+	CP052044.1	4259108	945245	945464	46	219	7
scaffold_172	48882	2546	2943	-	CP052044.1	4259108	952759	953156	88	397	7
scaffold_131	76605	62118	63890	-	CP052044.1	4259108	964081	965853	453	1772	7
scaffold_37	420435	320254	320496	+	CP052044.1	4259108	1099751	1099991	48	242	7
scaffold_155	60202	60083	60164	+	CP052044.1	4259108	1225624	1225705	81	81	7
scaffold_457	9754	9410	9753	-	CP052044.1	4259108	1252109	1252453	198	344	7
scaffold_258	25314	14946	16783	-	CP052044.1	4259108	1340467	1342299	400	1838	7
scaffold_1209	716	3	707	+	CP052044.1	4259108	1465428	1466131	433	704	7
scaffold_112	88048	25785	25976	+	CP052044.1	4259108	1482977	1483168	97	191	7
scaffold_32	471417	57	707	-	CP052044.1	4259108	1500077	1500726	163	650	7
scaffold_212	35064	16302	16348	+	CP052044.1	4259108	1536828	1536874	46	46	7
scaffold_75	154281	17660	19802	+	CP052044.1	4259108	1657653	1659786	736	2142	7
scaffold_75	154281	28593	28690	-	CP052044.1	4259108	1914677	1914774	62	97	7
scaffold_13	1103368	17971	20404	+	CP052044.1	4259108	2042639	2045081	1274	2442	7
scaffold_137	72425	14507	14600	-	CP052044.1	4259108	2431016	2431108	52	93	7
scaffold_429	11191	7020	7066	-	CP052044.1	4259108	2443447	2443493	46	46	7
scaffold_106	94230	45407	45492	-	CP052044.1	4259108	2477451	2477536	48	85	7
scaffold_133	76283	25712	25758	-	CP052044.1	4259108	2558386	2558432	46	46	7
scaffold_68	182924	142851	143757	+	CP052044.1	4259108	2617948	2618890	57	943	7
scaffold_96	109087	96464	97822	-	CP052044.1	4259108	2645391	2646749	344	1358	7
scaffold_4	1881388	530134	530498	-	CP052044.1	4259108	3352776	3353141	74	365	7
scaffold_218	33655	14471	14517	+	CP052044.1	4259108	3476729	3476775	46	46	7
scaffold_102	100464	50051	50166	+	CP052044.1	4259108	3574944	3575059	48	115	7
scaffold_1	2692756	154742	154980	+	CP052044.1	4259108	3617756	3618028	96	272	7
scaffold_181	44073	502	1378	+	CP052044.1	4259108	3630372	3631221	367	876	7
scaffold_1	2692756	237976	238795	+	CP052044.1	4259108	4136877	4137696	163	819	7
scaffold_1695	505	2	484	+	CP052044.1	4259108	614355	614837	285	482	6
scaffold_59	256653	23642	25888	+	CP052044.1	4259108	858767	861012	241	2246	6
scaffold_371	14652	14447	14491	-	CP052044.1	4259108	922787	922831	44	44	6
scaffold_775	2307	176	1703	+	CP052044.1	4259108	964081	965608	204	1527	6
scaffold_16	897138	17909	20752	+	CP052044.1	4259108	1225631	1228456	504	2843	6
scaffold_150	63801	13261	13955	-	CP052044.1	4259108	1233628	1234318	48	694	6
scaffold_96	109087	690	1047	-	CP052044.1	4259108	1252098	1252453	213	357	6
scaffold_151	63507	34645	34764	-	CP052044.1	4259108	1284459	1284578	47	119	6
scaffold_68	182924	21710	21823	-	CP052044.1	4259108	1403173	1403289	63	116	6
scaffold_194	39750	39417	39557	+	CP052044.1	4259108	1515811	1515943	76	141	6
scaffold_328	17820	9	239	+	CP052044.1	4259108	2529084	2529314	178	230	6
scaffold_93	118238	108586	108839	-	CP052044.1	4259108	2533806	2534056	76	253	6
scaffold_110	91422	64867	65725	+	CP052044.1	4259108	2645391	2646249	229	858	6
scaffold_28	539988	329773	329836	-	CP052044.1	4259108	2704362	2704425	45	63	6
scaffold_106	94230	45503	45547	+	CP052044.1	4259108	3072696	3072740	44	44	6
scaffold_169	51120	25147	25191	-	CP052044.1	4259108	3072696	3072740	44	44	6
scaffold_61	235649	222655	222791	-	CP052044.1	4259108	3111859	3111995	71	136	6
scaffold_10	1239786	143585	143677	-	CP052044.1	4259108	3362863	3362957	67	94	6
scaffold_70	181850	38487	38608	-	CP052044.1	4259108	3364717	3364838	76	121	6
scaffold_99	104861	50369	51089	-	CP052044.1	4259108	3524097	3524816	558	720	6
scaffold_129	76929	49747	49814	-	CP052044.1	4259108	3575188	3575255	47	67	6
scaffold_82	143064	120678	120736	+	CP052044.1	4259108	4027205	4027263	47	58	6
scaffold_1	2692756	284622	286459	-	CP052044.1	4259108	4231254	4233074	1164	1837	6
scaffold_110	91422	71506	71552	+	CP052044.1	4259108	100451	100497	46	46	5
scaffold_1	2692756	40601	40653	-	CP052044.1	4259108	209701	209753	45	52	5
scaffold_288	21810	12098	12191	+	CP052044.1	4259108	223601	223694	45	93	5
scaffold_655	3939	175	220	+	CP052044.1	4259108	419520	419567	45	47	5
scaffold_143	70430	28835	30731	+	CP052044.1	4259108	422841	424737	1162	1896	5
scaffold_850	1688	1383	1571	-	CP052044.1	4259108	570324	570512	76	188	5
scaffold_1041	905	619	791	+	CP052044.1	4259108	585983	586154	95	172	5
scaffold_927	1256	28	1225	-	CP052044.1	4259108	613819	615015	637	1197	5
scaffold_99	104861	20934	20984	+	CP052044.1	4259108	655425	655475	46	50	5
scaffold_51	297976	257951	258078	-	CP052044.1	4259108	728811	728938	45	127	5
scaffold_40	392173	195936	196175	-	CP052044.1	4259108	759657	759910	70	253	5
scaffold_101	101313	13927	14186	+	CP052044.1	4259108	788704	788969	47	265	5
scaffold_1565	532	67	168	+	CP052044.1	4259108	794032	794131	67	101	5
scaffold_15	906157	904122	906142	+	CP052044.1	4259108	882410	884427	1300	2020	5
scaffold_50	298037	32598	32751	+	CP052044.1	4259108	1028819	1028972	44	153	5
scaffold_75	154281	72348	73354	-	CP052044.1	4259108	1135878	1136884	708	1006	5
scaffold_1484	563	391	553	-	CP052044.1	4259108	1706369	1706531	45	162	5
scaffold_9	1406917	601247	603080	-	CP052044.1	4259108	2111543	2113376	651	1833	5
scaffold_83	140534	68479	69145	+	CP052044.1	4259108	2112297	2112964	44	667	5
scaffold_6	1692318	1560034	1560957	+	CP052044.1	4259108	2242456	2243362	418	923	5
scaffold_68	182924	69169	69872	+	CP052044.1	4259108	2384644	2385347	68	703	5
scaffold_153	61587	27069	27302	-	CP052044.1	4259108	2414863	2415096	111	233	5
scaffold_91	120630	85021	85167	+	CP052044.1	4259108	2489678	2489820	46	146	5
scaffold_50	298037	132071	132122	-	CP052044.1	4259108	2610550	2610601	44	51	5
scaffold_181	44073	6327	6396	+	CP052044.1	4259108	2695333	2695402	45	69	5
scaffold_210	35262	10296	10429	-	CP052044.1	4259108	2713429	2713562	113	133	5
scaffold_1272	671	281	381	-	CP052044.1	4259108	2716366	2716466	46	100	5
scaffold_133	76283	40408	40874	-	CP052044.1	4259108	2732820	2733286	307	466	5
scaffold_63	225848	185687	185884	-	CP052044.1	4259108	2994438	2994635	46	197	5
scaffold_45	358384	202895	202984	+	CP052044.1	4259108	3151871	3151960	46	89	5
scaffold_427	11379	0	119	+	CP052044.1	4259108	3334766	3334885	106	119	5
scaffold_68	182924	182805	182924	-	CP052044.1	4259108	3334766	3334885	106	119	5
scaffold_91	120630	120512	120615	-	CP052044.1	4259108	3334782	3334885	90	103	5
scaffold_83	140534	86814	87849	-	CP052044.1	4259108	3584706	3585610	165	1035	5
scaffold_77	149510	130709	130847	-	CP052044.1	4259108	3710670	3710808	46	138	5
scaffold_153	61587	10364	10445	-	CP052044.1	4259108	3729396	3729477	46	81	5
scaffold_128	78074	39093	39139	-	CP052044.1	4259108	3754494	3754540	46	46	5
scaffold_11	1212133	89873	89918	+	CP052044.1	4259108	3832698	3832743	45	45	5
scaffold_122	81337	72601	72878	+	CP052044.1	4259108	3983595	3983872	46	277	5
scaffold_85	135051	20622	20670	+	CP052044.1	4259108	4052529	4052577	45	48	5
scaffold_181	44073	16040	17002	+	CP052044.1	4259108	4090007	4090975	320	968	5
scaffold_6	1692318	1510316	1512174	-	CP052044.1	4259108	4231233	4233074	1491	1858	5
scaffold_96	109087	15285	15921	+	CP052044.1	4259108	157432	158032	78	636	4
scaffold_32	471417	10326	10369	+	CP052044.1	4259108	586095	586138	43	43	4
scaffold_33	455355	437579	437654	+	CP052044.1	4259108	589217	589292	72	75	4
scaffold_133	76283	50141	50393	-	CP052044.1	4259108	596686	596938	176	252	4
scaffold_80	143857	66188	66537	+	CP052044.1	4259108	870024	870403	86	379	4
scaffold_99	104861	93199	93302	+	CP052044.1	4259108	985538	985642	94	104	4
scaffold_457	9754	1758	1961	+	CP052044.1	4259108	1252127	1252330	174	203	4
scaffold_156	59460	13749	13793	-	CP052044.1	4259108	1343366	1343410	44	44	4
scaffold_50	298037	288712	288915	-	CP052044.1	4259108	1394019	1394218	62	203	4
scaffold_101	101313	65947	65996	+	CP052044.1	4259108	1752255	1752304	44	49	4
scaffold_866	1559	7	50	-	CP052044.1	4259108	1854267	1854310	43	43	4
scaffold_14	908909	54518	54561	+	CP052044.1	4259108	1977874	1977917	43	43	4
scaffold_22	716055	46188	46231	-	CP052044.1	4259108	2233457	2233500	43	43	4
scaffold_169	51120	6365	6408	-	CP052044.1	4259108	2233457	2233500	43	43	4
scaffold_51	297976	189278	189321	-	CP052044.1	4259108	2233457	2233500	43	43	4
scaffold_1285	665	355	586	+	CP052044.1	4259108	2646018	2646249	130	231	4
scaffold_67	184376	20730	23392	+	CP052044.1	4259108	2646623	2649346	57	2723	4
scaffold_172	48882	46919	47127	-	CP052044.1	4259108	2727357	2727565	44	208	4
scaffold_99	104861	61087	61131	-	CP052044.1	4259108	2847717	2847761	44	44	4
scaffold_336	17138	17008	17119	+	CP052044.1	4259108	3363668	3363779	111	111	4
scaffold_6	1692318	1581613	1581720	+	CP052044.1	4259108	3486306	3486415	44	109	4
scaffold_77	149510	133026	133181	+	CP052044.1	4259108	3646082	3646237	84	155	4
scaffold_112	88048	71661	71704	+	CP052044.1	4259108	3708997	3709040	43	43	4
scaffold_102	100464	99124	99200	-	CP052044.1	4259108	3756184	3756260	44	76	4
scaffold_104	98169	84571	86429	-	CP052044.1	4259108	4231233	4233074	1366	1858	4
scaffold_93	118238	106780	106919	-	CP052044.1	4259108	27515	27655	82	140	3
scaffold_99	104861	58935	60945	-	CP052044.1	4259108	338182	340193	1173	2011	3
scaffold_110	91422	70898	71373	+	CP052044.1	4259108	627155	627600	63	475	3
scaffold_75	154281	118667	118921	+	CP052044.1	4259108	730768	731023	127	255	3
scaffold_296	20863	560	2397	-	CP052044.1	4259108	982993	984828	1007	1839	3
scaffold_45	358384	234748	236333	-	CP052044.1	4259108	1232678	1234267	259	1589	3
scaffold_181	44073	33022	33381	-	CP052044.1	4259108	1252096	1252453	215	359	3
scaffold_133	76283	25802	25908	+	CP052044.1	4259108	1367318	1367424	43	106	3
scaffold_173	47066	37139	37335	-	CP052044.1	4259108	1394025	1394218	65	196	3
scaffold_148	65701	44193	44255	-	CP052044.1	4259108	1454251	1454313	43	62	3
scaffold_296	20863	10970	11066	+	CP052044.1	4259108	1467189	1467285	43	96	3
scaffold_50	298037	258224	258320	+	CP052044.1	4259108	1467189	1467285	43	96	3
scaffold_91	120630	104654	104928	+	CP052044.1	4259108	1491349	1491623	65	274	3
scaffold_1193	731	15	208	-	CP052044.1	4259108	1512277	1512470	65	193	3
scaffold_372	14523	5591	5857	+	CP052044.1	4259108	1762369	1762635	181	266	3
scaffold_115	86240	86144	86187	+	CP052044.1	4259108	1762392	1762435	43	43	3
scaffold_262	24986	19911	20073	-	CP052044.1	4259108	1772971	1773131	78	162	3
scaffold_297	20811	20689	20793	+	CP052044.1	4259108	1933109	1933213	74	104	3
scaffold_169	51120	502	2164	-	CP052044.1	4259108	1958892	1960552	328	1666	3
scaffold_51	297976	269660	269893	-	CP052044.1	4259108	2226358	2226591	166	233	3
scaffold_111	88385	64352	64395	+	CP052044.1	4259108	2389521	2389564	43	43	3
scaffold_258	25314	17903	17946	+	CP052044.1	4259108	2389521	2389564	43	43	3
scaffold_212	35064	7454	7590	-	CP052044.1	4259108	2431957	2432094	43	137	3
scaffold_75	154281	49552	49681	+	CP052044.1	4259108	2617438	2617563	80	129	3
scaffold_33	455355	438605	438980	-	CP052044.1	4259108	2712389	2712768	131	379	3
scaffold_59	256653	52693	52811	-	CP052044.1	4259108	2713471	2713590	57	119	3
scaffold_464	9317	532	651	+	CP052044.1	4259108	2716366	2716485	43	119	3
scaffold_96	109087	51017	53972	-	CP052044.1	4259108	2805093	2808047	2438	2955	3
scaffold_22	716055	26932	27261	-	CP052044.1	4259108	3055473	3055802	68	329	3
scaffold_51	297976	130528	130657	+	CP052044.1	4259108	3492599	3492728	43	129	3
scaffold_982	1040	31	121	-	CP052044.1	4259108	3575128	3575218	90	90	3
scaffold_112	88048	33213	33393	+	CP052044.1	4259108	3581479	3581655	44	180	3
scaffold_66	184824	184487	184697	-	CP052044.1	4259108	3769892	3770090	118	210	3
scaffold_101	101313	50340	50458	+	CP052044.1	4259108	4088909	4089027	43	118	3
scaffold_40	392173	215883	217741	+	CP052044.1	4259108	4231233	4233074	1659	1858	3
scaffold_33	455355	428043	429893	-	CP052044.1	4259108	4231233	4233066	1199	1850	3
scaffold_156	59460	13639	13681	-	CP052044.1	4259108	344736	344778	42	42	2
scaffold_111	88385	10550	11800	+	CP052044.1	4259108	501000	502250	85	1250	2
scaffold_13	1103368	23710	23757	+	CP052044.1	4259108	584944	585008	47	64	2
scaffold_312	19256	6081	6254	+	CP052044.1	4259108	585983	586154	100	173	2
scaffold_51	297976	146119	147645	+	CP052044.1	4259108	611820	613526	731	1707	2
scaffold_172	48882	29572	31848	+	CP052044.1	4259108	734027	736369	58	2342	2
scaffold_181	44073	3733	5138	-	CP052044.1	4259108	964081	965486	362	1405	2
scaffold_1496	558	443	547	-	CP052044.1	4259108	1233722	1233826	42	104	2
scaffold_50	298037	204364	204406	-	CP052044.1	4259108	1342280	1342322	42	42	2
scaffold_258	25314	17078	17120	+	CP052044.1	4259108	1342280	1342322	42	42	2
scaffold_219	33473	33361	33469	-	CP052044.1	4259108	1449589	1449697	42	108	2
scaffold_357	15566	3	111	+	CP052044.1	4259108	1449589	1449697	42	108	2
scaffold_305	20108	3	576	-	CP052044.1	4259108	1933109	1933696	203	587	2
scaffold_50	298037	68862	70542	+	CP052044.1	4259108	2027225	2028901	305	1689	2
scaffold_358	15501	4823	6698	-	CP052044.1	4259108	2063635	2065509	1235	1875	2
scaffold_525	7280	157	238	+	CP052044.1	4259108	2228722	2228803	42	81	2
scaffold_1598	525	33	515	+	CP052044.1	4259108	2603163	2603645	435	482	2
scaffold_1440	584	445	487	+	CP052044.1	4259108	2695316	2695358	42	42	2
scaffold_110	91422	4930	4972	-	CP052044.1	4259108	2713152	2713194	42	42	2
scaffold_3	2381582	11642	15032	-	CP052044.1	4259108	2763588	2766704	1980	3400	2
scaffold_75	154281	38433	38829	-	CP052044.1	4259108	2779226	2779622	383	396	2
scaffold_343	16140	15425	15777	+	CP052044.1	4259108	2838377	2838740	233	364	2
scaffold_144	69844	38487	41433	-	CP052044.1	4259108	2875325	2878269	2187	2946	2
scaffold_14	908909	33816	33858	-	CP052044.1	4259108	3162035	3162077	42	42	2
scaffold_243	28230	13828	15666	-	CP052044.1	4259108	3171575	3173413	1095	1838	2
scaffold_983	1038	284	1015	+	CP052044.1	4259108	3468449	3469181	232	732	2
scaffold_6	1692318	1637760	1637842	-	CP052044.1	4259108	3471819	3471901	42	82	2
scaffold_96	109087	42003	42298	-	CP052044.1	4259108	3645923	3646237	211	314	2
scaffold_1603	525	25	448	+	CP052044.1	4259108	3818737	3819160	215	423	2
scaffold_153	61587	37266	37318	-	CP052044.1	4259108	3833660	3833713	42	53	2
scaffold_358	15501	374	416	+	CP052044.1	4259108	3975323	3975365	42	42	2
scaffold_51	297976	85894	87826	+	CP052044.1	4259108	4008400	4010331	242	1932	2
scaffold_96	109087	73861	73924	+	CP052044.1	4259108	4136332	4136395	50	63	2
scaffold_153	61587	33106	33865	+	CP052044.1	4259108	4248721	4249480	57	762	2
scaffold_1560	534	165	260	-	CP052044.1	4259108	103107	103202	49	95	1
scaffold_88	125722	73918	74051	-	CP052044.1	4259108	209367	209498	90	133	1
scaffold_172	48882	11054	11098	-	CP052044.1	4259108	216115	216159	41	44	1
scaffold_333	17323	14880	14950	-	CP052044.1	4259108	244451	244521	41	70	1
scaffold_40	392173	142428	143675	-	CP052044.1	4259108	569833	571079	304	1247	1
scaffold_75	154281	17572	17701	+	CP052044.1	4259108	596686	596815	66	129	1
scaffold_181	44073	3683	3724	+	CP052044.1	4259108	626974	627015	41	41	1
scaffold_227	31762	16785	16902	+	CP052044.1	4259108	637826	637943	41	117	1
scaffold_106	94230	61370	63336	-	CP052044.1	4259108	845543	847526	446	1983	1
scaffold_16	897138	126739	126805	-	CP052044.1	4259108	892925	892991	41	66	1
scaffold_272	24052	29	217	+	CP052044.1	4259108	921148	921335	41	188	1
scaffold_102	100464	30179	31371	+	CP052044.1	4259108	921292	922484	156	1192	1
scaffold_175	46490	3819	3965	-	CP052044.1	4259108	985515	985660	104	146	1
scaffold_83	140534	112952	113737	-	CP052044.1	4259108	1136058	1136844	95	786	1
scaffold_40	392173	123844	123891	+	CP052044.1	4259108	1155248	1155295	41	47	1
scaffold_153	61587	24082	26238	-	CP052044.1	4259108	1209726	1211832	387	2156	1
scaffold_67	184376	11219	11347	+	CP052044.1	4259108	1284459	1284588	71	129	1
scaffold_1631	519	469	510	+	CP052044.1	4259108	1367296	1367337	41	41	1
scaffold_85	135051	73211	73877	-	CP052044.1	4259108	1377688	1378344	328	675	1
scaffold_51	297976	138723	143133	-	CP052044.1	4259108	1724276	1729311	1231	5148	1
scaffold_172	48882	1666	2078	-	CP052044.1	4259108	1836350	1836763	118	413	1
scaffold_85	135051	3095	3581	-	CP052044.1	4259108	1919981	1920466	345	486	1
scaffold_169	51120	6805	8164	-	CP052044.1	4259108	1940018	1941377	382	1359	1
scaffold_22	716055	380371	380441	+	CP052044.1	4259108	1987301	1987371	45	70	1
scaffold_51	297976	84109	84210	-	CP052044.1	4259108	2164403	2164504	41	101	1
scaffold_877	1508	766	810	+	CP052044.1	4259108	2321401	2321445	44	44	1
scaffold_212	35064	6941	7262	+	CP052044.1	4259108	2347631	2347969	46	338	1
scaffold_143	70430	16612	16744	-	CP052044.1	4259108	2390330	2390462	41	132	1
scaffold_85	135051	33057	33098	-	CP052044.1	4259108	2655937	2655978	41	41	1
scaffold_401	12799	3863	3944	+	CP052044.1	4259108	2772153	2772234	41	81	1
scaffold_328	17820	13946	14138	+	CP052044.1	4259108	2772498	2772702	54	204	1
scaffold_93	118238	63874	64232	+	CP052044.1	4259108	2838362	2838740	116	379	1
scaffold_292	21110	21041	21098	+	CP052044.1	4259108	2883606	2883664	41	58	1
scaffold_99	104861	12	69	-	CP052044.1	4259108	2883606	2883664	41	58	1
scaffold_323	18080	14133	17755	+	CP052044.1	4259108	3045355	3048977	2612	3622	1
scaffold_343	16140	2733	3061	-	CP052044.1	4259108	3115086	3115410	131	328	1
scaffold_80	143857	77803	78750	-	CP052044.1	4259108	3155500	3156447	654	947	1
scaffold_75	154281	69621	71822	-	CP052044.1	4259108	3156148	3158348	916	2202	1
scaffold_220	33416	3665	4460	+	CP052044.1	4259108	3329957	3330770	46	813	1
scaffold_110	91422	91196	91389	+	CP052044.1	4259108	3360461	3360654	46	193	1
scaffold_1656	513	19	60	+	CP052044.1	4259108	3373355	3373396	41	41	1
scaffold_372	14523	5969	6855	+	CP052044.1	4259108	3470049	3470935	598	886	1
scaffold_112	88048	33368	33982	-	CP052044.1	4259108	3499074	3499699	44	625	1
scaffold_174	47065	34627	34668	-	CP052044.1	4259108	3585723	3585764	41	41	1
scaffold_287	21903	21610	21895	-	CP052044.1	4259108	3617756	3618028	106	285	1
scaffold_283	22139	21846	22131	-	CP052044.1	4259108	3617756	3618028	106	285	1
scaffold_111	88385	73180	73303	-	CP052044.1	4259108	3633868	3633991	58	123	1
scaffold_48	348853	230120	230236	+	CP052044.1	4259108	3681627	3681743	41	116	1
scaffold_13	1103368	35524	35565	+	CP052044.1	4259108	3701964	3702005	41	41	1
scaffold_321	18170	29	70	+	CP052044.1	4259108	4137941	4137982	41	41	1
scaffold_27	558155	29	70	+	CP052044.1	4259108	4137941	4137982	41	41	1
scaffold_18	791344	43	84	+	CP052044.1	4259108	4137941	4137982	41	41	1
scaffold_471	9110	9028	9069	-	CP052044.1	4259108	4137941	4137982	41	41	1
scaffold_304	20323	67	108	+	CP052044.1	4259108	4137941	4137982	41	41	1
scaffold_86	130972	130903	130944	-	CP052044.1	4259108	4137941	4137982	41	41	1
scaffold_101	101313	85932	86434	+	CP052044.1	4259108	4194175	4194641	254	527	1
scaffold_153	61587	9718	10074	+	CP052044.1	4259108	5164	5520	129	356	0
scaffold_153	61587	9718	10074	+	CP052044.1	4259108	8831	9187	129	356	0
scaffold_150	63801	58365	58478	+	CP052044.1	4259108	12503	12615	61	113	0
scaffold_122	81337	40394	44075	-	CP052044.1	4259108	15463	19224	926	3766	0
scaffold_93	118238	82105	82539	+	CP052044.1	4259108	16822	17256	155	434	0
scaffold_273	23718	3723	3838	-	CP052044.1	4259108	19310	19425	65	115	0
scaffold_173	47066	7621	7666	+	CP052044.1	4259108	23187	23232	45	45	0
scaffold_57	260754	104411	105466	+	CP052044.1	4259108	25449	26522	57	1074	0
scaffold_429	11191	4006	4168	-	CP052044.1	4259108	27512	27655	55	162	0
scaffold_1411	599	487	588	+	CP052044.1	4259108	36144	36244	57	101	0
scaffold_115	86240	35229	35372	-	CP052044.1	4259108	36144	36285	79	143	0
scaffold_854	1662	193	335	-	CP052044.1	4259108	36144	36285	79	142	0
scaffold_83	140534	118798	118939	+	CP052044.1	4259108	36144	36285	113	141	0
scaffold_169	51120	10470	10611	+	CP052044.1	4259108	36144	36285	98	141	0
scaffold_304	20323	7145	7285	+	CP052044.1	4259108	36144	36285	57	144	0
scaffold_115	86240	21256	21398	-	CP052044.1	4259108	36144	36285	69	142	0
scaffold_88	125722	73918	74062	-	CP052044.1	4259108	36144	36285	57	144	0
scaffold_148	65701	38290	38434	-	CP052044.1	4259108	36144	36285	82	144	0
scaffold_249	26889	989	1079	-	CP052044.1	4259108	36180	36266	82	90	0
scaffold_194	39750	31892	31986	-	CP052044.1	4259108	36191	36285	57	94	0
scaffold_194	39750	39479	39557	+	CP052044.1	4259108	36206	36285	63	79	0
scaffold_258	25314	22896	22975	-	CP052044.1	4259108	36206	36285	57	79	0
scaffold_93	118238	106761	106816	+	CP052044.1	4259108	40033	40088	55	55	0
scaffold_429	11191	4006	4066	+	CP052044.1	4259108	40052	40112	60	60	0
scaffold_1227	701	42	233	-	CP052044.1	4259108	40974	41166	122	192	0
scaffold_156	59460	4925	5069	+	CP052044.1	4259108	40974	41118	57	144	0
scaffold_296	20863	19842	20156	+	CP052044.1	4259108	56935	57259	113	324	0
scaffold_11	1212133	1060595	1060927	-	CP052044.1	4259108	56973	57315	122	343	0
scaffold_107	93315	36634	36882	-	CP052044.1	4259108	59373	59605	122	248	0
scaffold_169	51120	45299	45516	+	CP052044.1	4259108	59404	59605	116	217	0
scaffold_22	716055	380422	380527	-	CP052044.1	4259108	59441	59546	60	105	0
scaffold_22	716055	46075	46180	+	CP052044.1	4259108	59441	59546	60	105	0
scaffold_68	182924	84341	87151	+	CP052044.1	4259108	77245	80055	2277	2811	0
scaffold_258	25314	32	1046	-	CP052044.1	4259108	80071	81085	688	1014	0
scaffold_1008	950	24	934	-	CP052044.1	4259108	81006	81916	573	910	0
scaffold_1558	534	9	407	+	CP052044.1	4259108	81179	81577	139	398	0
scaffold_1598	525	33	515	+	CP052044.1	4259108	82368	82850	367	482	0
scaffold_320	18374	1153	1324	-	CP052044.1	4259108	83735	83906	76	171	0
scaffold_453	9981	2130	4823	+	CP052044.1	4259108	88882	91574	944	2693	0
scaffold_115	86240	35248	35372	+	CP052044.1	4259108	94233	94358	60	125	0
scaffold_249	26889	989	1121	+	CP052044.1	4259108	94233	94364	60	132	0
scaffold_854	1662	212	335	+	CP052044.1	4259108	94233	94358	85	125	0
scaffold_148	65701	44043	44171	-	CP052044.1	4259108	94233	94364	44	131	0
scaffold_148	65701	38325	38434	+	CP052044.1	4259108	94249	94358	44	109	0
scaffold_877	1508	799	849	+	CP052044.1	4259108	102739	102789	50	50	0
scaffold_169	51120	16857	16983	+	CP052044.1	4259108	108398	108524	110	126	0
scaffold_1454	575	470	537	+	CP052044.1	4259108	108398	108465	67	67	0
scaffold_187	42170	1353	1420	+	CP052044.1	4259108	108398	108465	49	67	0
scaffold_59	256653	15886	16012	+	CP052044.1	4259108	108398	108524	99	126	0
scaffold_175	46490	3837	3965	-	CP052044.1	4259108	108398	108524	86	128	0
scaffold_1117	806	102	169	+	CP052044.1	4259108	108398	108465	61	67	0
scaffold_13	1103368	10031	10157	+	CP052044.1	4259108	108398	108524	97	126	0
scaffold_107	93315	59556	59682	+	CP052044.1	4259108	108398	108524	72	126	0
scaffold_210	35262	33163	33266	+	CP052044.1	4259108	108421	108524	87	103	0
scaffold_150	63801	53531	53634	-	CP052044.1	4259108	108421	108524	70	103	0
scaffold_63	225848	112756	112859	-	CP052044.1	4259108	108421	108524	87	103	0
scaffold_93	118238	93108	93228	-	CP052044.1	4259108	108421	108541	70	120	0
scaffold_99	104861	93199	93302	+	CP052044.1	4259108	108421	108524	76	103	0
scaffold_128	78074	8588	8645	-	CP052044.1	4259108	108421	108478	57	57	0
scaffold_218	33655	23948	24037	-	CP052044.1	4259108	108436	108524	61	89	0
scaffold_101	101313	79114	79202	+	CP052044.1	4259108	108436	108524	59	88	0
scaffold_80	143857	39741	42882	+	CP052044.1	4259108	109317	112462	2663	3145	0
scaffold_218	33655	27881	28072	+	CP052044.1	4259108	109331	109522	184	191	0
scaffold_16	897138	4668	5069	-	CP052044.1	4259108	112664	113100	69	436	0
scaffold_842	1747	578	689	-	CP052044.1	4259108	150283	150394	82	111	0
scaffold_401	12799	2678	2838	+	CP052044.1	4259108	150293	150453	114	160	0
scaffold_153	61587	32772	32932	+	CP052044.1	4259108	150293	150453	104	160	0
scaffold_401	12799	2678	2838	+	CP052044.1	4259108	155587	155747	114	160	0
scaffold_153	61587	32772	32932	+	CP052044.1	4259108	155587	155747	104	160	0
scaffold_842	1747	578	679	-	CP052044.1	4259108	155587	155688	72	101	0
scaffold_68	182924	1844	2958	-	CP052044.1	4259108	157819	158932	57	1114	0
scaffold_40	392173	77341	78652	-	CP052044.1	4259108	157836	159145	57	1311	0
scaffold_273	23718	10943	11336	-	CP052044.1	4259108	158474	158866	40	393	0
scaffold_218	33655	27881	28072	-	CP052044.1	4259108	163546	163702	149	191	0
scaffold_863	1570	591	925	+	CP052044.1	4259108	187896	188230	76	334	0
scaffold_148	65701	44049	44190	-	CP052044.1	4259108	189196	189300	93	141	0
scaffold_175	46490	6494	6635	+	CP052044.1	4259108	189196	189300	93	141	0
scaffold_115	86240	35229	35372	+	CP052044.1	4259108	189196	189300	57	143	0
scaffold_88	125722	73918	74062	+	CP052044.1	4259108	189196	189300	57	144	0
scaffold_115	86240	21256	21398	+	CP052044.1	4259108	189196	189300	69	142	0
scaffold_80	143857	77649	77768	+	CP052044.1	4259108	189196	189278	71	119	0
scaffold_174	47065	41514	46157	-	CP052044.1	4259108	190790	195453	57	4673	0
scaffold_1600	525	163	462	+	CP052044.1	4259108	192516	192809	48	299	0
scaffold_107	93315	59551	59682	+	CP052044.1	4259108	196751	196884	66	133	0
scaffold_187	42170	1348	1420	+	CP052044.1	4259108	196751	196823	54	72	0
scaffold_1117	806	102	169	+	CP052044.1	4259108	196756	196823	61	67	0
scaffold_1454	575	470	537	+	CP052044.1	4259108	196756	196823	67	67	0
scaffold_13	1103368	10031	10157	+	CP052044.1	4259108	196756	196884	86	128	0
scaffold_175	46490	3837	3965	-	CP052044.1	4259108	196756	196884	97	128	0
scaffold_128	78074	8601	8645	-	CP052044.1	4259108	196779	196823	44	44	0
scaffold_210	35262	33163	33266	+	CP052044.1	4259108	196779	196884	63	105	0
scaffold_150	63801	53531	53634	-	CP052044.1	4259108	196779	196884	57	105	0
scaffold_101	101313	79114	79202	+	CP052044.1	4259108	196794	196884	48	90	0
scaffold_218	33655	23948	24037	-	CP052044.1	4259108	196794	196884	48	90	0
scaffold_194	39750	31892	32036	-	CP052044.1	4259108	209353	209498	57	145	0
scaffold_14	908909	34225	34359	-	CP052044.1	4259108	209367	209498	70	134	0
scaffold_194	39750	39417	39557	+	CP052044.1	4259108	209367	209498	70	141	0
scaffold_304	20323	7156	7285	+	CP052044.1	4259108	209367	209498	51	131	0
scaffold_148	65701	38290	38423	-	CP052044.1	4259108	209367	209498	66	133	0
scaffold_80	143857	77649	77754	-	CP052044.1	4259108	209393	209498	87	105	0
scaffold_148	65701	44085	44190	+	CP052044.1	4259108	209393	209498	61	105	0
scaffold_115	86240	21256	21331	-	CP052044.1	4259108	209423	209498	64	75	0
scaffold_75	154281	26615	27263	+	CP052044.1	4259108	215456	216159	139	706	0
scaffold_173	47066	37139	37335	-	CP052044.1	4259108	215518	215710	46	196	0
scaffold_85	135051	3210	3581	+	CP052044.1	4259108	215784	216153	155	371	0
scaffold_99	104861	64941	65255	-	CP052044.1	4259108	215804	216159	148	357	0
scaffold_107	93315	92392	92596	+	CP052044.1	4259108	215893	216103	79	210	0
scaffold_71	175185	155351	155705	-	CP052044.1	4259108	218309	218663	181	354	0
scaffold_1386	610	14	599	+	CP052044.1	4259108	221041	221626	445	585	0
scaffold_85	135051	82661	83047	-	CP052044.1	4259108	224187	224572	47	386	0
scaffold_115	86240	21823	21979	+	CP052044.1	4259108	227739	227866	48	156	0
scaffold_173	47066	41165	41319	-	CP052044.1	4259108	237792	237946	51	154	0
scaffold_429	11191	5506	5647	+	CP052044.1	4259108	237792	237933	42	141	0
scaffold_154	60446	28710	28819	-	CP052044.1	4259108	239450	239559	52	109	0
scaffold_112	88048	28910	31009	+	CP052044.1	4259108	241777	243876	377	2099	0
scaffold_243	28230	23847	24062	+	CP052044.1	4259108	250820	251036	57	216	0
scaffold_48	348853	62363	62575	-	CP052044.1	4259108	252157	252420	159	263	0
scaffold_243	28230	13896	15666	+	CP052044.1	4259108	255056	256826	1086	1770	0
scaffold_429	11191	279	570	-	CP052044.1	4259108	255376	255667	70	291	0
scaffold_1	2692756	107258	108613	+	CP052044.1	4259108	255376	256731	163	1355	0
scaffold_13	1103368	393976	394488	-	CP052044.1	4259108	255387	255899	79	512	0
scaffold_42	372282	368284	368857	+	CP052044.1	4259108	255439	256012	44	573	0
scaffold_83	140534	113533	114111	+	CP052044.1	4259108	255646	256224	104	578	0
scaffold_107	93315	26066	26428	+	CP052044.1	4259108	255867	256224	77	362	0
scaffold_128	78074	50860	51741	+	CP052044.1	4259108	255887	256768	142	881	0
scaffold_842	1747	706	826	+	CP052044.1	4259108	257204	257324	98	120	0
scaffold_83	140534	58401	58891	+	CP052044.1	4259108	257221	257707	76	494	0
scaffold_1	2692756	38722	39029	+	CP052044.1	4259108	257221	257530	49	309	0
scaffold_194	39750	39024	39115	-	CP052044.1	4259108	257538	257629	73	91	0
scaffold_296	20863	18541	19386	-	CP052044.1	4259108	257767	258612	573	845	0
scaffold_181	44073	16041	17002	-	CP052044.1	4259108	257828	258795	313	967	0
scaffold_287	21903	9103	9435	-	CP052044.1	4259108	259578	259910	110	332	0
scaffold_59	256653	50909	50957	-	CP052044.1	4259108	260081	260129	48	48	0
scaffold_262	24986	19911	20026	+	CP052044.1	4259108	275319	275434	59	115	0
scaffold_218	33655	8210	8320	-	CP052044.1	4259108	275321	275430	57	110	0
scaffold_258	25314	22896	22975	+	CP052044.1	4259108	284737	284816	57	79	0
scaffold_88	125722	73918	74062	+	CP052044.1	4259108	284737	284878	68	144	0
scaffold_387	13657	10887	11036	-	CP052044.1	4259108	284737	284884	97	149	0
scaffold_854	1662	193	335	+	CP052044.1	4259108	284737	284878	78	142	0
scaffold_175	46490	6494	6641	+	CP052044.1	4259108	284737	284884	97	147	0
scaffold_194	39750	31892	32014	+	CP052044.1	4259108	284737	284859	85	122	0
scaffold_169	51120	10464	10611	-	CP052044.1	4259108	284737	284884	110	147	0
scaffold_80	143857	77649	77743	+	CP052044.1	4259108	284737	284831	83	94	0
scaffold_63	225848	201358	201507	+	CP052044.1	4259108	284737	284884	97	149	0
scaffold_148	65701	38290	38434	+	CP052044.1	4259108	284737	284878	57	144	0
scaffold_115	86240	21256	21398	+	CP052044.1	4259108	284737	284878	68	142	0
scaffold_115	86240	35229	35372	+	CP052044.1	4259108	284737	284878	76	143	0
scaffold_148	65701	44043	44190	-	CP052044.1	4259108	284737	284884	97	147	0
scaffold_249	26889	989	1121	+	CP052044.1	4259108	284756	284884	60	132	0
scaffold_1411	599	487	553	-	CP052044.1	4259108	284812	284878	66	66	0
scaffold_80	143857	47374	49139	+	CP052044.1	4259108	288840	290612	502	1783	0
scaffold_273	23718	3723	3838	-	CP052044.1	4259108	290910	291025	76	115	0
scaffold_194	39750	17917	18047	-	CP052044.1	4259108	295070	295210	63	140	0
scaffold_110	91422	64842	65755	+	CP052044.1	4259108	303754	304667	188	913	0
scaffold_212	35064	7892	8820	+	CP052044.1	4259108	303754	304682	351	928	0
scaffold_154	60446	3623	4517	+	CP052044.1	4259108	303764	304658	117	894	0
scaffold_13	1103368	393384	394488	+	CP052044.1	4259108	303779	304883	270	1104	0
scaffold_96	109087	97084	97822	-	CP052044.1	4259108	303779	304517	146	738	0
scaffold_96	109087	16429	16827	-	CP052044.1	4259108	303779	304177	133	398	0
scaffold_143	70430	64114	64221	+	CP052044.1	4259108	304024	304131	88	107	0
scaffold_83	140534	68321	68935	+	CP052044.1	4259108	304044	304658	95	614	0
scaffold_8	1419871	1164394	1164524	+	CP052044.1	4259108	304202	304332	62	130	0
scaffold_1285	665	297	594	+	CP052044.1	4259108	304348	304645	100	297	0
scaffold_429	11191	281	625	+	CP052044.1	4259108	304605	304949	68	344	0
scaffold_28	539988	1515	1737	-	CP052044.1	4259108	310088	310310	110	222	0
scaffold_187	42170	32855	33004	+	CP052044.1	4259108	312174	312325	72	151	0
scaffold_1565	532	113	253	-	CP052044.1	4259108	312183	312325	59	142	0
scaffold_218	33655	14561	17525	+	CP052044.1	4259108	324842	327804	1641	2964	0
scaffold_51	297976	286445	289398	-	CP052044.1	4259108	324842	327793	1050	2953	0
scaffold_107	93315	18201	21146	-	CP052044.1	4259108	324863	327804	325	2945	0
scaffold_245	27720	8786	11018	-	CP052044.1	4259108	337998	340213	1299	2232	0
scaffold_156	59460	25757	27046	-	CP052044.1	4259108	338182	339471	228	1289	0
scaffold_148	65701	8295	10331	-	CP052044.1	4259108	338182	340220	961	2038	0
scaffold_83	140534	106111	107156	-	CP052044.1	4259108	338231	339274	464	1045	0
scaffold_173	47066	36606	36653	-	CP052044.1	4259108	347189	347236	47	47	0
scaffold_243	28230	26122	26215	+	CP052044.1	4259108	351855	351948	60	93	0
scaffold_243	28230	22472	22565	-	CP052044.1	4259108	351855	351948	60	93	0
scaffold_5	1863748	361021	361311	+	CP052044.1	4259108	353534	353807	212	290	0
scaffold_80	143857	57491	61295	+	CP052044.1	4259108	354652	358670	1258	4019	0
scaffold_93	118238	114925	115245	+	CP052044.1	4259108	358463	358785	72	322	0
scaffold_1565	532	33	253	+	CP052044.1	4259108	358566	358785	55	220	0
scaffold_112	88048	17877	18416	+	CP052044.1	4259108	376801	377341	367	541	0
scaffold_1534	543	1	97	-	CP052044.1	4259108	376808	376904	96	96	0
scaffold_68	182924	138764	139779	+	CP052044.1	4259108	378021	379036	316	1016	0
scaffold_13	1103368	16751	19691	-	CP052044.1	4259108	380528	383470	1118	2943	0
scaffold_328	17820	9	239	+	CP052044.1	4259108	385521	385751	64	230	0
scaffold_26	567511	563678	565119	-	CP052044.1	4259108	404027	405469	652	1442	0
scaffold_181	44073	25807	25847	-	CP052044.1	4259108	413936	413976	40	40	0
scaffold_190	40947	4840	4955	+	CP052044.1	4259108	413936	414047	59	115	0
scaffold_429	11191	9683	9723	+	CP052044.1	4259108	413936	413976	40	40	0
scaffold_358	15501	9617	9806	-	CP052044.1	4259108	414062	414251	161	189	0
scaffold_110	91422	45587	56212	+	CP052044.1	4259108	414062	424723	8136	10853	0
scaffold_143	70430	25744	25933	+	CP052044.1	4259108	414062	414251	157	189	0
scaffold_143	70430	17468	24861	+	CP052044.1	4259108	416170	423716	1498	7795	0
scaffold_358	15501	9010	9523	-	CP052044.1	4259108	422251	422764	443	513	0
scaffold_143	70430	26027	26540	+	CP052044.1	4259108	422251	422764	363	513	0
scaffold_358	15501	4823	6698	-	CP052044.1	4259108	422858	424733	1223	1875	0
scaffold_173	47066	20279	20554	+	CP052044.1	4259108	427554	427829	107	275	0
scaffold_99	104861	45766	46038	-	CP052044.1	4259108	427557	427829	87	272	0
scaffold_14	908909	65623	65826	-	CP052044.1	4259108	427609	427812	82	203	0
scaffold_80	143857	44836	45393	+	CP052044.1	4259108	428698	429258	171	560	0
scaffold_304	20323	6952	7025	+	CP052044.1	4259108	428715	428790	65	75	0
scaffold_1603	525	25	515	-	CP052044.1	4259108	429338	429828	204	490	0
scaffold_14	908909	943	2672	+	CP052044.1	4259108	432852	434580	732	1729	0
scaffold_51	297976	146119	147636	+	CP052044.1	4259108	432901	434598	692	1698	0
scaffold_1631	519	282	453	+	CP052044.1	4259108	438515	438686	57	171	0
scaffold_68	182924	54091	54639	+	CP052044.1	4259108	448074	448621	57	548	0
scaffold_218	33655	24419	24542	+	CP052044.1	4259108	461213	461336	76	123	0
scaffold_115	86240	16318	16413	-	CP052044.1	4259108	462434	462529	56	95	0
scaffold_85	135051	105420	105987	-	CP052044.1	4259108	462434	463001	80	567	0
scaffold_156	59460	43487	43568	+	CP052044.1	4259108	469142	469223	41	81	0
scaffold_245	27720	27	1495	-	CP052044.1	4259108	480341	481807	1205	1468	0
scaffold_842	1747	1451	1731	+	CP052044.1	4259108	480352	480632	215	280	0
scaffold_93	118238	64941	66152	+	CP052044.1	4259108	480584	481793	409	1211	0
scaffold_1361	623	5	622	-	CP052044.1	4259108	480619	481239	412	620	0
scaffold_144	69844	36356	36529	-	CP052044.1	4259108	483441	483574	89	178	0
scaffold_148	65701	8301	10317	+	CP052044.1	4259108	488790	490811	952	2022	0
scaffold_99	104861	58935	60979	+	CP052044.1	4259108	488812	490859	982	2048	0
scaffold_156	59460	25757	27230	+	CP052044.1	4259108	489534	491009	268	1475	0
scaffold_83	140534	106119	107119	+	CP052044.1	4259108	489739	490739	458	1001	0
scaffold_51	297976	250000	250898	+	CP052044.1	4259108	489991	490891	95	900	0
scaffold_51	297976	40427	40916	+	CP052044.1	4259108	490496	490988	76	492	0
scaffold_80	143857	87234	87322	-	CP052044.1	4259108	491989	492066	50	88	0
scaffold_401	12799	4552	4646	+	CP052044.1	4259108	492038	492131	78	94	0
scaffold_296	20863	19842	20156	+	CP052044.1	4259108	499908	500232	113	324	0
scaffold_11	1212133	1060595	1060927	-	CP052044.1	4259108	499946	500288	122	343	0
scaffold_154	60446	3964	4798	-	CP052044.1	4259108	500885	501719	84	834	0
scaffold_13	1103368	393186	394508	-	CP052044.1	4259108	500921	502243	100	1322	0
scaffold_50	298037	202378	203624	-	CP052044.1	4259108	501016	502262	269	1246	0
scaffold_51	297976	283630	284794	+	CP052044.1	4259108	501086	502250	359	1164	0
scaffold_116	84153	1125	1800	-	CP052044.1	4259108	501100	501775	74	675	0
scaffold_151	63507	14708	15735	-	CP052044.1	4259108	501114	502141	109	1027	0
scaffold_88	125722	6507	7059	-	CP052044.1	4259108	501114	501666	178	552	0
scaffold_144	69844	26294	26446	-	CP052044.1	4259108	521752	521903	70	152	0
scaffold_133	76283	24592	24780	-	CP052044.1	4259108	521752	521937	74	188	0
scaffold_61	235649	60478	60583	-	CP052044.1	4259108	521830	521937	80	107	0
scaffold_1636	518	211	273	-	CP052044.1	4259108	521864	521937	53	73	0
scaffold_112	88048	138	1177	-	CP052044.1	4259108	524636	525632	263	1040	0
scaffold_144	69844	30114	31216	+	CP052044.1	4259108	524739	525809	397	1107	0
scaffold_75	154281	118263	118990	+	CP052044.1	4259108	524739	525809	163	1071	0
scaffold_66	184824	184535	184687	-	CP052044.1	4259108	525656	525809	79	153	0
scaffold_156	59460	54133	54298	-	CP052044.1	4259108	548149	548318	41	169	0
scaffold_91	120630	13603	15428	-	CP052044.1	4259108	564231	566054	1450	1825	0
scaffold_13	1103368	393186	394488	-	CP052044.1	4259108	564617	565917	97	1302	0
scaffold_57	260754	104392	104903	+	CP052044.1	4259108	564775	565285	40	511	0
scaffold_212	35064	7673	8862	-	CP052044.1	4259108	564775	565963	135	1189	0
scaffold_318	18503	15294	15425	+	CP052044.1	4259108	565794	565925	46	131	0
scaffold_45	358384	83925	85315	-	CP052044.1	4259108	568257	569647	819	1390	0
scaffold_71	175185	146724	147143	+	CP052044.1	4259108	568411	568830	57	419	0
scaffold_42	372282	368284	369085	-	CP052044.1	4259108	568773	569574	44	801	0
scaffold_183	43655	78	291	-	CP052044.1	4259108	569677	569890	53	213	0
scaffold_37	420435	52605	54008	-	CP052044.1	4259108	569677	571079	295	1403	0
scaffold_16	897138	126868	127969	-	CP052044.1	4259108	569677	570777	245	1101	0
scaffold_296	20863	11198	12284	-	CP052044.1	4259108	569692	570777	206	1086	0
scaffold_83	140534	85303	85987	-	CP052044.1	4259108	569826	570510	163	685	0
scaffold_106	94230	66260	67227	+	CP052044.1	4259108	569826	570795	329	969	0
scaffold_1591	527	10	497	-	CP052044.1	4259108	569871	570357	148	487	0
scaffold_143	70430	68996	69540	-	CP052044.1	4259108	569969	570512	57	544	0
scaffold_40	392173	193520	194549	+	CP052044.1	4259108	570050	571079	315	1029	0
scaffold_66	184824	165434	166394	+	CP052044.1	4259108	570153	571113	659	960	0
scaffold_88	125722	152	838	+	CP052044.1	4259108	570359	571045	114	686	0
scaffold_80	143857	39741	42882	-	CP052044.1	4259108	574497	577287	2448	3148	0
scaffold_68	182924	101357	101594	+	CP052044.1	4259108	577036	577273	57	237	0
scaffold_218	33655	27881	28072	-	CP052044.1	4259108	577082	577273	163	191	0
scaffold_59	256653	15886	16012	-	CP052044.1	4259108	577552	577678	99	126	0
scaffold_13	1103368	10031	10157	-	CP052044.1	4259108	577552	577678	97	126	0
scaffold_101	101313	79114	79202	-	CP052044.1	4259108	577552	577640	59	88	0
scaffold_150	63801	53531	53634	+	CP052044.1	4259108	577552	577655	70	103	0
scaffold_63	225848	112756	112859	+	CP052044.1	4259108	577552	577655	103	103	0
scaffold_210	35262	33163	33266	-	CP052044.1	4259108	577552	577655	103	103	0
scaffold_107	93315	59551	59682	-	CP052044.1	4259108	577552	577683	90	131	0
scaffold_175	46490	3837	3965	+	CP052044.1	4259108	577552	577678	86	128	0
scaffold_169	51120	16857	16983	-	CP052044.1	4259108	577552	577678	126	126	0
scaffold_99	104861	93199	93302	-	CP052044.1	4259108	577552	577655	76	103	0
scaffold_218	33655	23948	24037	+	CP052044.1	4259108	577552	577640	77	89	0
scaffold_99	104861	84858	84989	+	CP052044.1	4259108	577552	577683	85	131	0
scaffold_63	225848	34668	34711	+	CP052044.1	4259108	577552	577595	43	43	0
scaffold_128	78074	37003	37129	+	CP052044.1	4259108	577552	577678	121	126	0
scaffold_128	78074	8588	8645	+	CP052044.1	4259108	577598	577655	57	57	0
scaffold_187	42170	1348	1420	-	CP052044.1	4259108	577611	577683	54	72	0
scaffold_1454	575	470	537	-	CP052044.1	4259108	577611	577678	67	67	0
scaffold_1117	806	102	169	-	CP052044.1	4259108	577611	577678	61	67	0
scaffold_83	140534	62069	64244	+	CP052044.1	4259108	577798	579974	1106	2177	0
scaffold_148	65701	8322	10346	-	CP052044.1	4259108	577947	579974	776	2028	0
scaffold_99	104861	58906	60960	-	CP052044.1	4259108	577947	580003	1050	2057	0
scaffold_156	59460	25757	27046	-	CP052044.1	4259108	577962	579251	223	1289	0
scaffold_16	897138	4699	5347	+	CP052044.1	4259108	585083	585757	57	674	0
scaffold_75	154281	102275	102629	-	CP052044.1	4259108	585983	586334	125	354	0
scaffold_30	507731	475100	475278	-	CP052044.1	4259108	585983	586160	106	178	0
scaffold_70	181850	30507	30859	-	CP052044.1	4259108	585983	586334	125	352	0
scaffold_287	21903	21610	21837	-	CP052044.1	4259108	586108	586334	76	227	0
scaffold_283	22139	21846	22073	-	CP052044.1	4259108	586108	586334	76	227	0
scaffold_96	109087	78116	78221	-	CP052044.1	4259108	586820	586925	64	105	0
scaffold_88	125722	8902	9048	-	CP052044.1	4259108	587167	587315	81	148	0
scaffold_83	140534	86750	86870	+	CP052044.1	4259108	587195	587315	104	120	0
scaffold_143	70430	12150	12206	+	CP052044.1	4259108	587195	587251	56	56	0
scaffold_218	33655	24200	24317	-	CP052044.1	4259108	587210	587327	72	117	0
scaffold_110	91422	15012	15075	+	CP052044.1	4259108	588951	589014	63	63	0
scaffold_85	135051	61788	61919	-	CP052044.1	4259108	589055	589185	78	131	0
scaffold_1219	707	111	152	+	CP052044.1	4259108	589240	589281	41	41	0
scaffold_110	91422	72387	72567	-	CP052044.1	4259108	589842	590022	166	180	0
scaffold_93	118238	106797	106919	+	CP052044.1	4259108	590403	590550	65	147	0
scaffold_262	24986	19911	20001	-	CP052044.1	4259108	590452	590544	40	92	0
scaffold_148	65701	22884	22957	-	CP052044.1	4259108	590694	590767	57	73	0
scaffold_144	69844	37733	38467	+	CP052044.1	4259108	590700	591438	495	738	0
scaffold_153	61587	32772	32932	+	CP052044.1	4259108	592600	592760	102	160	0
scaffold_842	1747	578	679	-	CP052044.1	4259108	592600	592701	82	101	0
scaffold_93	118238	64124	64286	+	CP052044.1	4259108	592652	592814	79	162	0
scaffold_80	143857	98804	100598	-	CP052044.1	4259108	592980	594762	656	1794	0
scaffold_99	104861	85161	86296	+	CP052044.1	4259108	592987	594121	408	1135	0
scaffold_96	109087	30101	31848	-	CP052044.1	4259108	593006	594754	577	1748	0
scaffold_85	135051	61680	61776	-	CP052044.1	4259108	595969	596131	57	162	0
scaffold_107	93315	36634	36886	-	CP052044.1	4259108	596686	596938	149	252	0
scaffold_175	46490	30928	31180	+	CP052044.1	4259108	596686	596938	173	252	0
scaffold_169	51120	45279	45516	+	CP052044.1	4259108	596701	596938	145	237	0
scaffold_22	716055	380439	380527	-	CP052044.1	4259108	596774	596862	59	88	0
scaffold_22	716055	46075	46163	+	CP052044.1	4259108	596774	596862	59	88	0
scaffold_14	908909	943	2699	+	CP052044.1	4259108	611771	613526	721	1756	0
scaffold_408	12412	62	182	-	CP052044.1	4259108	613733	613853	92	120	0
scaffold_148	65701	21	117	-	CP052044.1	4259108	613744	613840	81	96	0
scaffold_63	225848	225731	225827	+	CP052044.1	4259108	613744	613840	81	96	0
scaffold_288	21810	18596	21751	+	CP052044.1	4259108	616097	619246	739	3155	0
scaffold_258	25314	32	1133	-	CP052044.1	4259108	619913	621016	696	1103	0
scaffold_328	17820	9	239	-	CP052044.1	4259108	620002	620232	81	230	0
scaffold_1008	950	18	934	-	CP052044.1	4259108	620937	621853	610	916	0
scaffold_1558	534	9	407	+	CP052044.1	4259108	621110	621508	133	398	0
scaffold_292	21110	6	1479	+	CP052044.1	4259108	621750	623223	1140	1473	0
scaffold_83	140534	122772	126570	-	CP052044.1	4259108	622110	625908	1234	3799	0
scaffold_1097	829	76	391	-	CP052044.1	4259108	623370	623685	76	315	0
scaffold_99	104861	26047	27829	-	CP052044.1	4259108	623792	625568	983	1782	0
scaffold_13	1103368	18237	20277	+	CP052044.1	4259108	623792	625835	1237	2043	0
scaffold_1302	655	18	642	+	CP052044.1	4259108	623813	624437	395	624	0
scaffold_80	143857	76638	77641	-	CP052044.1	4259108	623989	624992	517	1003	0
scaffold_112	88048	33323	33468	+	CP052044.1	4259108	625284	625429	78	145	0
scaffold_272	24052	13977	14122	-	CP052044.1	4259108	625284	625429	140	145	0
scaffold_75	154281	17267	17412	-	CP052044.1	4259108	625284	625429	76	145	0
scaffold_401	12799	4552	4686	+	CP052044.1	4259108	627866	627999	78	134	0
scaffold_85	135051	61676	61733	+	CP052044.1	4259108	628258	628315	57	57	0
scaffold_107	93315	92492	92596	+	CP052044.1	4259108	628258	628362	76	104	0
scaffold_356	15572	11895	11946	-	CP052044.1	4259108	628374	628425	51	51	0
scaffold_85	135051	3624	3757	+	CP052044.1	4259108	633810	633944	48	134	0
scaffold_93	118238	116428	116521	-	CP052044.1	4259108	635089	635182	74	93	0
scaffold_262	24986	19913	20026	+	CP052044.1	4259108	636751	636862	57	113	0
scaffold_33	455355	451403	453361	+	CP052044.1	4259108	652047	653986	861	1958	0
scaffold_288	21810	16210	17966	+	CP052044.1	4259108	652047	653785	491	1756	0
scaffold_33	455355	349454	351328	-	CP052044.1	4259108	652152	654025	697	1874	0
scaffold_153	61587	25034	25958	+	CP052044.1	4259108	652925	653849	138	924	0
scaffold_151	63507	12521	14355	-	CP052044.1	4259108	655519	657352	863	1834	0
scaffold_9	1406917	601247	603080	+	CP052044.1	4259108	655519	657352	636	1833	0
scaffold_110	91422	30493	31120	+	CP052044.1	4259108	655519	656142	482	627	0
scaffold_110	91422	31510	33110	-	CP052044.1	4259108	655626	657223	169	1600	0
scaffold_67	184376	19560	20749	-	CP052044.1	4259108	655770	656959	129	1189	0
scaffold_40	392173	208391	209814	+	CP052044.1	4259108	655796	657216	95	1423	0
scaffold_83	140534	84835	86233	-	CP052044.1	4259108	655823	657223	98	1400	0
scaffold_22	716055	34899	36286	-	CP052044.1	4259108	655823	657207	341	1387	0
scaffold_119	82364	42382	43443	+	CP052044.1	4259108	655823	656884	77	1061	0
scaffold_61	235649	36648	38035	-	CP052044.1	4259108	655823	657207	394	1387	0
scaffold_57	260754	104139	105200	+	CP052044.1	4259108	655823	656884	146	1061	0
scaffold_151	63507	13287	16002	-	CP052044.1	4259108	655823	658611	174	2788	0
scaffold_13	1103368	393186	394425	-	CP052044.1	4259108	655980	657216	78	1239	0
scaffold_212	35064	7719	8934	-	CP052044.1	4259108	656004	657216	135	1215	0
scaffold_1	2692756	200753	202500	+	CP052044.1	4259108	657548	659295	360	1747	0
scaffold_45	358384	306595	308078	-	CP052044.1	4259108	657653	659136	159	1483	0
scaffold_96	109087	15627	17033	+	CP052044.1	4259108	657847	659251	115	1406	0
scaffold_8	1419871	1164265	1165169	-	CP052044.1	4259108	657847	658751	45	904	0
scaffold_154	60446	3571	4836	-	CP052044.1	4259108	657847	659112	173	1265	0
scaffold_40	392173	208432	209822	+	CP052044.1	4259108	657861	659251	111	1390	0
scaffold_169	51120	6949	8245	+	CP052044.1	4259108	657955	659251	318	1296	0
scaffold_212	35064	7850	9007	-	CP052044.1	4259108	657955	659112	345	1157	0
scaffold_1285	665	297	586	-	CP052044.1	4259108	658187	658476	127	289	0
scaffold_110	91422	64807	65725	-	CP052044.1	4259108	658187	659105	191	918	0
scaffold_273	23718	11036	11480	-	CP052044.1	4259108	658436	658881	40	445	0
scaffold_863	1570	906	1411	-	CP052044.1	4259108	659952	660457	68	505	0
scaffold_107	93315	26066	26505	-	CP052044.1	4259108	660036	660470	89	439	0
scaffold_850	1688	1387	1642	+	CP052044.1	4259108	660115	660370	57	255	0
scaffold_154	60446	21372	21535	-	CP052044.1	4259108	661362	661529	49	167	0
scaffold_427	11379	1988	2482	-	CP052044.1	4259108	664242	664736	323	494	0
scaffold_154	60446	28710	28830	-	CP052044.1	4259108	665158	665278	45	120	0
scaffold_51	297976	220906	223749	+	CP052044.1	4259108	672522	675366	2004	2844	0
scaffold_51	297976	197899	199300	+	CP052044.1	4259108	673890	675304	696	1414	0
scaffold_175	46490	30928	31180	+	CP052044.1	4259108	691326	691578	160	252	0
scaffold_67	184376	23140	23392	-	CP052044.1	4259108	691326	691578	124	252	0
scaffold_133	76283	50141	50393	-	CP052044.1	4259108	691326	691578	165	252	0
scaffold_107	93315	36634	36886	-	CP052044.1	4259108	691326	691578	135	252	0
scaffold_128	78074	49947	50014	+	CP052044.1	4259108	700164	700230	49	67	0
scaffold_1022	925	34	703	+	CP052044.1	4259108	700956	701625	370	669	0
scaffold_68	182924	131934	133117	-	CP052044.1	4259108	706193	707334	570	1183	0
scaffold_112	88048	21838	25306	+	CP052044.1	4259108	706406	709863	470	3472	0
scaffold_83	140534	122772	126570	+	CP052044.1	4259108	716979	720777	1234	3799	0
scaffold_13	1103368	18237	20277	-	CP052044.1	4259108	717052	719095	1237	2043	0
scaffold_99	104861	26047	27829	+	CP052044.1	4259108	717319	719095	983	1782	0
scaffold_112	88048	33323	33468	-	CP052044.1	4259108	717458	717603	78	145	0
scaffold_272	24052	13977	14122	+	CP052044.1	4259108	717458	717603	140	145	0
scaffold_75	154281	17267	17412	+	CP052044.1	4259108	717458	717603	76	145	0
scaffold_80	143857	76638	77641	+	CP052044.1	4259108	717895	718898	517	1003	0
scaffold_1302	655	18	642	-	CP052044.1	4259108	718450	719074	395	624	0
scaffold_1097	829	76	391	+	CP052044.1	4259108	719202	719517	76	315	0
scaffold_292	21110	6	1479	-	CP052044.1	4259108	719664	721137	1140	1473	0
scaffold_1008	950	18	934	+	CP052044.1	4259108	721034	721950	610	916	0
scaffold_1558	534	9	407	-	CP052044.1	4259108	721379	721777	133	398	0
scaffold_258	25314	32	1046	+	CP052044.1	4259108	721871	722885	677	1014	0
scaffold_328	17820	9	239	+	CP052044.1	4259108	722655	722885	81	230	0
scaffold_88	125722	76025	76578	+	CP052044.1	4259108	728947	729501	314	555	0
scaffold_145	69505	2656	2747	+	CP052044.1	4259108	731061	731153	59	92	0
scaffold_401	12799	8888	8952	-	CP052044.1	4259108	733982	734046	48	64	0
scaffold_33	455355	437579	437643	+	CP052044.1	4259108	733982	734046	48	64	0
scaffold_842	1747	706	831	+	CP052044.1	4259108	734010	734135	94	125	0
scaffold_83	140534	111776	112629	+	CP052044.1	4259108	741750	742575	266	854	0
scaffold_258	25314	23340	25152	-	CP052044.1	4259108	741750	743534	377	1814	0
scaffold_75	154281	134615	136528	-	CP052044.1	4259108	741809	743698	513	1917	0
scaffold_144	69844	49947	50364	-	CP052044.1	4259108	741938	742328	72	417	0
scaffold_258	25314	15286	16888	+	CP052044.1	4259108	742091	743668	390	1604	0
scaffold_842	1747	578	679	-	CP052044.1	4259108	747373	747474	72	101	0
scaffold_153	61587	32772	32932	+	CP052044.1	4259108	747373	747533	104	160	0
scaffold_401	12799	2678	2838	+	CP052044.1	4259108	747373	747533	114	160	0
scaffold_153	61587	32772	32932	+	CP052044.1	4259108	752667	752827	104	160	0
scaffold_842	1747	578	679	-	CP052044.1	4259108	752667	752768	72	101	0
scaffold_401	12799	2678	2838	+	CP052044.1	4259108	752667	752827	114	160	0
scaffold_116	84153	541	1877	+	CP052044.1	4259108	752983	754308	76	1336	0
scaffold_110	91422	27254	27370	+	CP052044.1	4259108	756129	756245	69	116	0
scaffold_96	109087	74705	74848	-	CP052044.1	4259108	756319	756461	76	143	0
scaffold_93	118238	108586	108742	+	CP052044.1	4259108	756319	756475	52	156	0
scaffold_429	11191	9704	9847	+	CP052044.1	4259108	756319	756461	43	143	0
scaffold_429	11191	5501	5643	-	CP052044.1	4259108	756319	756461	43	142	0
scaffold_173	47066	41214	41338	+	CP052044.1	4259108	756352	756475	57	124	0
scaffold_85	135051	61870	61971	-	CP052044.1	4259108	758206	758307	100	101	0
scaffold_93	118238	28933	29142	-	CP052044.1	4259108	759699	759910	86	211	0
scaffold_212	35064	7180	7320	-	CP052044.1	4259108	759942	760082	95	140	0
scaffold_102	100464	74917	75086	-	CP052044.1	4259108	759942	760111	155	169	0
scaffold_70	181850	173079	180728	+	CP052044.1	4259108	759944	767724	401	7780	0
scaffold_21	738175	55591	55757	-	CP052044.1	4259108	759944	760109	138	166	0
scaffold_48	348853	333543	341163	-	CP052044.1	4259108	759944	767753	375	7809	0
scaffold_343	16140	2921	3061	-	CP052044.1	4259108	759973	760111	85	140	0
scaffold_144	69844	55537	55635	+	CP052044.1	4259108	759973	760070	59	98	0
scaffold_32	471417	2675	10327	+	CP052044.1	4259108	759973	767712	184	7771	0
scaffold_70	181850	30507	37993	-	CP052044.1	4259108	760316	767940	152	7634	0
scaffold_21	738175	55591	55757	-	CP052044.1	4259108	767586	767751	138	166	0
scaffold_102	100464	74917	75084	-	CP052044.1	4259108	767586	767753	153	167	0
scaffold_144	69844	55537	55635	+	CP052044.1	4259108	767615	767712	59	98	0
scaffold_343	16140	2921	3061	-	CP052044.1	4259108	767615	767753	85	140	0
scaffold_40	392173	142428	144094	+	CP052044.1	4259108	777503	779169	302	1666	0
scaffold_91	120630	85298	86748	-	CP052044.1	4259108	777739	779189	105	1450	0
scaffold_16	897138	126868	127904	+	CP052044.1	4259108	777805	778841	221	1036	0
scaffold_119	82364	42216	43580	-	CP052044.1	4259108	777805	779169	57	1364	0
scaffold_116	84153	963	1807	+	CP052044.1	4259108	777913	778757	70	844	0
scaffold_143	70430	68996	69931	+	CP052044.1	4259108	778070	779005	57	935	0
scaffold_850	1688	1383	1571	+	CP052044.1	4259108	778070	778258	42	188	0
scaffold_1591	527	10	516	+	CP052044.1	4259108	778225	778731	149	506	0
scaffold_133	76283	9436	9925	-	CP052044.1	4259108	778513	779003	95	490	0
scaffold_429	11191	201	397	+	CP052044.1	4259108	778551	778747	57	196	0
scaffold_51	297976	220920	223763	-	CP052044.1	4259108	779375	782257	2018	2882	0
scaffold_143	70430	144	4519	+	CP052044.1	4259108	783098	787471	2173	4394	0
scaffold_3	2381582	10381	15032	-	CP052044.1	4259108	783098	787475	1910	4661	0
scaffold_1658	512	15	512	-	CP052044.1	4259108	783536	784084	347	554	0
scaffold_88	125722	26230	26418	-	CP052044.1	4259108	783783	783971	166	188	0
scaffold_273	23718	10912	10964	+	CP052044.1	4259108	786593	786646	40	53	0
scaffold_243	28230	24525	24649	+	CP052044.1	4259108	789219	789343	85	124	0
scaffold_358	15501	15383	15430	+	CP052044.1	4259108	793855	793902	47	47	0
scaffold_173	47066	30351	30405	-	CP052044.1	4259108	805972	806026	54	54	0
scaffold_110	91422	27266	27391	-	CP052044.1	4259108	805986	806111	63	125	0
scaffold_292	21110	1488	1546	-	CP052044.1	4259108	819694	819752	58	58	0
scaffold_292	21110	8716	8888	-	CP052044.1	4259108	819778	819950	121	172	0
scaffold_304	20323	16759	16906	-	CP052044.1	4259108	819778	819925	95	147	0
scaffold_153	61587	9718	10074	+	CP052044.1	4259108	820520	820876	129	356	0
scaffold_156	59460	25450	27010	+	CP052044.1	4259108	845979	847539	256	1560	0
scaffold_83	140534	106153	107156	+	CP052044.1	4259108	846525	847526	242	1003	0
scaffold_83	140534	64225	64265	+	CP052044.1	4259108	847720	847760	40	40	0
scaffold_80	143857	72118	75306	+	CP052044.1	4259108	848352	851543	1169	3197	0
scaffold_63	225848	201377	201475	-	CP052044.1	4259108	851584	851679	74	98	0
scaffold_115	86240	35248	35289	-	CP052044.1	4259108	851638	851679	41	41	0
scaffold_144	69844	26270	26373	+	CP052044.1	4259108	851875	851978	69	103	0
scaffold_106	94230	69274	69374	-	CP052044.1	4259108	852270	852370	41	100	0
scaffold_1636	518	282	488	-	CP052044.1	4259108	852526	852695	106	206	0
scaffold_75	154281	101522	101828	-	CP052044.1	4259108	852709	853014	91	306	0
scaffold_51	297976	70449	70512	+	CP052044.1	4259108	853233	853296	63	63	0
scaffold_249	26889	14294	19522	+	CP052044.1	4259108	855789	861020	1707	5231	0
scaffold_210	35262	17482	22264	+	CP052044.1	4259108	856231	861012	1128	4782	0
scaffold_133	76283	26325	29397	-	CP052044.1	4259108	857718	860807	57	3089	0
scaffold_101	101313	40922	41013	+	CP052044.1	4259108	857979	858070	56	91	0
scaffold_85	135051	20651	21196	+	CP052044.1	4259108	858011	858556	76	545	0
scaffold_91	120630	35801	37799	+	CP052044.1	4259108	858830	860829	237	1999	0
scaffold_194	39750	8908	9299	+	CP052044.1	4259108	859351	859742	65	391	0
scaffold_85	135051	21375	21556	+	CP052044.1	4259108	859371	859553	59	182	0
scaffold_1128	788	567	728	+	CP052044.1	4259108	859764	859925	116	161	0
scaffold_115	86240	16743	17798	+	CP052044.1	4259108	859989	861044	391	1055	0
scaffold_210	35262	7123	7346	-	CP052044.1	4259108	860788	861012	68	224	0
scaffold_85	135051	122395	123537	-	CP052044.1	4259108	862430	863476	245	1142	0
scaffold_83	140534	133944	135779	+	CP052044.1	4259108	866367	868202	1309	1835	0
scaffold_6	1692318	1560034	1560943	+	CP052044.1	4259108	867293	868202	399	909	0
scaffold_429	11191	5444	5647	+	CP052044.1	4259108	870238	870455	57	217	0
scaffold_323	18080	14133	17742	-	CP052044.1	4259108	871155	874764	2599	3609	0
scaffold_68	182924	123580	127107	-	CP052044.1	4259108	871211	874738	1149	3527	0
scaffold_133	76283	54482	54702	-	CP052044.1	4259108	874536	874756	140	220	0
scaffold_133	76283	40121	40338	-	CP052044.1	4259108	874547	874764	143	217	0
scaffold_173	47066	30590	30945	-	CP052044.1	4259108	874879	875234	259	355	0
scaffold_68	182924	113260	116005	-	CP052044.1	4259108	882410	885199	566	2792	0
scaffold_28	539988	1340	1775	-	CP052044.1	4259108	882452	883162	160	710	0
scaffold_1209	716	26	707	-	CP052044.1	4259108	883238	883919	420	681	0
scaffold_1425	592	30	565	+	CP052044.1	4259108	884408	884943	408	535	0
scaffold_287	21903	16845	17009	-	CP052044.1	4259108	884560	884724	124	164	0
scaffold_1097	829	65	121	-	CP052044.1	4259108	885604	885660	49	56	0
scaffold_75	154281	72348	73612	+	CP052044.1	4259108	888123	889387	685	1264	0
scaffold_1	2692756	216225	216790	-	CP052044.1	4259108	888591	889156	119	565	0
scaffold_282	22153	5610	8906	-	CP052044.1	4259108	889409	892673	1252	3296	0
scaffold_258	25314	1055	1243	-	CP052044.1	4259108	889409	889597	132	188	0
scaffold_144	69844	36356	36481	+	CP052044.1	4259108	889422	889538	69	125	0
scaffold_667	3720	42	722	-	CP052044.1	4259108	889588	890269	603	681	0
scaffold_962	1106	3	1100	-	CP052044.1	4259108	890190	891287	858	1097	0
scaffold_245	27720	9	1510	+	CP052044.1	4259108	891172	892673	1349	1501	0
scaffold_93	118238	64683	66152	-	CP052044.1	4259108	891204	892673	497	1469	0
scaffold_1361	623	5	622	+	CP052044.1	4259108	891760	892380	447	620	0
scaffold_842	1747	1465	1731	-	CP052044.1	4259108	892367	892633	211	266	0
scaffold_172	48882	2546	2943	+	CP052044.1	4259108	913167	913565	82	398	0
scaffold_57	260754	104139	104928	-	CP052044.1	4259108	913585	914374	57	789	0
scaffold_96	109087	96405	97843	+	CP052044.1	4259108	915977	917415	333	1438	0
scaffold_169	51120	6641	8245	+	CP052044.1	4259108	915996	917600	308	1604	0
scaffold_45	358384	306488	307703	-	CP052044.1	4259108	916377	917592	184	1215	0
scaffold_110	91422	64846	65725	-	CP052044.1	4259108	916536	917415	196	879	0
scaffold_60	240913	106229	107061	-	CP052044.1	4259108	916760	917592	92	832	0
scaffold_14	908909	178	462	+	CP052044.1	4259108	916998	917282	43	284	0
scaffold_318	18503	15334	15425	+	CP052044.1	4259108	917509	917600	46	91	0
scaffold_107	93315	59551	59697	+	CP052044.1	4259108	920814	920958	98	146	0
scaffold_1454	575	470	512	+	CP052044.1	4259108	920819	920861	42	42	0
scaffold_1117	806	102	144	+	CP052044.1	4259108	920819	920861	42	42	0
scaffold_210	35262	33163	33255	+	CP052044.1	4259108	920842	920932	57	92	0
scaffold_63	225848	34653	34711	-	CP052044.1	4259108	920900	920958	51	58	0
scaffold_183	43655	78	571	-	CP052044.1	4259108	921131	921623	55	493	0
scaffold_57	260754	103973	104903	+	CP052044.1	4259108	921148	922077	141	930	0
scaffold_128	78074	50227	50879	+	CP052044.1	4259108	921274	921926	57	652	0
scaffold_83	140534	85419	86233	-	CP052044.1	4259108	921313	922127	162	814	0
scaffold_850	1688	1318	1571	-	CP052044.1	4259108	922058	922311	72	253	0
scaffold_1051	886	25	868	+	CP052044.1	4259108	928746	929576	380	843	0
scaffold_173	47066	37139	37335	-	CP052044.1	4259108	933567	933761	62	196	0
scaffold_144	69844	49649	50190	+	CP052044.1	4259108	934563	935103	62	541	0
scaffold_83	140534	112127	112657	-	CP052044.1	4259108	934587	935116	97	530	0
scaffold_91	120630	13603	15440	-	CP052044.1	4259108	954732	956570	1414	1838	0
scaffold_61	235649	104012	104715	+	CP052044.1	4259108	954941	955644	117	703	0
scaffold_212	35064	7673	8862	-	CP052044.1	4259108	955289	956479	135	1190	0
scaffold_57	260754	104392	104903	+	CP052044.1	4259108	955289	955800	40	511	0
scaffold_318	18503	15294	15425	+	CP052044.1	4259108	956309	956441	46	132	0
scaffold_75	154281	40381	40731	-	CP052044.1	4259108	963534	963884	103	350	0
scaffold_183	43655	97	655	-	CP052044.1	4259108	964081	964639	54	558	0
scaffold_57	260754	104382	104430	+	CP052044.1	4259108	964591	964639	48	48	0
scaffold_143	70430	69412	69662	-	CP052044.1	4259108	964615	964865	62	250	0
scaffold_133	76283	50141	50393	-	CP052044.1	4259108	971957	972209	145	252	0
scaffold_175	46490	30928	31180	+	CP052044.1	4259108	971957	972209	166	252	0
scaffold_67	184376	23140	23392	-	CP052044.1	4259108	971957	972209	115	252	0
scaffold_107	93315	36634	36886	-	CP052044.1	4259108	971957	972209	129	252	0
scaffold_169	51120	45279	45516	+	CP052044.1	4259108	971972	972209	143	237	0
scaffold_22	716055	46075	46180	+	CP052044.1	4259108	972045	972150	60	105	0
scaffold_22	716055	380422	380527	-	CP052044.1	4259108	972045	972150	60	105	0
scaffold_296	20863	356	499	+	CP052044.1	4259108	972704	972847	115	143	0
scaffold_218	33655	23948	24083	-	CP052044.1	4259108	985507	985642	80	135	0
scaffold_61	235649	187304	187354	-	CP052044.1	4259108	985507	985557	50	50	0
scaffold_187	42170	1348	1420	+	CP052044.1	4259108	985510	985582	54	72	0
scaffold_107	93315	59551	59682	+	CP052044.1	4259108	985510	985642	66	132	0
scaffold_1117	806	102	169	+	CP052044.1	4259108	985515	985582	61	67	0
scaffold_59	256653	15886	16012	+	CP052044.1	4259108	985515	985642	99	127	0
scaffold_13	1103368	10031	10175	+	CP052044.1	4259108	985515	985660	104	145	0
scaffold_1454	575	470	537	+	CP052044.1	4259108	985515	985582	67	67	0
scaffold_287	21903	4557	4678	-	CP052044.1	4259108	985538	985660	57	122	0
scaffold_150	63801	53531	53634	-	CP052044.1	4259108	985538	985642	70	104	0
scaffold_210	35262	33163	33266	+	CP052044.1	4259108	985538	985642	76	104	0
scaffold_128	78074	8588	8645	-	CP052044.1	4259108	985538	985595	57	57	0
scaffold_144	69844	22905	22955	-	CP052044.1	4259108	986478	986528	41	50	0
scaffold_129	76929	4442	4648	+	CP052044.1	4259108	986478	986684	143	206	0
scaffold_16	897138	4668	5433	+	CP052044.1	4259108	987668	988472	145	810	0
scaffold_143	70430	144	3245	+	CP052044.1	4259108	987668	990793	2189	3132	0
scaffold_3	2381582	11642	15032	-	CP052044.1	4259108	987668	990793	1900	3398	0
scaffold_1658	512	15	512	-	CP052044.1	4259108	988120	988662	312	554	0
scaffold_88	125722	26220	26418	-	CP052044.1	4259108	988367	988565	154	198	0
scaffold_1556	536	14	535	-	CP052044.1	4259108	991511	992032	521	521	0
scaffold_110	91422	71390	71460	-	CP052044.1	4259108	997208	997278	70	70	0
scaffold_210	35262	14895	15587	+	CP052044.1	4259108	997311	997974	455	692	0
scaffold_249	26889	14285	14823	+	CP052044.1	4259108	997570	998084	138	540	0
scaffold_210	35262	17502	17629	+	CP052044.1	4259108	998014	998141	100	127	0
scaffold_16	897138	5328	5433	-	CP052044.1	4259108	998357	998462	57	105	0
scaffold_93	118238	106780	106919	-	CP052044.1	4259108	1000166	1000327	82	161	0
scaffold_1127	790	28	557	+	CP052044.1	4259108	1005335	1005864	67	529	0
scaffold_1400	605	88	138	+	CP052044.1	4259108	1006134	1006184	50	50	0
scaffold_101	101313	86145	86415	+	CP052044.1	4259108	1006243	1006513	190	270	0
scaffold_30	507731	504369	504512	+	CP052044.1	4259108	1017937	1018081	48	144	0
scaffold_877	1508	791	888	+	CP052044.1	4259108	1028397	1028494	82	97	0
scaffold_154	60446	21547	21611	+	CP052044.1	4259108	1028430	1028494	44	64	0
scaffold_1656	513	304	362	+	CP052044.1	4259108	1028436	1028494	43	58	0
scaffold_1537	542	7	86	-	CP052044.1	4259108	1028508	1028587	50	79	0
scaffold_110	91422	17507	17618	+	CP052044.1	4259108	1028703	1028814	83	111	0
scaffold_1537	542	7	86	+	CP052044.1	4259108	1028795	1028874	79	79	0
scaffold_22	716055	39046	39178	+	CP052044.1	4259108	1028819	1028952	69	133	0
scaffold_312	19256	12745	12902	+	CP052044.1	4259108	1028819	1028977	41	158	0
scaffold_86	130972	18616	18692	+	CP052044.1	4259108	1028888	1028964	50	76	0
scaffold_877	1508	791	888	-	CP052044.1	4259108	1028888	1028985	82	97	0
scaffold_1656	513	304	362	-	CP052044.1	4259108	1028888	1028946	43	58	0
scaffold_154	60446	21547	21611	-	CP052044.1	4259108	1028888	1028952	44	64	0
scaffold_107	93315	59551	59697	+	CP052044.1	4259108	1040907	1041055	100	148	0
scaffold_187	42170	1348	1420	+	CP052044.1	4259108	1040907	1040979	54	72	0
scaffold_99	104861	84858	84989	-	CP052044.1	4259108	1040907	1041040	85	133	0
scaffold_175	46490	3837	3965	-	CP052044.1	4259108	1040912	1041040	86	128	0
scaffold_1454	575	470	537	+	CP052044.1	4259108	1040912	1040979	67	67	0
scaffold_128	78074	37003	37129	-	CP052044.1	4259108	1040912	1041040	121	128	0
scaffold_13	1103368	10031	10157	+	CP052044.1	4259108	1040912	1041040	86	128	0
scaffold_169	51120	16857	16983	+	CP052044.1	4259108	1040912	1041040	121	128	0
scaffold_1117	806	102	169	+	CP052044.1	4259108	1040912	1040979	61	67	0
scaffold_99	104861	93199	93317	+	CP052044.1	4259108	1040935	1041055	91	120	0
scaffold_150	63801	53516	53634	-	CP052044.1	4259108	1040935	1041055	85	120	0
scaffold_128	78074	8588	8645	-	CP052044.1	4259108	1040935	1040992	57	57	0
scaffold_63	225848	112756	112859	-	CP052044.1	4259108	1040935	1041040	98	105	0
scaffold_210	35262	33163	33266	+	CP052044.1	4259108	1040935	1041040	98	105	0
scaffold_101	101313	79114	79202	+	CP052044.1	4259108	1040950	1041040	48	90	0
scaffold_151	63507	20435	20528	+	CP052044.1	4259108	1040960	1041055	51	95	0
scaffold_63	225848	34653	34711	-	CP052044.1	4259108	1040995	1041055	53	60	0
scaffold_51	297976	286445	289398	-	CP052044.1	4259108	1055505	1058456	1050	2953	0
scaffold_218	33655	14561	17525	+	CP052044.1	4259108	1055505	1058467	1641	2964	0
scaffold_107	93315	18201	21146	-	CP052044.1	4259108	1055526	1058467	325	2945	0
scaffold_110	91422	72387	72567	-	CP052044.1	4259108	1059589	1059769	110	180	0
scaffold_1	2692756	10219	12128	+	CP052044.1	4259108	1065752	1067467	970	1913	0
scaffold_296	20863	8002	9155	+	CP052044.1	4259108	1066822	1068017	640	1195	0
scaffold_5	1863748	1861670	1863641	+	CP052044.1	4259108	1074060	1076026	475	1971	0
scaffold_1643	517	71	318	-	CP052044.1	4259108	1074226	1074473	85	247	0
scaffold_85	135051	3095	3581	+	CP052044.1	4259108	1081479	1081965	338	486	0
scaffold_107	93315	87885	88304	-	CP052044.1	4259108	1081518	1081965	80	447	0
scaffold_75	154281	26921	27227	+	CP052044.1	4259108	1081587	1081935	152	349	0
scaffold_308	19755	4496	4763	+	CP052044.1	4259108	1081650	1081965	143	315	0
scaffold_112	88048	25745	25924	-	CP052044.1	4259108	1081713	1081935	99	222	0
scaffold_173	47066	30156	30376	-	CP052044.1	4259108	1084619	1084839	66	220	0
scaffold_75	154281	35146	35936	+	CP052044.1	4259108	1106803	1107444	160	790	0
scaffold_464	9317	9143	9186	-	CP052044.1	4259108	1109287	1109330	43	43	0
scaffold_1117	806	125	212	-	CP052044.1	4259108	1119018	1119105	63	87	0
scaffold_128	78074	37033	37106	+	CP052044.1	4259108	1119032	1119105	57	73	0
scaffold_210	35262	33163	33236	-	CP052044.1	4259108	1119032	1119105	57	73	0
scaffold_148	65701	17045	19586	+	CP052044.1	4259108	1119138	1121697	1077	2559	0
scaffold_387	13657	10893	11036	+	CP052044.1	4259108	1128336	1128477	76	143	0
scaffold_115	86240	35229	35372	-	CP052044.1	4259108	1128336	1128477	76	143	0
scaffold_854	1662	193	335	-	CP052044.1	4259108	1128336	1128477	97	142	0
scaffold_83	140534	118798	118939	+	CP052044.1	4259108	1128336	1128477	104	141	0
scaffold_169	51120	10470	10611	+	CP052044.1	4259108	1128336	1128477	123	141	0
scaffold_1411	599	487	585	+	CP052044.1	4259108	1128336	1128433	85	98	0
scaffold_115	86240	21256	21398	-	CP052044.1	4259108	1128336	1128477	82	142	0
scaffold_88	125722	73918	74062	-	CP052044.1	4259108	1128336	1128477	82	144	0
scaffold_80	143857	61319	61460	-	CP052044.1	4259108	1128336	1128477	76	141	0
scaffold_63	225848	201358	201501	-	CP052044.1	4259108	1128336	1128477	76	143	0
scaffold_194	39750	31892	32014	-	CP052044.1	4259108	1128355	1128477	105	122	0
scaffold_80	143857	77649	77743	-	CP052044.1	4259108	1128383	1128477	82	94	0
scaffold_258	25314	22896	22959	-	CP052044.1	4259108	1128414	1128477	57	63	0
scaffold_218	33655	24445	24542	+	CP052044.1	4259108	1135122	1135219	57	97	0
scaffold_296	20863	11236	11978	+	CP052044.1	4259108	1135455	1136197	183	742	0
scaffold_82	143064	134238	135145	+	CP052044.1	4259108	1135455	1136362	193	907	0
scaffold_116	84153	963	1862	+	CP052044.1	4259108	1135525	1136424	78	899	0
scaffold_149	65637	64637	65194	+	CP052044.1	4259108	1136058	1136615	46	557	0
scaffold_13	1103368	394130	394631	+	CP052044.1	4259108	1136163	1136664	77	501	0
scaffold_57	260754	104139	104413	-	CP052044.1	4259108	1136341	1136615	40	274	0
scaffold_93	118238	63874	64232	+	CP052044.1	4259108	1154760	1155136	115	377	0
scaffold_2	2503568	29	112	-	CP052044.1	4259108	1154791	1154874	58	83	0
scaffold_358	15501	15391	15474	+	CP052044.1	4259108	1154791	1154874	58	83	0
scaffold_343	16140	15441	15777	+	CP052044.1	4259108	1154791	1155136	229	345	0
scaffold_86	130972	11	123	+	CP052044.1	4259108	1154855	1154976	57	121	0
scaffold_1565	532	67	254	+	CP052044.1	4259108	1154957	1155132	49	187	0
scaffold_842	1747	575	656	-	CP052044.1	4259108	1154998	1155080	81	82	0
scaffold_401	12799	2701	2838	+	CP052044.1	4259108	1154998	1155136	111	138	0
scaffold_153	61587	32811	32932	+	CP052044.1	4259108	1155014	1155136	102	122	0
scaffold_107	93315	4454	12348	+	CP052044.1	4259108	1167556	1175738	2891	8364	0
scaffold_51	297976	138739	143485	-	CP052044.1	4259108	1169478	1174730	1173	5316	0
scaffold_50	298037	68923	70609	+	CP052044.1	4259108	1170216	1171895	262	1694	0
scaffold_80	143857	35154	36104	-	CP052044.1	4259108	1173278	1174222	133	950	0
scaffold_51	297976	136934	137272	-	CP052044.1	4259108	1174813	1175137	132	338	0
scaffold_1556	536	14	535	-	CP052044.1	4259108	1179287	1179808	521	521	0
scaffold_110	91422	71390	71460	-	CP052044.1	4259108	1184983	1185053	70	70	0
scaffold_210	35262	14895	15587	+	CP052044.1	4259108	1185086	1185749	455	692	0
scaffold_249	26889	14285	14823	+	CP052044.1	4259108	1185345	1185859	138	540	0
scaffold_210	35262	17502	17629	+	CP052044.1	4259108	1185789	1185916	100	127	0
scaffold_88	125722	26220	26418	+	CP052044.1	4259108	1186039	1186237	154	198	0
scaffold_107	93315	7304	12348	-	CP052044.1	4259108	1189769	1194884	2392	5122	0
scaffold_51	297976	136934	137272	+	CP052044.1	4259108	1190370	1190694	132	338	0
scaffold_51	297976	138739	142279	+	CP052044.1	4259108	1190777	1194832	1041	4088	0
scaffold_80	143857	35154	36104	+	CP052044.1	4259108	1191285	1192229	133	950	0
scaffold_110	91422	64612	65725	+	CP052044.1	4259108	1201566	1202679	141	1113	0
scaffold_169	51120	6641	8238	-	CP052044.1	4259108	1201622	1203223	381	1601	0
scaffold_96	109087	15884	17026	-	CP052044.1	4259108	1201622	1202764	111	1142	0
scaffold_60	240913	106229	106876	+	CP052044.1	4259108	1201623	1202270	103	647	0
scaffold_42	372282	368125	369470	-	CP052044.1	4259108	1201687	1203036	216	1349	0
scaffold_1496	558	66	547	+	CP052044.1	4259108	1201687	1202168	57	481	0
scaffold_5	1863748	359790	361208	+	CP052044.1	4259108	1201814	1203236	251	1422	0
scaffold_96	109087	96411	97829	-	CP052044.1	4259108	1201814	1203236	294	1422	0
scaffold_365	15120	13966	14615	-	CP052044.1	4259108	1201835	1202484	162	649	0
scaffold_110	91422	89220	90452	-	CP052044.1	4259108	1201841	1203076	225	1236	0
scaffold_61	235649	104231	105049	-	CP052044.1	4259108	1202077	1202895	137	818	0
scaffold_850	1688	1385	1521	+	CP052044.1	4259108	1202088	1202224	40	136	0
scaffold_154	60446	29017	29162	-	CP052044.1	4259108	1203053	1203198	42	145	0
scaffold_296	20863	20359	20589	+	CP052044.1	4259108	1203354	1203578	64	230	0
scaffold_287	21903	21606	21846	-	CP052044.1	4259108	1203354	1203578	64	240	0
scaffold_312	19256	6207	6481	+	CP052044.1	4259108	1203363	1203582	57	274	0
scaffold_154	60446	21917	26982	+	CP052044.1	4259108	1203593	1208775	2534	5223	0
scaffold_13	1103368	31232	31285	-	CP052044.1	4259108	1204030	1204083	53	53	0
scaffold_210	35262	33147	33266	+	CP052044.1	4259108	1204030	1204149	62	119	0
scaffold_63	225848	34668	34711	-	CP052044.1	4259108	1204106	1204149	43	43	0
scaffold_83	140534	111776	112765	+	CP052044.1	4259108	1209698	1210686	265	991	0
scaffold_128	78074	40606	42334	-	CP052044.1	4259108	1209982	1211679	441	1729	0
scaffold_101	101313	86439	86747	-	CP052044.1	4259108	1215563	1215874	234	311	0
scaffold_106	94230	45767	46041	-	CP052044.1	4259108	1215563	1215840	208	277	0
scaffold_85	135051	62046	64966	+	CP052044.1	4259108	1215576	1218499	1309	2923	0
scaffold_115	86240	18331	21101	-	CP052044.1	4259108	1215748	1218517	1532	2770	0
scaffold_101	101313	30209	32327	+	CP052044.1	4259108	1216379	1218499	188	2120	0
scaffold_129	76929	31859	31930	+	CP052044.1	4259108	1217990	1218061	53	71	0
scaffold_101	101313	86145	86434	-	CP052044.1	4259108	1218164	1218453	230	289	0
scaffold_128	78074	36985	37129	-	CP052044.1	4259108	1218729	1218875	139	146	0
scaffold_1117	806	102	169	+	CP052044.1	4259108	1218729	1218796	61	67	0
scaffold_59	256653	15886	16012	+	CP052044.1	4259108	1218729	1218857	99	128	0
scaffold_107	93315	59556	59682	+	CP052044.1	4259108	1218729	1218857	80	128	0
scaffold_175	46490	3837	3965	-	CP052044.1	4259108	1218729	1218857	86	128	0
scaffold_1454	575	470	537	+	CP052044.1	4259108	1218729	1218796	67	67	0
scaffold_99	104861	68879	69023	+	CP052044.1	4259108	1218729	1218875	86	146	0
scaffold_13	1103368	10031	10157	+	CP052044.1	4259108	1218729	1218857	86	128	0
scaffold_83	140534	25939	26083	-	CP052044.1	4259108	1218729	1218875	92	146	0
scaffold_169	51120	16857	17001	+	CP052044.1	4259108	1218729	1218875	139	146	0
scaffold_99	104861	84858	84984	-	CP052044.1	4259108	1218729	1218857	80	128	0
scaffold_187	42170	1353	1420	+	CP052044.1	4259108	1218729	1218796	49	67	0
scaffold_128	78074	8524	8645	-	CP052044.1	4259108	1218752	1218875	76	123	0
scaffold_210	35262	33163	33266	+	CP052044.1	4259108	1218752	1218857	98	105	0
scaffold_99	104861	93199	93302	+	CP052044.1	4259108	1218752	1218857	76	105	0
scaffold_150	63801	53531	53634	-	CP052044.1	4259108	1218752	1218857	70	105	0
scaffold_63	225848	112738	112859	-	CP052044.1	4259108	1218752	1218875	116	123	0
scaffold_218	33655	23948	24037	-	CP052044.1	4259108	1218767	1218857	77	90	0
scaffold_101	101313	79114	79220	+	CP052044.1	4259108	1218767	1218875	66	108	0
scaffold_85	135051	61676	61760	+	CP052044.1	4259108	1218951	1219035	76	84	0
scaffold_107	93315	92492	92596	+	CP052044.1	4259108	1218951	1219055	76	104	0
scaffold_51	297976	270083	270233	+	CP052044.1	4259108	1218955	1219105	138	150	0
scaffold_356	15572	11895	11946	-	CP052044.1	4259108	1219067	1219118	51	51	0
scaffold_115	86240	42134	42504	+	CP052044.1	4259108	1219128	1219498	239	370	0
scaffold_387	13657	3747	4131	-	CP052044.1	4259108	1219128	1219512	280	384	0
scaffold_156	59460	47414	47546	+	CP052044.1	4259108	1223682	1223814	57	132	0
scaffold_272	24052	15389	16154	-	CP052044.1	4259108	1224597	1225498	388	907	0
scaffold_133	76283	40121	40874	+	CP052044.1	4259108	1224615	1225498	320	883	0
scaffold_133	76283	54505	54723	+	CP052044.1	4259108	1224646	1224864	163	218	0
scaffold_44	359581	188312	190868	-	CP052044.1	4259108	1225624	1228213	163	2589	0
scaffold_96	109087	39175	41524	+	CP052044.1	4259108	1225624	1228411	840	2787	0
scaffold_1536	542	12	446	+	CP052044.1	4259108	1226795	1227229	142	434	0
scaffold_59	256653	18133	19974	-	CP052044.1	4259108	1232558	1234403	658	1845	0
scaffold_51	297976	81933	83769	-	CP052044.1	4259108	1232563	1234403	335	1840	0
scaffold_5	1863748	359904	361208	-	CP052044.1	4259108	1232654	1233962	218	1308	0
scaffold_169	51120	6641	8245	+	CP052044.1	4259108	1232667	1234275	357	1608	0
scaffold_154	60446	29017	29162	+	CP052044.1	4259108	1232692	1232837	42	145	0
scaffold_12	1155968	713524	714632	-	CP052044.1	4259108	1232692	1233804	226	1112	0
scaffold_40	392173	208293	209826	+	CP052044.1	4259108	1232742	1234279	118	1537	0
scaffold_110	91422	89220	90381	+	CP052044.1	4259108	1232814	1233978	208	1165	0
scaffold_61	235649	104231	105383	+	CP052044.1	4259108	1232995	1234147	137	1152	0
scaffold_57	260754	104385	105094	+	CP052044.1	4259108	1233117	1233826	47	709	0
scaffold_110	91422	64684	65725	-	CP052044.1	4259108	1233211	1234252	142	1041	0
scaffold_1285	665	56	586	-	CP052044.1	4259108	1233211	1233741	98	530	0
scaffold_365	15120	13966	14522	+	CP052044.1	4259108	1233406	1233962	138	556	0
scaffold_297	20811	18025	18705	-	CP052044.1	4259108	1233638	1234318	114	680	0
scaffold_850	1688	1383	1521	-	CP052044.1	4259108	1233666	1233804	42	138	0
scaffold_258	25314	1068	1243	-	CP052044.1	4259108	1235618	1235793	125	175	0
scaffold_1386	610	59	581	+	CP052044.1	4259108	1236696	1237218	426	522	0
scaffold_1361	623	40	604	+	CP052044.1	4259108	1239488	1240055	367	567	0
scaffold_842	1747	1451	1717	-	CP052044.1	4259108	1240074	1240340	202	266	0
scaffold_1658	512	15	512	+	CP052044.1	4259108	1241295	1241843	328	554	0
scaffold_88	125722	26230	26418	+	CP052044.1	4259108	1241408	1241596	175	188	0
scaffold_16	897138	4668	5433	-	CP052044.1	4259108	1241491	1242290	145	805	0
scaffold_227	31762	10864	11262	+	CP052044.1	4259108	1243110	1243543	67	433	0
scaffold_40	392173	185888	186675	+	CP052044.1	4259108	1243560	1244347	719	787	0
scaffold_212	35064	7180	7320	-	CP052044.1	4259108	1252096	1252236	102	140	0
scaffold_102	100464	74917	75086	-	CP052044.1	4259108	1252096	1252265	159	169	0
scaffold_343	16140	2733	3061	-	CP052044.1	4259108	1252127	1252453	130	328	0
scaffold_50	298037	261730	265300	-	CP052044.1	4259108	1252805	1256332	2126	3570	0
scaffold_50	298037	63813	67383	+	CP052044.1	4259108	1252805	1256332	2000	3570	0
scaffold_106	94230	16189	16509	-	CP052044.1	4259108	1259861	1260114	58	320	0
scaffold_13	1103368	8215	8325	+	CP052044.1	4259108	1261222	1261332	53	110	0
scaffold_258	25314	15369	16667	+	CP052044.1	4259108	1268295	1269594	342	1299	0
scaffold_181	44073	22990	23039	-	CP052044.1	4259108	1268563	1268612	49	49	0
scaffold_1449	577	18	517	+	CP052044.1	4259108	1269203	1269702	414	499	0
scaffold_91	120630	13603	15440	+	CP052044.1	4259108	1273166	1275003	1450	1837	0
scaffold_212	35064	7673	8862	+	CP052044.1	4259108	1273257	1274446	154	1189	0
scaffold_318	18503	15294	15425	-	CP052044.1	4259108	1273295	1273426	46	131	0
scaffold_57	260754	104392	104903	-	CP052044.1	4259108	1273935	1274446	40	511	0
scaffold_61	235649	104012	104715	-	CP052044.1	4259108	1274091	1274794	117	703	0
scaffold_218	33655	23948	24037	+	CP052044.1	4259108	1275135	1275223	57	89	0
scaffold_101	101313	79114	79202	-	CP052044.1	4259108	1275135	1275223	49	88	0
scaffold_99	104861	84858	84989	+	CP052044.1	4259108	1275135	1275266	85	131	0
scaffold_210	35262	33163	33266	-	CP052044.1	4259108	1275135	1275238	83	103	0
scaffold_107	93315	59551	59682	-	CP052044.1	4259108	1275135	1275266	90	131	0
scaffold_169	51120	16857	16983	-	CP052044.1	4259108	1275135	1275261	106	126	0
scaffold_13	1103368	10031	10157	-	CP052044.1	4259108	1275135	1275261	87	126	0
scaffold_128	78074	37003	37129	+	CP052044.1	4259108	1275135	1275261	101	126	0
scaffold_63	225848	34668	34711	+	CP052044.1	4259108	1275135	1275178	43	43	0
scaffold_63	225848	112756	112859	+	CP052044.1	4259108	1275135	1275238	83	103	0
scaffold_1454	575	470	527	-	CP052044.1	4259108	1275204	1275261	57	57	0
scaffold_1117	806	102	144	-	CP052044.1	4259108	1275219	1275261	42	42	0
scaffold_151	63507	41723	43532	+	CP052044.1	4259108	1281505	1283316	1091	1811	0
scaffold_11	1212133	1211855	1212088	+	CP052044.1	4259108	1281728	1281961	90	233	0
scaffold_91	120630	107735	109331	-	CP052044.1	4259108	1281728	1283324	452	1596	0
scaffold_106	94230	93952	94185	+	CP052044.1	4259108	1281728	1281961	80	233	0
scaffold_950	1157	35	949	+	CP052044.1	4259108	1282239	1283153	298	914	0
scaffold_11	1212133	21703	21951	+	CP052044.1	4259108	1290780	1291010	191	249	0
scaffold_218	33655	23713	23802	-	CP052044.1	4259108	1290791	1290880	69	89	0
scaffold_218	33655	21991	22188	-	CP052044.1	4259108	1290948	1291156	162	208	0
scaffold_358	15501	6792	8988	-	CP052044.1	4259108	1297561	1299756	257	2197	0
scaffold_1449	577	18	560	-	CP052044.1	4259108	1297858	1298400	464	542	0
scaffold_258	25314	15369	16811	-	CP052044.1	4259108	1297865	1299308	323	1443	0
scaffold_153	61587	25034	25846	+	CP052044.1	4259108	1298501	1299313	164	812	0
scaffold_4	1881388	1601831	1603655	-	CP052044.1	4259108	1306818	1308359	211	1824	0
scaffold_67	184376	19172	20891	-	CP052044.1	4259108	1306918	1308351	203	1719	0
scaffold_22	716055	34817	36177	-	CP052044.1	4259108	1307221	1308296	393	1360	0
scaffold_116	84153	1187	1824	-	CP052044.1	4259108	1307341	1307798	112	637	0
scaffold_57	260754	104385	104430	+	CP052044.1	4259108	1307358	1307403	45	45	0
scaffold_904	1345	1237	1328	-	CP052044.1	4259108	1314113	1314204	66	91	0
scaffold_138	72333	72209	72295	-	CP052044.1	4259108	1314132	1314218	86	86	0
scaffold_144	69844	36374	36522	-	CP052044.1	4259108	1314238	1314379	67	149	0
scaffold_93	118238	106780	106919	+	CP052044.1	4259108	1328329	1328491	63	162	0
scaffold_218	33655	8201	8320	+	CP052044.1	4259108	1328365	1328483	66	119	0
scaffold_110	91422	72387	72567	+	CP052044.1	4259108	1329558	1329738	163	180	0
scaffold_83	140534	112197	112784	-	CP052044.1	4259108	1341296	1341881	256	587	0
scaffold_83	140534	122772	126570	+	CP052044.1	4259108	1343730	1347528	1234	3799	0
scaffold_13	1103368	18237	20277	-	CP052044.1	4259108	1343803	1345846	1237	2043	0
scaffold_99	104861	26047	27829	+	CP052044.1	4259108	1344070	1345846	983	1782	0
scaffold_272	24052	13977	14122	+	CP052044.1	4259108	1344209	1344354	140	145	0
scaffold_112	88048	33323	33468	-	CP052044.1	4259108	1344209	1344354	78	145	0
scaffold_75	154281	17267	17412	+	CP052044.1	4259108	1344209	1344354	76	145	0
scaffold_80	143857	76638	77641	+	CP052044.1	4259108	1344646	1345649	517	1003	0
scaffold_1302	655	18	642	-	CP052044.1	4259108	1345201	1345825	395	624	0
scaffold_1097	829	76	391	+	CP052044.1	4259108	1345953	1346268	76	315	0
scaffold_292	21110	6	1479	-	CP052044.1	4259108	1346415	1347888	1141	1473	0
scaffold_1008	950	18	934	+	CP052044.1	4259108	1347785	1348701	607	916	0
scaffold_1558	534	9	407	-	CP052044.1	4259108	1348130	1348528	133	398	0
scaffold_258	25314	32	1046	+	CP052044.1	4259108	1348622	1349636	677	1014	0
scaffold_328	17820	9	239	+	CP052044.1	4259108	1349406	1349636	81	230	0
scaffold_40	392173	171794	172216	+	CP052044.1	4259108	1354453	1354874	154	422	0
scaffold_75	154281	11	309	-	CP052044.1	4259108	1355299	1355597	160	298	0
scaffold_372	14523	12781	12936	+	CP052044.1	4259108	1366974	1367129	45	155	0
scaffold_33	455355	434608	434829	+	CP052044.1	4259108	1366980	1367200	105	221	0
scaffold_40	392173	171878	174524	+	CP052044.1	4259108	1367405	1370051	154	2647	0
scaffold_77	149510	133026	133181	-	CP052044.1	4259108	1377688	1377843	79	155	0
scaffold_154	60446	16161	16342	+	CP052044.1	4259108	1377688	1377869	158	181	0
scaffold_979	1052	472	610	-	CP052044.1	4259108	1377688	1377828	62	140	0
scaffold_96	109087	42003	42298	+	CP052044.1	4259108	1377688	1377986	204	298	0
scaffold_85	135051	9228	9344	-	CP052044.1	4259108	1377688	1377804	54	116	0
scaffold_183	43655	7610	7728	-	CP052044.1	4259108	1377953	1378071	102	118	0
scaffold_1193	731	15	142	+	CP052044.1	4259108	1378228	1378355	59	127	0
scaffold_101	101313	905	1227	+	CP052044.1	4259108	1380423	1380745	278	322	0
scaffold_97	105629	41216	41891	+	CP052044.1	4259108	1380773	1381448	129	675	0
scaffold_1127	790	28	781	+	CP052044.1	4259108	1381079	1381832	92	753	0
scaffold_11	1212133	169640	170145	-	CP052044.1	4259108	1381327	1381832	115	505	0
scaffold_296	20863	356	499	+	CP052044.1	4259108	1389643	1389786	127	143	0
scaffold_1585	528	10	95	-	CP052044.1	4259108	1398122	1398208	59	86	0
scaffold_78	148918	148823	148908	+	CP052044.1	4259108	1398122	1398208	59	86	0
scaffold_93	118238	26594	26658	+	CP052044.1	4259108	1398143	1398208	47	65	0
scaffold_1656	513	322	362	+	CP052044.1	4259108	1398307	1398347	40	40	0
scaffold_91	120630	13603	15440	-	CP052044.1	4259108	1398403	1400240	1253	1837	0
scaffold_61	235649	104012	104715	+	CP052044.1	4259108	1398612	1399315	117	703	0
scaffold_57	260754	104392	104903	+	CP052044.1	4259108	1398960	1399471	40	511	0
scaffold_212	35064	7673	8862	-	CP052044.1	4259108	1398960	1400149	160	1189	0
scaffold_318	18503	15294	15425	+	CP052044.1	4259108	1399980	1400111	46	131	0
scaffold_150	63801	53516	53634	+	CP052044.1	4259108	1403169	1403289	57	120	0
scaffold_154	60446	14364	14460	+	CP052044.1	4259108	1403173	1403271	45	98	0
scaffold_1387	609	294	410	-	CP052044.1	4259108	1403173	1403289	56	116	0
scaffold_371	14652	10962	11092	+	CP052044.1	4259108	1403173	1403305	57	132	0
scaffold_93	118238	93114	93228	+	CP052044.1	4259108	1403173	1403289	57	116	0
scaffold_1117	806	125	169	-	CP052044.1	4259108	1403245	1403289	44	44	0
scaffold_210	35262	33147	33207	-	CP052044.1	4259108	1403245	1403305	54	60	0
scaffold_82	143064	140863	140923	-	CP052044.1	4259108	1403245	1403305	45	60	0
scaffold_128	78074	8601	8661	+	CP052044.1	4259108	1403245	1403305	54	60	0
scaffold_401	12799	4552	4629	-	CP052044.1	4259108	1403584	1403660	47	77	0
scaffold_333	17323	6374	6633	+	CP052044.1	4259108	1412640	1412899	135	259	0
scaffold_210	35262	7131	8001	-	CP052044.1	4259108	1413127	1413997	359	870	0
scaffold_233	30380	19	774	+	CP052044.1	4259108	1413242	1413997	532	755	0
scaffold_1198	728	42	184	-	CP052044.1	4259108	1414021	1414163	53	142	0
scaffold_328	17820	9	239	-	CP052044.1	4259108	1415415	1415645	168	230	0
scaffold_1008	950	18	934	-	CP052044.1	4259108	1416350	1417266	651	916	0
scaffold_1558	534	52	407	+	CP052044.1	4259108	1416566	1416921	119	355	0
scaffold_218	33655	22596	23494	-	CP052044.1	4259108	1420504	1421402	111	903	0
scaffold_148	65701	21853	22387	+	CP052044.1	4259108	1420630	1421175	69	545	0
scaffold_112	88048	33368	33468	+	CP052044.1	4259108	1420742	1420842	44	100	0
scaffold_144	69844	29986	31143	+	CP052044.1	4259108	1421434	1422567	304	1159	0
scaffold_112	88048	138	1177	-	CP052044.1	4259108	1421459	1422463	313	1039	0
scaffold_658	3860	3742	3844	-	CP052044.1	4259108	1449589	1449693	57	104	0
scaffold_112	88048	83113	83154	-	CP052044.1	4259108	1461493	1461534	41	41	0
scaffold_219	33473	33343	33437	+	CP052044.1	4259108	1461497	1461591	56	94	0
scaffold_357	15566	35	116	-	CP052044.1	4259108	1461510	1461591	43	81	0
scaffold_80	143857	75796	77577	+	CP052044.1	4259108	1461550	1463331	610	1781	0
scaffold_1122	801	14	784	+	CP052044.1	4259108	1464199	1464968	433	770	0
scaffold_15	906157	903726	906142	-	CP052044.1	4259108	1464943	1467004	1332	2416	0
scaffold_249	26889	20	935	+	CP052044.1	4259108	1466475	1467018	341	915	0
scaffold_192	40101	39990	40081	-	CP052044.1	4259108	1466913	1467004	66	91	0
scaffold_904	1345	1237	1328	-	CP052044.1	4259108	1466913	1467004	66	91	0
scaffold_427	11379	11254	11359	-	CP052044.1	4259108	1466913	1467018	105	105	0
scaffold_138	72333	72209	72295	-	CP052044.1	4259108	1466932	1467018	86	86	0
scaffold_80	143857	111379	111478	+	CP052044.1	4259108	1467959	1468058	58	99	0
scaffold_68	182924	84341	87151	+	CP052044.1	4259108	1472904	1475711	2330	2810	0
scaffold_133	76283	14	90	-	CP052044.1	4259108	1478561	1478637	76	76	0
scaffold_1255	684	571	647	+	CP052044.1	4259108	1478561	1478637	76	76	0
scaffold_16	897138	14	90	-	CP052044.1	4259108	1478561	1478637	76	76	0
scaffold_323	18080	18003	18064	+	CP052044.1	4259108	1478576	1478637	61	61	0
scaffold_982	1040	31	92	+	CP052044.1	4259108	1478576	1478637	61	61	0
scaffold_1	2692756	154712	154761	+	CP052044.1	4259108	1478587	1478637	47	50	0
scaffold_156	59460	25428	27230	+	CP052044.1	4259108	1479056	1480858	261	1802	0
scaffold_83	140534	7075	7867	+	CP052044.1	4259108	1479056	1479848	245	792	0
scaffold_83	140534	7939	8156	+	CP052044.1	4259108	1480641	1480858	89	217	0
scaffold_93	118238	106780	106913	-	CP052044.1	4259108	1480866	1480971	57	133	0
scaffold_356	15572	11895	11946	+	CP052044.1	4259108	1482850	1482901	51	51	0
scaffold_308	19755	4533	4763	-	CP052044.1	4259108	1482863	1483142	104	279	0
scaffold_107	93315	87885	88304	+	CP052044.1	4259108	1482863	1483309	85	448	0
scaffold_75	154281	26921	27187	-	CP052044.1	4259108	1482977	1483242	118	266	0
scaffold_83	140534	131471	133209	-	CP052044.1	4259108	1486728	1488465	718	1738	0
scaffold_174	47065	5616	5757	+	CP052044.1	4259108	1488391	1488532	86	141	0
scaffold_154	60446	21547	21611	-	CP052044.1	4259108	1491409	1491473	44	64	0
scaffold_877	1508	824	888	-	CP052044.1	4259108	1491409	1491473	44	64	0
scaffold_86	130972	18616	18680	+	CP052044.1	4259108	1491409	1491473	46	64	0
scaffold_1656	513	304	362	-	CP052044.1	4259108	1491409	1491467	46	58	0
scaffold_96	109087	78269	78502	+	CP052044.1	4259108	1491844	1492105	71	261	0
scaffold_343	16140	2921	3061	+	CP052044.1	4259108	1492031	1492169	85	140	0
scaffold_48	348853	333543	341163	+	CP052044.1	4259108	1492031	1499839	375	7808	0
scaffold_21	738175	55591	55757	+	CP052044.1	4259108	1492033	1492198	138	166	0
scaffold_212	35064	7180	7318	+	CP052044.1	4259108	1492060	1492198	93	138	0
scaffold_70	181850	173079	180728	-	CP052044.1	4259108	1492060	1499839	401	7779	0
scaffold_32	471417	2675	10327	-	CP052044.1	4259108	1492072	1499810	184	7771	0
scaffold_129	76929	56613	57397	-	CP052044.1	4259108	1492208	1492992	97	784	0
scaffold_91	120630	119238	119643	+	CP052044.1	4259108	1499476	1499828	75	405	0
scaffold_75	154281	102275	102612	+	CP052044.1	4259108	1499485	1499810	76	337	0
scaffold_343	16140	2921	3061	+	CP052044.1	4259108	1499672	1499810	85	140	0
scaffold_102	100464	74917	75086	+	CP052044.1	4259108	1499672	1499841	155	169	0
scaffold_21	738175	55591	55757	+	CP052044.1	4259108	1499674	1499839	138	166	0
scaffold_212	35064	7180	7320	+	CP052044.1	4259108	1499701	1499841	95	140	0
scaffold_90	123581	123489	123560	+	CP052044.1	4259108	1500077	1500148	71	71	0
scaffold_112	88048	51532	53636	+	CP052044.1	4259108	1500077	1502177	781	2107	0
scaffold_75	154281	17572	19753	-	CP052044.1	4259108	1500097	1502265	707	2181	0
scaffold_57	260754	99	1393	+	CP052044.1	4259108	1500883	1502177	770	1297	0
scaffold_151	63507	21873	21932	+	CP052044.1	4259108	1508194	1508253	59	59	0
scaffold_154	60446	29240	31192	-	CP052044.1	4259108	1511077	1513025	618	1952	0
scaffold_101	101313	27294	28275	-	CP052044.1	4259108	1511972	1512955	184	983	0
scaffold_85	135051	73120	73877	+	CP052044.1	4259108	1512263	1513025	275	762	0
scaffold_96	109087	42003	42163	-	CP052044.1	4259108	1512866	1513025	91	160	0
scaffold_154	60446	16161	16321	-	CP052044.1	4259108	1512866	1513025	91	160	0
scaffold_77	149510	133026	133181	+	CP052044.1	4259108	1512871	1513025	60	155	0
scaffold_258	25314	22896	23029	-	CP052044.1	4259108	1515811	1515943	70	133	0
scaffold_148	65701	38290	38423	-	CP052044.1	4259108	1515811	1515943	63	133	0
scaffold_88	125722	73918	74051	-	CP052044.1	4259108	1515811	1515943	57	133	0
scaffold_14	908909	34225	34359	-	CP052044.1	4259108	1515811	1515943	70	134	0
scaffold_115	86240	35229	35291	-	CP052044.1	4259108	1515881	1515943	62	62	0
scaffold_154	60446	16161	16321	-	CP052044.1	4259108	1521770	1521929	101	160	0
scaffold_77	149510	133026	133181	+	CP052044.1	4259108	1521775	1521929	57	155	0
scaffold_169	51120	37018	37657	-	CP052044.1	4259108	1523116	1523755	285	639	0
scaffold_75	154281	36589	37087	+	CP052044.1	4259108	1523327	1523825	286	498	0
scaffold_85	135051	3095	3581	+	CP052044.1	4259108	1523339	1523825	288	486	0
scaffold_51	297976	258696	259078	+	CP052044.1	4259108	1523373	1523755	168	382	0
scaffold_272	24052	21354	21654	+	CP052044.1	4259108	1523412	1523712	198	300	0
scaffold_304	20323	7355	7681	+	CP052044.1	4259108	1523499	1523825	177	326	0
scaffold_112	88048	25785	25968	-	CP052044.1	4259108	1523529	1523712	71	183	0
scaffold_356	15572	11895	11946	-	CP052044.1	4259108	1523787	1523838	51	51	0
scaffold_96	109087	16543	17033	+	CP052044.1	4259108	1532006	1532495	109	490	0
scaffold_85	135051	16917	17541	-	CP052044.1	4259108	1533886	1534590	120	736	0
scaffold_243	28230	23722	24062	-	CP052044.1	4259108	1534160	1534598	76	440	0
scaffold_91	120630	34210	34572	+	CP052044.1	4259108	1535484	1535843	76	362	0
scaffold_173	47066	457	1794	+	CP052044.1	4259108	1535484	1536818	777	1337	0
scaffold_323	18080	203	1492	+	CP052044.1	4259108	1535532	1536818	743	1289	0
scaffold_153	61587	27069	27251	+	CP052044.1	4259108	1536537	1536719	101	182	0
scaffold_1198	728	42	322	-	CP052044.1	4259108	1545428	1545708	57	280	0
scaffold_91	120630	36006	37958	+	CP052044.1	4259108	1545448	1547400	249	1955	0
scaffold_1603	525	25	515	+	CP052044.1	4259108	1546297	1546787	212	490	0
scaffold_115	86240	21256	21398	+	CP052044.1	4259108	1547418	1547561	57	143	0
scaffold_854	1662	193	335	+	CP052044.1	4259108	1547418	1547561	97	143	0
scaffold_148	65701	44049	44190	-	CP052044.1	4259108	1547418	1547561	57	143	0
scaffold_194	39750	31892	32014	+	CP052044.1	4259108	1547418	1547542	102	124	0
scaffold_115	86240	35229	35372	+	CP052044.1	4259108	1547418	1547561	76	143	0
scaffold_88	125722	73918	74062	+	CP052044.1	4259108	1547418	1547561	57	144	0
scaffold_1411	599	487	534	-	CP052044.1	4259108	1547514	1547561	47	47	0
scaffold_172	48882	2546	2937	+	CP052044.1	4259108	1552188	1552579	82	391	0
scaffold_42	372282	369066	369344	-	CP052044.1	4259108	1552188	1552466	43	278	0
scaffold_153	61587	24082	26276	-	CP052044.1	4259108	1555572	1557775	379	2210	0
scaffold_83	140534	111776	112705	+	CP052044.1	4259108	1555598	1556521	265	931	0
scaffold_75	154281	134462	136564	-	CP052044.1	4259108	1555621	1557719	442	2103	0
scaffold_93	118238	109431	110358	-	CP052044.1	4259108	1565141	1566070	113	936	0
scaffold_154	60446	51103	53249	+	CP052044.1	4259108	1565484	1567644	505	2161	0
scaffold_67	184376	23140	23392	+	CP052044.1	4259108	1590875	1591127	133	252	0
scaffold_133	76283	50141	50393	+	CP052044.1	4259108	1590875	1591127	157	252	0
scaffold_153	61587	40362	40406	-	CP052044.1	4259108	1590892	1590936	44	44	0
scaffold_128	78074	40427	42378	+	CP052044.1	4259108	1632052	1634004	617	1953	0
scaffold_153	61587	24397	25846	+	CP052044.1	4259108	1632375	1633825	152	1450	0
scaffold_144	69844	49440	50312	+	CP052044.1	4259108	1633127	1634004	137	877	0
scaffold_83	140534	112176	112773	-	CP052044.1	4259108	1633247	1633846	114	599	0
scaffold_1650	515	54	507	+	CP052044.1	4259108	1639486	1639939	52	453	0
scaffold_144	69844	29986	31263	+	CP052044.1	4259108	1649493	1650776	332	1284	0
scaffold_112	88048	81728	83132	+	CP052044.1	4259108	1649508	1650776	459	1407	0
scaffold_1117	806	102	144	+	CP052044.1	4259108	1651766	1651808	42	42	0
scaffold_13	1103368	10031	10157	+	CP052044.1	4259108	1651766	1651892	87	126	0
scaffold_107	93315	59556	59682	+	CP052044.1	4259108	1651766	1651892	72	126	0
scaffold_169	51120	16857	17001	+	CP052044.1	4259108	1651766	1651910	105	144	0
scaffold_99	104861	68879	69023	+	CP052044.1	4259108	1651766	1651910	76	144	0
scaffold_1454	575	470	527	+	CP052044.1	4259108	1651766	1651823	57	57	0
scaffold_63	225848	112738	112859	-	CP052044.1	4259108	1651789	1651910	82	121	0
scaffold_128	78074	8524	8645	-	CP052044.1	4259108	1651789	1651910	53	121	0
scaffold_210	35262	33163	33266	+	CP052044.1	4259108	1651789	1651892	64	103	0
scaffold_101	101313	79114	79220	+	CP052044.1	4259108	1651804	1651910	67	106	0
scaffold_50	298037	129904	132122	+	CP052044.1	4259108	1657568	1659786	1044	2218	0
scaffold_112	88048	51532	53636	-	CP052044.1	4259108	1657653	1659757	773	2107	0
scaffold_101	101313	44044	45667	-	CP052044.1	4259108	1658026	1659646	725	1623	0
scaffold_32	471417	57	707	+	CP052044.1	4259108	1659107	1659757	147	650	0
scaffold_45	358384	358291	358362	-	CP052044.1	4259108	1659686	1659757	71	71	0
scaffold_90	123581	123489	123560	-	CP052044.1	4259108	1659686	1659757	71	71	0
scaffold_258	25314	15286	16667	+	CP052044.1	4259108	1660166	1661548	350	1382	0
scaffold_181	44073	22990	23039	-	CP052044.1	4259108	1660517	1660566	49	49	0
scaffold_110	91422	72387	72567	-	CP052044.1	4259108	1665437	1665617	134	180	0
scaffold_115	86240	12870	14188	-	CP052044.1	4259108	1677228	1678546	870	1318	0
scaffold_99	104861	19125	20537	-	CP052044.1	4259108	1677228	1678641	817	1413	0
scaffold_68	182924	71608	72844	+	CP052044.1	4259108	1677248	1678484	369	1236	0
scaffold_143	70430	3352	4650	-	CP052044.1	4259108	1677248	1678546	878	1298	0
scaffold_258	25314	32	1037	-	CP052044.1	4259108	1678877	1679882	795	1005	0
scaffold_1008	950	18	900	-	CP052044.1	4259108	1679837	1680719	660	882	0
scaffold_1558	534	52	407	+	CP052044.1	4259108	1680019	1680374	115	355	0
scaffold_292	21110	6	1468	+	CP052044.1	4259108	1680616	1682078	973	1462	0
scaffold_1598	525	17	490	+	CP052044.1	4259108	1681149	1681622	430	473	0
scaffold_154	60446	58668	59224	+	CP052044.1	4259108	1681995	1682551	57	556	0
scaffold_1302	655	19	600	+	CP052044.1	4259108	1682680	1683261	391	581	0
scaffold_80	143857	75884	77641	-	CP052044.1	4259108	1682855	1684657	598	1802	0
scaffold_75	154281	16922	17509	-	CP052044.1	4259108	1684057	1684634	57	587	0
scaffold_357	15566	55	102	+	CP052044.1	4259108	1684802	1684850	41	48	0
scaffold_219	33473	33343	33417	-	CP052044.1	4259108	1684802	1684877	60	75	0
scaffold_68	182924	144190	144414	-	CP052044.1	4259108	1685351	1685566	76	224	0
scaffold_287	21903	14319	16102	+	CP052044.1	4259108	1688119	1689900	355	1783	0
scaffold_126	79365	29730	29909	+	CP052044.1	4259108	1689966	1690146	54	180	0
scaffold_1565	532	48	126	+	CP052044.1	4259108	1690497	1690574	68	78	0
scaffold_110	91422	71390	71474	-	CP052044.1	4259108	1698442	1698526	69	84	0
scaffold_85	135051	3095	3581	-	CP052044.1	4259108	1699845	1700327	137	486	0
scaffold_107	93315	92346	92549	-	CP052044.1	4259108	1699942	1700149	125	207	0
scaffold_68	182924	84341	87151	-	CP052044.1	4259108	1701509	1704318	2337	2810	0
scaffold_1347	631	67	537	+	CP052044.1	4259108	1707183	1707650	104	470	0
scaffold_245	27720	9	1510	-	CP052044.1	4259108	1709422	1710923	1349	1501	0
scaffold_93	118238	64683	66152	+	CP052044.1	4259108	1709422	1710891	497	1469	0
scaffold_282	22153	5610	8906	+	CP052044.1	4259108	1709422	1712686	1252	3296	0
scaffold_842	1747	1465	1731	+	CP052044.1	4259108	1709462	1709728	211	266	0
scaffold_1361	623	5	622	-	CP052044.1	4259108	1709715	1710335	447	620	0
scaffold_962	1106	3	1100	+	CP052044.1	4259108	1710808	1711905	858	1097	0
scaffold_667	3720	42	722	+	CP052044.1	4259108	1711826	1712507	603	681	0
scaffold_258	25314	1055	1243	+	CP052044.1	4259108	1712498	1712686	132	188	0
scaffold_144	69844	36356	36481	-	CP052044.1	4259108	1712557	1712673	69	125	0
scaffold_262	24986	6830	7583	+	CP052044.1	4259108	1712747	1713500	57	753	0
scaffold_107	93315	4454	11952	+	CP052044.1	4259108	1721960	1729908	2622	8205	0
scaffold_50	298037	68876	70609	+	CP052044.1	4259108	1724594	1726549	340	1966	0
scaffold_80	143857	35335	36106	-	CP052044.1	4259108	1727862	1728606	116	771	0
scaffold_243	28230	13828	15666	+	CP052044.1	4259108	1731175	1733013	1031	1838	0
scaffold_1	2692756	107258	108613	+	CP052044.1	4259108	1731563	1732918	163	1355	0
scaffold_429	11191	279	570	-	CP052044.1	4259108	1731563	1731854	70	291	0
scaffold_13	1103368	393976	394488	-	CP052044.1	4259108	1731574	1732086	79	512	0
scaffold_42	372282	368284	368857	+	CP052044.1	4259108	1731626	1732199	44	573	0
scaffold_83	140534	113533	114104	+	CP052044.1	4259108	1731833	1732404	97	571	0
scaffold_128	78074	50860	51741	+	CP052044.1	4259108	1732074	1732955	123	881	0
scaffold_107	93315	36634	36886	-	CP052044.1	4259108	1745278	1745530	145	252	0
scaffold_67	184376	23140	23392	-	CP052044.1	4259108	1745278	1745530	132	252	0
scaffold_133	76283	50141	50393	-	CP052044.1	4259108	1745278	1745530	162	252	0
scaffold_169	51120	45279	45516	+	CP052044.1	4259108	1745293	1745530	159	237	0
scaffold_1347	631	579	619	+	CP052044.1	4259108	1753868	1753908	40	40	0
scaffold_358	15501	15411	15485	+	CP052044.1	4259108	1758616	1758690	49	74	0
scaffold_358	15501	15411	15485	-	CP052044.1	4259108	1758758	1758832	49	74	0
scaffold_401	12799	2707	2838	+	CP052044.1	4259108	1758890	1759021	101	131	0
scaffold_842	1747	578	650	-	CP052044.1	4259108	1758890	1758962	72	72	0
scaffold_753	2541	85	216	+	CP052044.1	4259108	1758890	1759021	108	131	0
scaffold_96	109087	68769	68908	+	CP052044.1	4259108	1762359	1762522	97	163	0
scaffold_110	91422	58864	59501	-	CP052044.1	4259108	1762371	1763005	431	639	0
scaffold_210	35262	7123	7346	+	CP052044.1	4259108	1762392	1762616	68	224	0
scaffold_99	104861	75041	84177	-	CP052044.1	4259108	1766893	1776031	5790	9340	0
scaffold_96	109087	25505	28842	-	CP052044.1	4259108	1767169	1770639	1832	3477	0
scaffold_107	93315	66559	70328	+	CP052044.1	4259108	1771149	1775048	750	4094	0
scaffold_429	11191	3991	4060	+	CP052044.1	4259108	1772962	1773031	69	69	0
scaffold_93	118238	106780	106919	+	CP052044.1	4259108	1772977	1773137	63	160	0
scaffold_86	130972	11	123	-	CP052044.1	4259108	1773288	1773400	72	112	0
scaffold_1426	591	400	584	+	CP052044.1	4259108	1773288	1773473	99	185	0
scaffold_2	2503568	29	125	+	CP052044.1	4259108	1773381	1773478	51	97	0
scaffold_358	15501	15378	15474	-	CP052044.1	4259108	1773381	1773478	51	97	0
scaffold_126	79365	29854	29909	-	CP052044.1	4259108	1776120	1776175	55	55	0
scaffold_70	181850	30507	37993	+	CP052044.1	4259108	1776296	1783918	152	7632	0
scaffold_102	100464	74917	75084	+	CP052044.1	4259108	1776483	1776650	153	167	0
scaffold_48	348853	333543	341163	+	CP052044.1	4259108	1776483	1784290	375	7808	0
scaffold_21	738175	55591	55757	+	CP052044.1	4259108	1776485	1776650	138	166	0
scaffold_70	181850	173079	180728	-	CP052044.1	4259108	1776512	1784290	401	7779	0
scaffold_32	471417	2675	10327	-	CP052044.1	4259108	1776524	1784261	184	7771	0
scaffold_129	76929	56613	57397	-	CP052044.1	4259108	1776660	1777444	97	784	0
scaffold_343	16140	2921	3061	+	CP052044.1	4259108	1784123	1784261	85	140	0
scaffold_21	738175	55591	55757	+	CP052044.1	4259108	1784125	1784290	138	166	0
scaffold_212	35064	7180	7318	+	CP052044.1	4259108	1784152	1784290	93	138	0
scaffold_143	70430	17025	17124	+	CP052044.1	4259108	1784164	1784261	52	99	0
scaffold_287	21903	33	207	+	CP052044.1	4259108	1784336	1784510	146	174	0
scaffold_1585	528	10	95	+	CP052044.1	4259108	1784425	1784510	85	85	0
scaffold_78	148918	148823	148908	-	CP052044.1	4259108	1784425	1784510	85	85	0
scaffold_148	65701	44043	44134	-	CP052044.1	4259108	1784552	1784645	44	93	0
scaffold_6	1692318	1507180	1508936	+	CP052044.1	4259108	1788193	1789949	1372	1757	0
scaffold_12	1155968	712920	714767	+	CP052044.1	4259108	1788193	1790040	244	1847	0
scaffold_13	1103368	393294	394631	+	CP052044.1	4259108	1788442	1789779	278	1337	0
scaffold_365	15120	14074	14609	-	CP052044.1	4259108	1788552	1789087	133	535	0
scaffold_110	91422	64887	65725	+	CP052044.1	4259108	1788552	1789390	219	838	0
scaffold_96	109087	96464	97802	-	CP052044.1	4259108	1788552	1789890	288	1338	0
scaffold_45	358384	235048	236382	+	CP052044.1	4259108	1788634	1789968	233	1334	0
scaffold_273	23718	11036	11480	+	CP052044.1	4259108	1788696	1789141	42	445	0
scaffold_8	1419871	1164394	1164524	+	CP052044.1	4259108	1788955	1789085	62	130	0
scaffold_133	76283	9788	10208	-	CP052044.1	4259108	1788957	1789377	57	420	0
scaffold_57	260754	104392	104903	-	CP052044.1	4259108	1788966	1789477	40	511	0
scaffold_10	1239786	1219187	1219794	-	CP052044.1	4259108	1789159	1789766	161	607	0
scaffold_1285	665	355	586	+	CP052044.1	4259108	1789159	1789390	103	231	0
scaffold_429	11191	185	612	+	CP052044.1	4259108	1789262	1789689	73	427	0
scaffold_1652	514	2	424	+	CP052044.1	4259108	1789344	1789766	74	422	0
scaffold_68	182924	83640	83871	+	CP052044.1	4259108	1789724	1789955	84	231	0
scaffold_154	60446	29139	29184	-	CP052044.1	4259108	1789738	1789783	42	45	0
scaffold_323	18080	14133	17742	+	CP052044.1	4259108	1790206	1793815	2599	3609	0
scaffold_133	76283	40121	40338	+	CP052044.1	4259108	1790206	1790423	143	217	0
scaffold_133	76283	54482	54702	+	CP052044.1	4259108	1790214	1790434	140	220	0
scaffold_68	182924	123580	127107	+	CP052044.1	4259108	1790232	1793759	1149	3527	0
scaffold_148	65701	22930	23000	-	CP052044.1	4259108	1809405	1809475	57	70	0
scaffold_249	26889	15521	19506	-	CP052044.1	4259108	1821921	1825907	1519	3987	0
scaffold_59	256653	23642	25880	-	CP052044.1	4259108	1821921	1824160	199	2239	0
scaffold_101	101313	90714	90769	+	CP052044.1	4259108	1821921	1821976	55	55	0
scaffold_96	109087	92276	96255	-	CP052044.1	4259108	1821921	1825907	1589	3987	0
scaffold_28	539988	330479	330659	-	CP052044.1	4259108	1821921	1822101	57	180	0
scaffold_115	86240	16721	17758	-	CP052044.1	4259108	1821921	1822959	448	1038	0
scaffold_372	14523	7371	11111	+	CP052044.1	4259108	1822082	1825823	675	3742	0
scaffold_1128	788	582	728	-	CP052044.1	4259108	1823001	1823147	91	146	0
scaffold_1198	728	58	609	+	CP052044.1	4259108	1823648	1824199	156	551	0
scaffold_174	47065	46885	47054	-	CP052044.1	4259108	1824626	1824795	57	169	0
scaffold_101	101313	40922	41013	-	CP052044.1	4259108	1824857	1824948	56	91	0
scaffold_1231	699	13	696	-	CP052044.1	4259108	1827029	1827686	555	683	0
scaffold_154	60446	58444	58995	+	CP052044.1	4259108	1828702	1829253	57	551	0
scaffold_358	15501	15383	15430	+	CP052044.1	4259108	1834903	1834950	47	47	0
scaffold_296	20863	19842	20156	-	CP052044.1	4259108	1835226	1835550	130	324	0
scaffold_101	101313	54434	54621	+	CP052044.1	4259108	1835818	1836007	97	189	0
scaffold_143	70430	12150	12288	+	CP052044.1	4259108	1836195	1836333	75	138	0
scaffold_88	125722	8884	9007	-	CP052044.1	4259108	1836210	1836333	60	123	0
scaffold_156	59460	25428	26843	+	CP052044.1	4259108	1837341	1838755	228	1415	0
scaffold_83	140534	106273	107220	+	CP052044.1	4259108	1838029	1838973	223	947	0
scaffold_262	24986	6956	7125	+	CP052044.1	4259108	1840129	1840298	40	169	0
scaffold_358	15501	15383	15474	+	CP052044.1	4259108	1841085	1841176	66	91	0
scaffold_1426	591	419	584	-	CP052044.1	4259108	1841085	1841252	100	167	0
scaffold_2	2503568	29	120	-	CP052044.1	4259108	1841085	1841176	66	91	0
scaffold_93	118238	114925	115129	+	CP052044.1	4259108	1841125	1841319	59	204	0
scaffold_86	130972	11	104	+	CP052044.1	4259108	1841157	1841252	53	95	0
scaffold_148	65701	24838	24894	+	CP052044.1	4259108	1841561	1841617	40	56	0
scaffold_153	61587	33474	34031	+	CP052044.1	4259108	1842927	1843569	119	646	0
scaffold_33	455355	438650	438980	+	CP052044.1	4259108	1843415	1843748	95	333	0
scaffold_110	91422	8097	8460	+	CP052044.1	4259108	1843415	1843777	137	363	0
scaffold_321	18170	2559	2825	-	CP052044.1	4259108	1843457	1843727	95	270	0
scaffold_75	154281	35157	35383	-	CP052044.1	4259108	1843520	1843748	78	228	0
scaffold_106	94230	15690	15759	-	CP052044.1	4259108	1843708	1843777	42	69	0
scaffold_1	2692756	211038	212811	+	CP052044.1	4259108	1843996	1845769	1033	1773	0
scaffold_13	1103368	393763	394309	-	CP052044.1	4259108	1844543	1845089	76	546	0
scaffold_61	235649	104380	105396	+	CP052044.1	4259108	1844543	1845559	137	1016	0
scaffold_863	1570	906	1400	+	CP052044.1	4259108	1844857	1845351	57	494	0
scaffold_144	69844	8797	10588	-	CP052044.1	4259108	1845878	1847669	913	1791	0
scaffold_50	298037	70613	72414	+	CP052044.1	4259108	1845878	1847696	1077	1818	0
scaffold_143	70430	61550	63373	+	CP052044.1	4259108	1845878	1847719	1048	1841	0
scaffold_287	21903	14319	16102	-	CP052044.1	4259108	1845914	1847696	357	1783	0
scaffold_83	140534	131427	133209	+	CP052044.1	4259108	1845914	1847696	745	1782	0
scaffold_401	12799	2678	2838	-	CP052044.1	4259108	1860506	1860666	114	160	0
scaffold_153	61587	32772	32932	-	CP052044.1	4259108	1860506	1860666	104	160	0
scaffold_842	1747	578	679	+	CP052044.1	4259108	1860565	1860666	72	101	0
scaffold_153	61587	32772	32932	-	CP052044.1	4259108	1865800	1865960	104	160	0
scaffold_401	12799	2678	2838	-	CP052044.1	4259108	1865800	1865960	114	160	0
scaffold_842	1747	578	689	+	CP052044.1	4259108	1865859	1865970	82	111	0
scaffold_86	130972	56	123	+	CP052044.1	4259108	1888567	1888634	67	67	0
scaffold_401	12799	12621	12745	-	CP052044.1	4259108	1888567	1888691	124	124	0
scaffold_93	118238	63785	63852	-	CP052044.1	4259108	1888567	1888634	52	67	0
scaffold_1565	532	33	97	+	CP052044.1	4259108	1888581	1888645	49	64	0
scaffold_753	2541	4	114	+	CP052044.1	4259108	1888581	1888691	110	110	0
scaffold_372	14523	5935	7022	-	CP052044.1	4259108	1888761	1889848	595	1087	0
scaffold_174	47065	46885	47054	+	CP052044.1	4259108	1888933	1889102	57	169	0
scaffold_91	120630	35957	37799	+	CP052044.1	4259108	1889787	1891634	208	1847	0
scaffold_110	91422	57558	59297	+	CP052044.1	4259108	1889896	1891634	855	1741	0
scaffold_1128	788	561	728	+	CP052044.1	4259108	1890559	1890726	113	167	0
scaffold_983	1038	284	1015	-	CP052044.1	4259108	1890682	1891412	205	731	0
scaffold_115	86240	16721	17694	+	CP052044.1	4259108	1890768	1891745	414	978	0
scaffold_296	20863	356	499	-	CP052044.1	4259108	1891876	1892020	106	144	0
scaffold_48	348853	62336	62619	-	CP052044.1	4259108	1899048	1899357	151	330	0
scaffold_83	140534	112197	112765	+	CP052044.1	4259108	1899743	1900296	101	569	0
scaffold_144	69844	49565	50032	-	CP052044.1	4259108	1899844	1900296	68	467	0
scaffold_296	20863	560	2397	-	CP052044.1	4259108	1901079	1902917	994	1840	0
scaffold_173	47066	44095	44179	+	CP052044.1	4259108	1904636	1904747	47	111	0
scaffold_181	44073	25505	25798	-	CP052044.1	4259108	1914407	1914696	76	293	0
scaffold_80	143857	66226	66355	-	CP052044.1	4259108	1914622	1914750	75	129	0
scaffold_86	130972	43	123	-	CP052044.1	4259108	1917557	1917637	51	80	0
scaffold_842	1747	578	689	-	CP052044.1	4259108	1917643	1917754	53	111	0
scaffold_401	12799	2678	2838	+	CP052044.1	4259108	1917653	1917813	102	160	0
scaffold_153	61587	32772	32932	+	CP052044.1	4259108	1917653	1917813	83	160	0
scaffold_308	19755	4496	4763	-	CP052044.1	4259108	1919981	1920295	118	315	0
scaffold_99	104861	64947	65356	+	CP052044.1	4259108	1919981	1920432	151	452	0
scaffold_75	154281	36568	37087	-	CP052044.1	4259108	1919981	1920499	325	519	0
scaffold_51	297976	270083	270233	-	CP052044.1	4259108	1919981	1920131	131	150	0
scaffold_304	20323	7330	7681	-	CP052044.1	4259108	1919981	1920331	221	351	0
scaffold_75	154281	26921	27219	-	CP052044.1	4259108	1920019	1920358	152	341	0
scaffold_107	93315	92496	92596	-	CP052044.1	4259108	1920031	1920131	72	100	0
scaffold_169	51120	37018	37601	+	CP052044.1	4259108	1920051	1920633	312	583	0
scaffold_112	88048	25785	25968	+	CP052044.1	4259108	1920094	1920276	76	183	0
scaffold_101	101313	101139	101208	+	CP052044.1	4259108	1933109	1933178	55	69	0
scaffold_1099	827	240	823	+	CP052044.1	4259108	1933109	1933740	178	631	0
scaffold_111	88385	87894	88321	+	CP052044.1	4259108	1933109	1933553	88	444	0
scaffold_129	76929	76422	76907	+	CP052044.1	4259108	1933109	1933621	131	512	0
scaffold_115	86240	26	473	-	CP052044.1	4259108	1933126	1933553	92	447	0
scaffold_143	70430	63677	63941	+	CP052044.1	4259108	1939951	1940215	78	264	0
scaffold_45	358384	306505	307703	+	CP052044.1	4259108	1939962	1941160	169	1198	0
scaffold_365	15120	13923	14810	-	CP052044.1	4259108	1939962	1940849	144	887	0
scaffold_60	240913	106246	107663	+	CP052044.1	4259108	1939962	1941379	155	1417	0
scaffold_12	1155968	713107	714493	+	CP052044.1	4259108	1939991	1941377	262	1386	0
scaffold_48	348853	227761	228747	+	CP052044.1	4259108	1940009	1940995	168	986	0
scaffold_367	15003	9281	10793	+	CP052044.1	4259108	1940103	1941615	192	1512	0
scaffold_110	91422	64846	65725	+	CP052044.1	4259108	1940122	1941001	136	879	0
scaffold_96	109087	15884	16827	-	CP052044.1	4259108	1940143	1941086	111	943	0
scaffold_110	91422	89419	90452	-	CP052044.1	4259108	1940163	1941195	195	1033	0
scaffold_85	135051	35202	36068	+	CP052044.1	4259108	1943733	1944599	153	866	0
scaffold_16	897138	27533	27689	-	CP052044.1	4259108	1946303	1946459	60	156	0
scaffold_273	23718	23351	23686	+	CP052044.1	4259108	1946640	1946975	205	335	0
scaffold_68	182924	70749	71042	-	CP052044.1	4259108	1946661	1946954	159	293	0
scaffold_287	21903	33	207	+	CP052044.1	4259108	1946801	1946975	146	174	0
scaffold_78	148918	148823	148908	-	CP052044.1	4259108	1946890	1946975	85	85	0
scaffold_1585	528	10	95	+	CP052044.1	4259108	1946890	1946975	85	85	0
scaffold_96	109087	78269	78502	+	CP052044.1	4259108	1947168	1947429	71	261	0
scaffold_48	348853	333543	341163	+	CP052044.1	4259108	1947355	1955162	375	7807	0
scaffold_343	16140	2921	3061	+	CP052044.1	4259108	1947355	1947493	85	140	0
scaffold_21	738175	55591	55757	+	CP052044.1	4259108	1947357	1947522	138	166	0
scaffold_70	181850	173079	180728	-	CP052044.1	4259108	1947384	1955162	401	7778	0
scaffold_212	35064	7180	7318	+	CP052044.1	4259108	1947384	1947522	93	138	0
scaffold_32	471417	2675	10327	-	CP052044.1	4259108	1947396	1955133	165	7769	0
scaffold_129	76929	56613	57397	-	CP052044.1	4259108	1947532	1948316	97	784	0
scaffold_75	154281	102275	102612	+	CP052044.1	4259108	1954808	1955133	76	337	0
scaffold_343	16140	2921	3061	+	CP052044.1	4259108	1954995	1955133	85	140	0
scaffold_102	100464	74917	75084	+	CP052044.1	4259108	1954995	1955162	153	167	0
scaffold_21	738175	55591	55757	+	CP052044.1	4259108	1954997	1955162	138	166	0
scaffold_13	1103368	24415	25037	+	CP052044.1	4259108	1955180	1955801	202	625	0
scaffold_1656	513	196	354	+	CP052044.1	4259108	1963597	1963750	57	158	0
scaffold_63	225848	201377	201501	-	CP052044.1	4259108	1964386	1964512	80	126	0
scaffold_387	13657	10893	11017	+	CP052044.1	4259108	1964386	1964512	80	126	0
scaffold_115	86240	35248	35372	-	CP052044.1	4259108	1964386	1964512	54	126	0
scaffold_1643	517	10	274	+	CP052044.1	4259108	1967187	1967444	75	264	0
scaffold_1387	609	294	410	+	CP052044.1	4259108	1967801	1967916	56	116	0
scaffold_99	104861	93199	93302	-	CP052044.1	4259108	1972506	1972609	76	103	0
scaffold_210	35262	33163	33266	-	CP052044.1	4259108	1972506	1972609	76	103	0
scaffold_218	33655	23948	24037	+	CP052044.1	4259108	1972506	1972594	61	89	0
scaffold_59	256653	15886	16012	-	CP052044.1	4259108	1972506	1972632	99	126	0
scaffold_13	1103368	10031	10157	-	CP052044.1	4259108	1972506	1972632	86	126	0
scaffold_175	46490	3837	3965	+	CP052044.1	4259108	1972506	1972632	86	128	0
scaffold_150	63801	53531	53634	+	CP052044.1	4259108	1972506	1972609	70	103	0
scaffold_128	78074	8588	8645	+	CP052044.1	4259108	1972552	1972609	57	57	0
scaffold_187	42170	1353	1420	-	CP052044.1	4259108	1972565	1972632	49	67	0
scaffold_1117	806	102	169	-	CP052044.1	4259108	1972565	1972632	61	67	0
scaffold_1454	575	470	537	-	CP052044.1	4259108	1972565	1972632	67	67	0
scaffold_401	12799	4573	4686	+	CP052044.1	4259108	1973469	1973581	88	113	0
scaffold_30	507731	16516	16929	+	CP052044.1	4259108	1978067	1978480	139	413	0
scaffold_154	60446	31449	32221	-	CP052044.1	4259108	1978130	1978895	114	772	0
scaffold_874	1526	1412	1463	+	CP052044.1	4259108	1986278	1986329	45	51	0
scaffold_51	297976	188606	188748	-	CP052044.1	4259108	1987012	1987156	47	144	0
scaffold_90	123581	123468	123538	+	CP052044.1	4259108	1987301	1987371	45	70	0
scaffold_32	471417	57	728	-	CP052044.1	4259108	1987301	1987975	130	674	0
scaffold_128	78074	67409	70280	-	CP052044.1	4259108	1991853	1994901	1584	3088	0
scaffold_93	118238	106780	106911	-	CP052044.1	4259108	1992479	1992632	74	153	0
scaffold_1650	515	61	507	-	CP052044.1	4259108	2012829	2013275	51	446	0
scaffold_88	125722	76691	76823	+	CP052044.1	4259108	2013519	2013652	57	133	0
scaffold_85	135051	74176	74790	+	CP052044.1	4259108	2014085	2014710	57	625	0
scaffold_101	101313	3018	8983	-	CP052044.1	4259108	2017738	2023719	1339	5995	0
scaffold_218	33655	22749	23250	+	CP052044.1	4259108	2017911	2018407	76	501	0
scaffold_218	33655	31117	33637	-	CP052044.1	4259108	2019852	2022372	1204	2520	0
scaffold_328	17820	9	239	+	CP052044.1	4259108	2023489	2023719	64	230	0
scaffold_51	297976	138723	143485	-	CP052044.1	4259108	2026554	2031819	1179	5327	0
scaffold_80	143857	35154	36106	-	CP052044.1	4259108	2030349	2031295	116	952	0
scaffold_51	297976	136934	137272	-	CP052044.1	4259108	2031886	2032207	129	338	0
scaffold_1361	623	40	604	+	CP052044.1	4259108	2036056	2036623	367	567	0
scaffold_842	1747	1451	1717	-	CP052044.1	4259108	2036642	2036908	202	266	0
scaffold_28	539988	17793	17998	-	CP052044.1	4259108	2037549	2037754	106	205	0
scaffold_175	46490	6494	6641	-	CP052044.1	4259108	2038924	2039071	79	147	0
scaffold_63	225848	201358	201507	-	CP052044.1	4259108	2038924	2039071	101	149	0
scaffold_249	26889	989	1121	-	CP052044.1	4259108	2038924	2039052	82	132	0
scaffold_387	13657	10887	11036	+	CP052044.1	4259108	2038924	2039071	101	149	0
scaffold_80	143857	61319	61401	-	CP052044.1	4259108	2038989	2039071	76	82	0
scaffold_80	143857	77649	77731	-	CP052044.1	4259108	2038989	2039071	60	82	0
scaffold_194	39750	39479	39557	+	CP052044.1	4259108	2038992	2039071	63	79	0
scaffold_258	25314	22896	22975	-	CP052044.1	4259108	2038992	2039071	57	79	0
scaffold_148	65701	38290	38369	-	CP052044.1	4259108	2038992	2039071	63	79	0
scaffold_115	86240	35229	35289	-	CP052044.1	4259108	2039011	2039071	60	60	0
scaffold_258	25314	32	1037	-	CP052044.1	4259108	2039124	2040129	776	1005	0
scaffold_1008	950	18	900	-	CP052044.1	4259108	2040084	2040966	662	882	0
scaffold_1558	534	52	407	+	CP052044.1	4259108	2040266	2040621	134	355	0
scaffold_292	21110	6	1468	+	CP052044.1	4259108	2040863	2042325	966	1462	0
scaffold_83	140534	122772	126675	-	CP052044.1	4259108	2041118	2045026	1268	3909	0
scaffold_1598	525	17	462	+	CP052044.1	4259108	2041396	2041841	411	445	0
scaffold_154	60446	58668	59224	+	CP052044.1	4259108	2042242	2042798	57	556	0
scaffold_1302	655	19	600	+	CP052044.1	4259108	2042927	2043508	391	581	0
scaffold_99	104861	26088	27807	-	CP052044.1	4259108	2042927	2044646	965	1719	0
scaffold_80	143857	76638	77641	-	CP052044.1	4259108	2043102	2044105	579	1003	0
scaffold_112	88048	33323	33468	+	CP052044.1	4259108	2044397	2044542	78	145	0
scaffold_272	24052	13977	14122	-	CP052044.1	4259108	2044397	2044542	132	145	0
scaffold_219	33473	33356	33421	-	CP052044.1	4259108	2045058	2045123	65	65	0
scaffold_1387	609	294	410	+	CP052044.1	4259108	2045398	2045510	74	116	0
scaffold_1117	806	125	221	+	CP052044.1	4259108	2045398	2045492	56	96	0
scaffold_1	2692756	77676	77769	+	CP052044.1	4259108	2045416	2045510	56	94	0
scaffold_154	60446	14364	14460	-	CP052044.1	4259108	2045416	2045510	56	96	0
scaffold_143	70430	28835	30747	+	CP052044.1	4259108	2063618	2065529	1138	1912	0
scaffold_85	135051	21375	21518	+	CP052044.1	4259108	2085722	2085866	54	144	0
scaffold_429	11191	4023	4118	+	CP052044.1	4259108	2086750	2086848	41	98	0
scaffold_210	35262	7123	7675	-	CP052044.1	4259108	2087007	2087552	103	553	0
scaffold_28	539988	330479	330667	+	CP052044.1	4259108	2087365	2087552	46	188	0
scaffold_51	297976	286445	289398	-	CP052044.1	4259108	2096004	2098958	982	2954	0
scaffold_356	15572	3122	6860	-	CP052044.1	4259108	2102332	2106077	2424	3746	0
scaffold_13	1103368	8369	10023	+	CP052044.1	4259108	2102941	2104595	1313	1654	0
scaffold_50	298037	225829	227886	-	CP052044.1	4259108	2107848	2109999	976	2155	0
scaffold_227	31762	10864	11262	-	CP052044.1	4259108	2111067	2111500	67	433	0
scaffold_336	17138	9623	11892	+	CP052044.1	4259108	2111543	2113376	832	2269	0
scaffold_110	91422	31510	33194	+	CP052044.1	4259108	2111672	2113353	207	1684	0
scaffold_83	140534	84835	86233	+	CP052044.1	4259108	2111672	2113072	98	1400	0
scaffold_212	35064	7719	8934	+	CP052044.1	4259108	2111679	2112891	135	1215	0
scaffold_151	63507	14729	16002	+	CP052044.1	4259108	2111799	2113072	138	1273	0
scaffold_57	260754	104139	105200	-	CP052044.1	4259108	2112011	2113072	146	1061	0
scaffold_119	82364	42382	43443	-	CP052044.1	4259108	2112011	2113072	77	1061	0
scaffold_110	91422	30493	31120	-	CP052044.1	4259108	2112753	2113376	524	627	0
scaffold_1652	514	197	413	+	CP052044.1	4259108	2112881	2113097	64	216	0
scaffold_80	143857	111367	111504	+	CP052044.1	4259108	2131257	2131394	65	137	0
scaffold_775	2307	545	1837	-	CP052044.1	4259108	2131933	2133224	198	1292	0
scaffold_181	44073	3733	4733	+	CP052044.1	4259108	2132189	2133188	351	1000	0
scaffold_143	70430	69208	69526	+	CP052044.1	4259108	2132606	2132923	55	318	0
scaffold_47	350567	11	127	-	CP052044.1	4259108	2141124	2141240	61	116	0
scaffold_28	539988	448976	451165	-	CP052044.1	4259108	2141124	2143500	1671	2376	0
scaffold_94	117662	117535	117651	+	CP052044.1	4259108	2141124	2141240	61	116	0
scaffold_5	1863748	1861670	1863651	-	CP052044.1	4259108	2141221	2143386	534	2168	0
scaffold_11	1212133	52297	53803	+	CP052044.1	4259108	2141465	2142971	325	1506	0
scaffold_1643	517	46	256	+	CP052044.1	4259108	2142761	2142971	84	210	0
scaffold_249	26889	3817	4064	+	CP052044.1	4259108	2143201	2143448	58	247	0
scaffold_119	82364	82250	82341	-	CP052044.1	4259108	2143409	2143500	91	91	0
scaffold_31	499125	499009	499100	-	CP052044.1	4259108	2143409	2143500	91	91	0
scaffold_173	47066	7621	7726	+	CP052044.1	4259108	2147584	2147689	64	105	0
scaffold_80	143857	39741	42869	-	CP052044.1	4259108	2153423	2156553	2553	3131	0
scaffold_218	33655	27909	28072	-	CP052044.1	4259108	2156348	2156511	135	163	0
scaffold_218	33655	23948	24037	+	CP052044.1	4259108	2156818	2156906	77	89	0
scaffold_99	104861	84858	84989	+	CP052044.1	4259108	2156818	2156949	85	131	0
scaffold_101	101313	79114	79202	-	CP052044.1	4259108	2156818	2156906	59	88	0
scaffold_107	93315	59551	59682	-	CP052044.1	4259108	2156818	2156949	90	131	0
scaffold_99	104861	93199	93302	-	CP052044.1	4259108	2156818	2156921	76	103	0
scaffold_175	46490	3837	3965	+	CP052044.1	4259108	2156818	2156944	86	128	0
scaffold_169	51120	16857	16983	-	CP052044.1	4259108	2156818	2156944	126	126	0
scaffold_13	1103368	10031	10157	-	CP052044.1	4259108	2156818	2156944	97	126	0
scaffold_128	78074	37003	37129	+	CP052044.1	4259108	2156818	2156944	121	126	0
scaffold_210	35262	33163	33266	-	CP052044.1	4259108	2156818	2156921	103	103	0
scaffold_63	225848	34668	34711	+	CP052044.1	4259108	2156818	2156861	43	43	0
scaffold_150	63801	53531	53634	+	CP052044.1	4259108	2156818	2156921	70	103	0
scaffold_63	225848	112756	112859	+	CP052044.1	4259108	2156818	2156921	103	103	0
scaffold_59	256653	15886	16012	-	CP052044.1	4259108	2156818	2156944	99	126	0
scaffold_128	78074	8588	8645	+	CP052044.1	4259108	2156864	2156921	57	57	0
scaffold_187	42170	1348	1420	-	CP052044.1	4259108	2156877	2156949	54	72	0
scaffold_1117	806	102	169	-	CP052044.1	4259108	2156877	2156944	61	67	0
scaffold_1454	575	470	537	-	CP052044.1	4259108	2156877	2156944	67	67	0
scaffold_61	235649	60478	60583	-	CP052044.1	4259108	2158308	2158416	77	108	0
scaffold_1636	518	211	273	-	CP052044.1	4259108	2158342	2158416	53	74	0
scaffold_93	118238	66185	68333	-	CP052044.1	4259108	2162717	2164881	641	2169	0
scaffold_110	91422	72387	72567	+	CP052044.1	4259108	2168073	2168253	133	180	0
scaffold_110	91422	72387	72567	+	CP052044.1	4259108	2176253	2176433	144	180	0
scaffold_156	59460	54059	54334	-	CP052044.1	4259108	2198625	2198900	41	275	0
scaffold_173	47066	20279	20554	-	CP052044.1	4259108	2198625	2198900	41	275	0
scaffold_99	104861	45766	46038	-	CP052044.1	4259108	2198625	2198897	101	272	0
scaffold_14	908909	65623	65804	-	CP052044.1	4259108	2198699	2198880	82	181	0
scaffold_99	104861	47739	49236	-	CP052044.1	4259108	2203461	2204975	785	1514	0
scaffold_96	109087	15285	17026	+	CP052044.1	4259108	2203461	2205166	135	1741	0
scaffold_143	70430	3271	4384	-	CP052044.1	4259108	2204181	2205294	577	1113	0
scaffold_68	182924	72118	72973	+	CP052044.1	4259108	2204425	2205280	252	855	0
scaffold_148	65701	22861	22938	+	CP052044.1	4259108	2205574	2205651	61	77	0
scaffold_51	297976	131398	133935	+	CP052044.1	4259108	2222213	2224755	586	2542	0
scaffold_80	143857	54612	55503	-	CP052044.1	4259108	2226219	2227149	291	930	0
scaffold_13	1103368	20460	20675	+	CP052044.1	4259108	2226219	2226434	89	215	0
scaffold_133	76283	26325	28469	+	CP052044.1	4259108	2226415	2228576	57	2161	0
scaffold_91	120630	36315	37777	-	CP052044.1	4259108	2226415	2227879	132	1467	0
scaffold_101	101313	40892	41100	-	CP052044.1	4259108	2229277	2229485	159	208	0
scaffold_243	28230	24525	24649	+	CP052044.1	4259108	2233196	2233320	85	124	0
scaffold_356	15572	3122	3333	+	CP052044.1	4259108	2233210	2233421	179	211	0
scaffold_112	88048	33368	33468	-	CP052044.1	4259108	2236049	2236149	44	100	0
scaffold_1097	829	102	391	+	CP052044.1	4259108	2237818	2238107	57	289	0
scaffold_1598	525	17	490	-	CP052044.1	4259108	2238721	2239194	404	473	0
scaffold_83	140534	133930	135753	+	CP052044.1	4259108	2241516	2243339	1323	1823	0
scaffold_1	2692756	8033	9839	-	CP052044.1	4259108	2241516	2243339	777	1823	0
scaffold_143	70430	35692	37857	-	CP052044.1	4259108	2241549	2243339	644	2165	0
scaffold_6	1692318	1551372	1552274	+	CP052044.1	4259108	2241549	2242451	457	902	0
scaffold_210	35262	15630	17469	+	CP052044.1	4259108	2241549	2243356	1576	1841	0
scaffold_3	2381582	755475	757202	+	CP052044.1	4259108	2241612	2243339	897	1727	0
scaffold_32	471417	26849	28231	-	CP052044.1	4259108	2241741	2243123	456	1382	0
scaffold_96	109087	51000	53971	-	CP052044.1	4259108	2251766	2254684	2321	2971	0
scaffold_842	1747	578	679	-	CP052044.1	4259108	2295547	2295648	72	101	0
scaffold_401	12799	2678	2838	+	CP052044.1	4259108	2295547	2295707	114	160	0
scaffold_153	61587	32772	32932	+	CP052044.1	4259108	2295547	2295707	104	160	0
scaffold_153	61587	32772	32932	+	CP052044.1	4259108	2300840	2301000	104	160	0
scaffold_842	1747	578	679	-	CP052044.1	4259108	2300840	2300941	72	101	0
scaffold_401	12799	2678	2838	+	CP052044.1	4259108	2300840	2301000	114	160	0
scaffold_154	60446	29006	29211	+	CP052044.1	4259108	2307627	2307832	49	205	0
scaffold_57	260754	104139	104903	+	CP052044.1	4259108	2307813	2308577	57	764	0
scaffold_40	392173	208432	209826	+	CP052044.1	4259108	2307827	2309221	137	1394	0
scaffold_429	11191	281	559	-	CP052044.1	4259108	2307907	2308185	57	278	0
scaffold_297	20811	18076	19335	-	CP052044.1	4259108	2307950	2309209	112	1259	0
scaffold_1652	514	16	231	-	CP052044.1	4259108	2307970	2308185	59	215	0
scaffold_1496	558	75	377	-	CP052044.1	4259108	2308834	2309136	67	302	0
scaffold_243	28230	22472	22565	-	CP052044.1	4259108	2309435	2309528	67	93	0
scaffold_371	14652	13759	13852	+	CP052044.1	4259108	2309435	2309528	72	93	0
scaffold_243	28230	26122	26215	+	CP052044.1	4259108	2309435	2309528	75	93	0
scaffold_347	15918	9977	10048	+	CP052044.1	4259108	2309457	2309528	45	71	0
scaffold_151	63507	14729	16002	+	CP052044.1	4259108	2312529	2313802	138	1273	0
scaffold_61	235649	36974	38035	+	CP052044.1	4259108	2312741	2313802	395	1061	0
scaffold_119	82364	42382	43443	-	CP052044.1	4259108	2312741	2313802	76	1061	0
scaffold_22	716055	35225	36286	+	CP052044.1	4259108	2312741	2313802	335	1061	0
scaffold_212	35064	8336	8934	+	CP052044.1	4259108	2313023	2313621	145	598	0
scaffold_93	118238	93108	93228	+	CP052044.1	4259108	2321094	2321214	70	120	0
scaffold_169	51120	16857	16983	-	CP052044.1	4259108	2321111	2321237	110	126	0
scaffold_63	225848	112756	112859	+	CP052044.1	4259108	2321111	2321214	87	103	0
scaffold_101	101313	79114	79202	-	CP052044.1	4259108	2321111	2321199	59	88	0
scaffold_210	35262	33163	33266	-	CP052044.1	4259108	2321111	2321214	87	103	0
scaffold_99	104861	93199	93302	-	CP052044.1	4259108	2321111	2321214	76	103	0
scaffold_107	93315	59551	59682	-	CP052044.1	4259108	2321111	2321242	77	131	0
scaffold_13	1103368	10031	10157	-	CP052044.1	4259108	2321111	2321237	97	126	0
scaffold_218	33655	23948	24037	+	CP052044.1	4259108	2321111	2321199	61	89	0
scaffold_150	63801	53531	53634	+	CP052044.1	4259108	2321111	2321214	70	103	0
scaffold_59	256653	15886	16012	-	CP052044.1	4259108	2321111	2321237	99	126	0
scaffold_175	46490	3837	3965	+	CP052044.1	4259108	2321111	2321237	86	128	0
scaffold_51	297976	74183	74303	+	CP052044.1	4259108	2321122	2321242	89	120	0
scaffold_128	78074	8588	8645	+	CP052044.1	4259108	2321157	2321214	57	57	0
scaffold_1454	575	470	537	-	CP052044.1	4259108	2321170	2321237	67	67	0
scaffold_187	42170	1348	1420	-	CP052044.1	4259108	2321170	2321242	54	72	0
scaffold_122	81337	41015	44075	+	CP052044.1	4259108	2322210	2325347	920	3142	0
scaffold_93	118238	82105	82539	-	CP052044.1	4259108	2323554	2323988	155	434	0
scaffold_1272	671	9	90	-	CP052044.1	4259108	2326606	2326687	57	81	0
scaffold_51	297976	161312	163417	-	CP052044.1	4259108	2326905	2329012	1247	2119	0
scaffold_110	91422	4283	4636	-	CP052044.1	4259108	2329096	2329449	115	355	0
scaffold_106	94230	38651	38809	+	CP052044.1	4259108	2329110	2329266	57	158	0
scaffold_51	297976	236268	236469	+	CP052044.1	4259108	2329246	2329449	59	203	0
scaffold_144	69844	26299	26446	-	CP052044.1	4259108	2329640	2329787	72	147	0
scaffold_133	76283	24716	24780	-	CP052044.1	4259108	2329640	2329704	64	64	0
scaffold_101	101313	45932	46048	+	CP052044.1	4259108	2329671	2329787	86	116	0
scaffold_110	91422	72387	72567	+	CP052044.1	4259108	2331385	2331571	114	186	0
scaffold_13	1103368	10031	10175	-	CP052044.1	4259108	2335516	2335660	95	144	0
scaffold_287	21903	4557	4678	+	CP052044.1	4259108	2335516	2335637	57	121	0
scaffold_63	225848	112767	112859	+	CP052044.1	4259108	2335545	2335637	88	92	0
scaffold_107	93315	59556	59671	-	CP052044.1	4259108	2335545	2335660	74	115	0
scaffold_210	35262	33163	33255	-	CP052044.1	4259108	2335545	2335637	88	92	0
scaffold_169	51120	16857	16972	-	CP052044.1	4259108	2335545	2335660	111	115	0
scaffold_218	33655	23979	24037	+	CP052044.1	4259108	2335564	2335622	54	58	0
scaffold_128	78074	8588	8645	+	CP052044.1	4259108	2335580	2335637	53	57	0
scaffold_1454	575	470	527	-	CP052044.1	4259108	2335603	2335660	57	57	0
scaffold_1117	806	102	144	-	CP052044.1	4259108	2335618	2335660	42	42	0
scaffold_112	88048	17877	18416	+	CP052044.1	4259108	2336403	2336943	367	541	0
scaffold_1534	543	1	97	-	CP052044.1	4259108	2336410	2336506	96	96	0
scaffold_68	182924	138764	139779	+	CP052044.1	4259108	2337622	2338637	338	1016	0
scaffold_1712	501	22	486	-	CP052044.1	4259108	2338551	2339014	384	464	0
scaffold_51	297976	161312	163417	+	CP052044.1	4259108	2343153	2345272	1209	2119	0
scaffold_5	1863748	1861670	1863651	-	CP052044.1	4259108	2345519	2347485	441	1981	0
scaffold_11	1212133	52609	53803	+	CP052044.1	4259108	2346063	2347257	311	1194	0
scaffold_1643	517	52	341	+	CP052044.1	4259108	2347053	2347342	78	289	0
scaffold_31	499125	499061	499112	-	CP052044.1	4259108	2347496	2347547	41	51	0
scaffold_172	48882	15428	15537	+	CP052044.1	4259108	2347893	2348002	40	109	0
scaffold_80	143857	45424	45729	+	CP052044.1	4259108	2364468	2364772	237	305	0
scaffold_33	455355	437579	437643	+	CP052044.1	4259108	2364493	2364557	48	64	0
scaffold_401	12799	8888	8952	-	CP052044.1	4259108	2364493	2364557	48	64	0
scaffold_59	256653	16039	16143	-	CP052044.1	4259108	2364503	2364607	57	104	0
scaffold_842	1747	706	826	+	CP052044.1	4259108	2364521	2364641	98	120	0
scaffold_51	297976	268810	269660	+	CP052044.1	4259108	2364775	2365625	596	850	0
scaffold_85	135051	20826	21196	+	CP052044.1	4259108	2365722	2366092	57	370	0
scaffold_333	17323	5264	6701	+	CP052044.1	4259108	2366073	2367510	734	1437	0
scaffold_91	120630	35612	37777	+	CP052044.1	4259108	2366177	2368345	244	2168	0
scaffold_59	256653	23589	24196	+	CP052044.1	4259108	2366250	2366857	231	607	0
scaffold_85	135051	21375	21654	+	CP052044.1	4259108	2366907	2367187	57	280	0
scaffold_91	120630	34153	34406	+	CP052044.1	4259108	2367146	2367399	99	253	0
scaffold_80	143857	55018	55346	+	CP052044.1	4259108	2368016	2368345	162	329	0
scaffold_194	39750	37041	37128	-	CP052044.1	4259108	2368130	2368217	43	87	0
scaffold_323	18080	14133	17742	-	CP052044.1	4259108	2370614	2374221	2589	3609	0
scaffold_68	182924	123580	127107	-	CP052044.1	4259108	2370670	2374195	1133	3527	0
scaffold_133	76283	54482	54702	-	CP052044.1	4259108	2373993	2374213	140	220	0
scaffold_133	76283	40121	40338	-	CP052044.1	4259108	2374004	2374221	143	217	0
scaffold_62	231438	60034	65548	-	CP052044.1	4259108	2374371	2379902	517	5533	0
scaffold_525	7280	4607	7270	+	CP052044.1	4259108	2375798	2378461	713	2664	0
scaffold_1138	777	86	470	-	CP052044.1	4259108	2377779	2378163	196	384	0
scaffold_927	1256	11	1225	+	CP052044.1	4259108	2378602	2379816	581	1214	0
scaffold_333	17323	6840	7761	+	CP052044.1	4259108	2378879	2379801	393	922	0
scaffold_262	24986	20514	21165	+	CP052044.1	4259108	2379251	2379902	215	651	0
scaffold_249	26889	24655	25055	+	CP052044.1	4259108	2379470	2379869	256	400	0
scaffold_148	65701	21	117	+	CP052044.1	4259108	2379795	2379891	81	96	0
scaffold_63	225848	225731	225827	-	CP052044.1	4259108	2379795	2379891	81	96	0
scaffold_175	46490	16756	16828	+	CP052044.1	4259108	2379830	2379902	41	72	0
scaffold_93	118238	114925	115245	-	CP052044.1	4259108	2383603	2383936	76	334	0
scaffold_1565	532	33	253	-	CP052044.1	4259108	2383603	2383834	59	231	0
scaffold_86	130972	56	123	-	CP052044.1	4259108	2383781	2383848	67	67	0
scaffold_93	118238	63785	63852	+	CP052044.1	4259108	2383781	2383848	52	67	0
scaffold_93	118238	32800	34007	-	CP052044.1	4259108	2384242	2385449	342	1207	0
scaffold_71	175185	146724	147143	+	CP052044.1	4259108	2384427	2384846	57	419	0
scaffold_13	1103368	393384	393995	+	CP052044.1	4259108	2384538	2385149	95	611	0
scaffold_219	33473	33361	33401	+	CP052044.1	4259108	2388066	2388106	40	40	0
scaffold_357	15566	71	111	-	CP052044.1	4259108	2388066	2388106	40	40	0
scaffold_107	93315	20906	21146	-	CP052044.1	4259108	2388215	2388455	133	240	0
scaffold_296	20863	19901	20136	+	CP052044.1	4259108	2390330	2390564	95	235	0
scaffold_112	88048	4329	6777	+	CP052044.1	4259108	2396703	2399157	1233	2454	0
scaffold_357	15566	55	116	+	CP052044.1	4259108	2401877	2401938	61	61	0
scaffold_112	88048	83113	83154	+	CP052044.1	4259108	2401914	2401955	41	41	0
scaffold_80	143857	54612	55503	-	CP052044.1	4259108	2414815	2415745	178	930	0
scaffold_101	101313	28331	28439	-	CP052044.1	4259108	2415757	2415856	42	108	0
scaffold_93	118238	106761	106913	-	CP052044.1	4259108	2417603	2417776	49	173	0
scaffold_262	24986	19911	20032	+	CP052044.1	4259108	2417603	2417722	59	121	0
scaffold_80	143857	77649	77731	-	CP052044.1	4259108	2417943	2418025	82	82	0
scaffold_80	143857	61319	61401	-	CP052044.1	4259108	2417943	2418025	60	82	0
scaffold_148	65701	44108	44190	+	CP052044.1	4259108	2417943	2418025	64	82	0
scaffold_258	25314	22896	22975	-	CP052044.1	4259108	2417946	2418025	73	79	0
scaffold_115	86240	21256	21331	-	CP052044.1	4259108	2417950	2418025	75	75	0
scaffold_88	125722	73918	73981	-	CP052044.1	4259108	2417962	2418025	63	63	0
scaffold_181	44073	33331	33379	+	CP052044.1	4259108	2420807	2420855	48	48	0
scaffold_148	65701	21	108	-	CP052044.1	4259108	2423587	2423674	72	87	0
scaffold_63	225848	225740	225827	+	CP052044.1	4259108	2423587	2423674	72	87	0
scaffold_249	26889	24655	25055	-	CP052044.1	4259108	2423600	2424000	256	401	0
scaffold_296	20863	19842	20156	+	CP052044.1	4259108	2430219	2430543	113	324	0
scaffold_11	1212133	1060595	1060927	-	CP052044.1	4259108	2430257	2430599	122	343	0
scaffold_1387	609	280	410	+	CP052044.1	4259108	2430710	2430839	52	130	0
scaffold_93	118238	93114	93228	-	CP052044.1	4259108	2430724	2430839	57	115	0
scaffold_1454	575	493	537	+	CP052044.1	4259108	2430724	2430768	44	44	0
scaffold_150	63801	53516	53634	-	CP052044.1	4259108	2430724	2430843	57	119	0
scaffold_218	33655	23933	24037	-	CP052044.1	4259108	2430739	2430843	48	104	0
scaffold_296	20863	19901	20136	-	CP052044.1	4259108	2430984	2431218	97	235	0
scaffold_1639	518	380	514	-	CP052044.1	4259108	2431404	2431538	99	134	0
scaffold_1656	513	304	362	+	CP052044.1	4259108	2431480	2431538	46	58	0
scaffold_227	31762	10864	11262	-	CP052044.1	4259108	2431538	2431971	67	433	0
scaffold_169	51120	16857	16983	+	CP052044.1	4259108	2435282	2435408	126	126	0
scaffold_13	1103368	10031	10157	+	CP052044.1	4259108	2435282	2435408	97	126	0
scaffold_1454	575	470	537	+	CP052044.1	4259108	2435282	2435349	67	67	0
scaffold_175	46490	3837	3965	-	CP052044.1	4259108	2435282	2435408	86	128	0
scaffold_187	42170	1353	1420	+	CP052044.1	4259108	2435282	2435349	49	67	0
scaffold_99	104861	84858	84984	-	CP052044.1	4259108	2435282	2435408	80	126	0
scaffold_128	78074	37003	37129	-	CP052044.1	4259108	2435282	2435408	121	126	0
scaffold_59	256653	15886	16027	+	CP052044.1	4259108	2435282	2435423	114	141	0
scaffold_1117	806	102	169	+	CP052044.1	4259108	2435282	2435349	61	67	0
scaffold_107	93315	59556	59697	+	CP052044.1	4259108	2435282	2435423	100	141	0
scaffold_150	63801	53516	53634	-	CP052044.1	4259108	2435305	2435423	85	118	0
scaffold_99	104861	93199	93317	+	CP052044.1	4259108	2435305	2435423	91	118	0
scaffold_63	225848	112756	112859	-	CP052044.1	4259108	2435305	2435408	103	103	0
scaffold_210	35262	33163	33266	+	CP052044.1	4259108	2435305	2435408	103	103	0
scaffold_128	78074	8588	8645	-	CP052044.1	4259108	2435305	2435362	57	57	0
scaffold_218	33655	23933	24037	-	CP052044.1	4259108	2435320	2435423	92	104	0
scaffold_101	101313	79114	79202	+	CP052044.1	4259108	2435320	2435408	59	88	0
scaffold_151	63507	20435	20528	+	CP052044.1	4259108	2435330	2435423	51	93	0
scaffold_63	225848	34653	34711	-	CP052044.1	4259108	2435365	2435423	58	58	0
scaffold_85	135051	121815	124054	+	CP052044.1	4259108	2436177	2438413	573	2239	0
scaffold_83	140534	62049	64244	-	CP052044.1	4259108	2443598	2445793	1246	2195	0
scaffold_99	104861	58935	60931	+	CP052044.1	4259108	2443598	2445595	1160	1997	0
scaffold_156	59460	25757	27010	+	CP052044.1	4259108	2444320	2445573	166	1253	0
scaffold_115	86240	35270	35372	-	CP052044.1	4259108	2452721	2452824	57	103	0
scaffold_1411	599	487	588	+	CP052044.1	4259108	2452721	2452824	69	103	0
scaffold_106	94230	45767	46041	-	CP052044.1	4259108	2453458	2453735	176	277	0
scaffold_101	101313	86439	86747	-	CP052044.1	4259108	2453458	2453769	202	311	0
scaffold_96	109087	75085	77623	-	CP052044.1	4259108	2453888	2456460	882	2572	0
scaffold_85	135051	35202	36070	+	CP052044.1	4259108	2458883	2459751	155	868	0
scaffold_101	101313	45932	46053	-	CP052044.1	4259108	2461593	2461714	96	121	0
scaffold_144	69844	26294	26446	+	CP052044.1	4259108	2461593	2461745	89	152	0
scaffold_133	76283	24730	24780	+	CP052044.1	4259108	2461695	2461745	50	50	0
scaffold_133	76283	50183	50393	-	CP052044.1	4259108	2463028	2463238	121	210	0
scaffold_175	46490	30928	31138	+	CP052044.1	4259108	2463028	2463238	102	210	0
scaffold_169	51120	45279	45474	+	CP052044.1	4259108	2463043	2463238	96	195	0
scaffold_75	154281	118667	118921	-	CP052044.1	4259108	2463889	2464145	98	256	0
scaffold_22	716055	380439	380527	+	CP052044.1	4259108	2474196	2474284	60	88	0
scaffold_175	46490	30928	31080	-	CP052044.1	4259108	2474220	2474373	83	153	0
scaffold_151	63507	41717	43508	+	CP052044.1	4259108	2487007	2488800	1009	1793	0
scaffold_91	120630	107735	109331	-	CP052044.1	4259108	2487236	2488832	411	1596	0
scaffold_106	94230	93952	94185	+	CP052044.1	4259108	2487236	2487469	80	233	0
scaffold_107	93315	63303	63472	-	CP052044.1	4259108	2489678	2489846	57	169	0
scaffold_877	1508	835	888	-	CP052044.1	4259108	2489793	2489846	51	53	0
scaffold_26	567511	9	320	-	CP052044.1	4259108	2490614	2490925	164	311	0
scaffold_10	1239786	1149252	1149522	+	CP052044.1	4259108	2490650	2490919	92	270	0
scaffold_185	43118	20	213	-	CP052044.1	4259108	2490666	2490859	106	193	0
scaffold_287	21903	18	207	+	CP052044.1	4259108	2490825	2491014	110	189	0
scaffold_1585	528	10	95	+	CP052044.1	4259108	2490929	2491014	53	85	0
scaffold_78	148918	148823	148908	-	CP052044.1	4259108	2490929	2491014	53	85	0
scaffold_358	15501	6800	8992	+	CP052044.1	4259108	2496179	2498370	274	2192	0
scaffold_143	70430	26692	28692	-	CP052044.1	4259108	2496237	2498237	172	2000	0
scaffold_258	25314	15369	16667	+	CP052044.1	4259108	2496618	2497917	336	1299	0
scaffold_181	44073	22990	23039	-	CP052044.1	4259108	2496886	2496935	49	49	0
scaffold_1449	577	18	517	+	CP052044.1	4259108	2497526	2498025	448	499	0
scaffold_296	20863	356	472	-	CP052044.1	4259108	2511853	2511969	100	116	0
scaffold_80	143857	111367	111491	-	CP052044.1	4259108	2512037	2512161	76	124	0
scaffold_68	182924	36589	37845	+	CP052044.1	4259108	2512586	2513849	389	1264	0
scaffold_955	1150	17	700	+	CP052044.1	4259108	2513596	2514279	213	683	0
scaffold_273	23718	3729	3824	+	CP052044.1	4259108	2524930	2525025	45	95	0
scaffold_45	358384	270380	270420	-	CP052044.1	4259108	2528995	2529035	40	40	0
scaffold_194	39750	18397	18437	-	CP052044.1	4259108	2528995	2529035	40	40	0
scaffold_80	143857	105232	105433	-	CP052044.1	4259108	2533212	2533414	91	202	0
scaffold_181	44073	25505	25843	+	CP052044.1	4259108	2533738	2534073	93	338	0
scaffold_51	297976	220920	223749	-	CP052044.1	4259108	2544558	2547388	1907	2830	0
scaffold_51	297976	197899	199300	-	CP052044.1	4259108	2544620	2546034	658	1414	0
scaffold_101	101313	45971	46088	+	CP052044.1	4259108	2554344	2554461	81	117	0
scaffold_61	235649	60478	60569	-	CP052044.1	4259108	2554367	2554461	66	94	0
scaffold_96	109087	92110	96281	-	CP052044.1	4259108	2558456	2562464	1642	4187	0
scaffold_372	14523	5584	5922	+	CP052044.1	4259108	2558456	2558788	180	338	0
scaffold_110	91422	57476	59488	-	CP052044.1	4259108	2558472	2560483	917	2013	0
scaffold_983	1038	284	1024	+	CP052044.1	4259108	2558883	2559624	229	741	0
scaffold_372	14523	5969	7178	+	CP052044.1	4259108	2560483	2561692	572	1209	0
scaffold_85	135051	20644	21317	-	CP052044.1	4259108	2560819	2561492	76	673	0
scaffold_75	154281	5	309	-	CP052044.1	4259108	2563099	2563403	144	304	0
scaffold_50	298037	67871	68284	-	CP052044.1	4259108	2578472	2578885	252	413	0
scaffold_172	48882	15759	16171	+	CP052044.1	4259108	2578472	2578885	105	413	0
scaffold_172	48882	1670	2078	-	CP052044.1	4259108	2578476	2578885	112	409	0
scaffold_16	897138	4668	5069	-	CP052044.1	4259108	2581326	2581798	69	472	0
scaffold_9	1406917	503114	506495	-	CP052044.1	4259108	2586702	2590089	547	3393	0
scaffold_101	101313	47858	48631	+	CP052044.1	4259108	2591952	2592725	408	773	0
scaffold_328	17820	9	239	-	CP052044.1	4259108	2600860	2601090	73	230	0
scaffold_292	21110	69	1479	+	CP052044.1	4259108	2602677	2604087	996	1410	0
scaffold_68	182924	84341	87151	-	CP052044.1	4259108	2607551	2610360	2305	2810	0
scaffold_1411	599	487	585	+	CP052044.1	4259108	2610433	2610530	85	98	0
scaffold_115	86240	21286	21398	-	CP052044.1	4259108	2610433	2610544	52	112	0
scaffold_88	125722	73948	74062	-	CP052044.1	4259108	2610433	2610544	52	114	0
scaffold_194	39750	31919	32014	-	CP052044.1	4259108	2610452	2610547	86	95	0
scaffold_1258	682	45	665	+	CP052044.1	4259108	2611065	2611685	472	620	0
scaffold_304	20323	7145	7285	-	CP052044.1	4259108	2617419	2617563	57	145	0
scaffold_194	39750	39479	39557	-	CP052044.1	4259108	2617419	2617499	63	80	0
scaffold_175	46490	6494	6635	+	CP052044.1	4259108	2617419	2617563	79	144	0
scaffold_63	225848	201358	201501	+	CP052044.1	4259108	2617419	2617563	85	144	0
scaffold_80	143857	61319	61460	+	CP052044.1	4259108	2617419	2617563	98	144	0
scaffold_80	143857	77649	77754	+	CP052044.1	4259108	2617419	2617527	60	108	0
scaffold_115	86240	35229	35372	+	CP052044.1	4259108	2617419	2617563	63	144	0
scaffold_148	65701	38290	38434	+	CP052044.1	4259108	2617419	2617563	82	145	0
scaffold_387	13657	10893	11036	-	CP052044.1	4259108	2617419	2617563	85	144	0
scaffold_14	908909	34225	34286	+	CP052044.1	4259108	2617419	2617480	57	61	0
scaffold_249	26889	1005	1079	+	CP052044.1	4259108	2617455	2617527	66	74	0
scaffold_429	11191	4006	4122	+	CP052044.1	4259108	2620449	2620567	42	118	0
scaffold_156	59460	25613	27046	+	CP052044.1	4259108	2621311	2622743	159	1433	0
scaffold_1127	790	28	781	-	CP052044.1	4259108	2627736	2628489	92	753	0
scaffold_11	1212133	169640	170145	+	CP052044.1	4259108	2627736	2628241	115	505	0
scaffold_101	101313	910	1227	-	CP052044.1	4259108	2628823	2629140	275	317	0
scaffold_11	1212133	172711	172906	+	CP052044.1	4259108	2628945	2629140	57	195	0
scaffold_1475	565	38	559	+	CP052044.1	4259108	2638314	2638835	325	521	0
scaffold_173	47066	577	1794	+	CP052044.1	4259108	2638314	2639531	743	1217	0
scaffold_323	18080	314	1492	+	CP052044.1	4259108	2638353	2639531	790	1178	0
scaffold_210	35262	7131	8001	-	CP052044.1	4259108	2638661	2639531	394	870	0
scaffold_233	30380	1	774	+	CP052044.1	4259108	2638758	2639531	535	773	0
scaffold_181	44073	26155	26870	+	CP052044.1	4259108	2638816	2639531	595	715	0
scaffold_194	39750	37012	37128	-	CP052044.1	4259108	2639121	2639237	58	116	0
scaffold_112	88048	51606	53657	+	CP052044.1	4259108	2642297	2644346	765	2052	0
scaffold_32	471417	30	619	-	CP052044.1	4259108	2642311	2642901	157	590	0
scaffold_13	1103368	393294	394631	+	CP052044.1	4259108	2645301	2646638	292	1337	0
scaffold_12	1155968	713178	714767	+	CP052044.1	4259108	2645310	2646899	276	1589	0
scaffold_5	1863748	359797	361155	+	CP052044.1	4259108	2645391	2646749	241	1358	0
scaffold_60	240913	106427	107661	+	CP052044.1	4259108	2645391	2646625	90	1234	0
scaffold_96	109087	15622	16827	-	CP052044.1	4259108	2645391	2646594	113	1205	0
scaffold_50	298037	292197	292846	-	CP052044.1	4259108	2645405	2646054	167	649	0
scaffold_365	15120	13966	14615	-	CP052044.1	4259108	2645405	2646054	158	649	0
scaffold_212	35064	8019	8890	+	CP052044.1	4259108	2645493	2646364	308	871	0
scaffold_45	358384	235048	236382	+	CP052044.1	4259108	2645493	2646827	248	1334	0
scaffold_273	23718	11036	11480	+	CP052044.1	4259108	2645555	2646000	42	445	0
scaffold_863	1570	906	1268	-	CP052044.1	4259108	2645640	2646002	78	362	0
scaffold_1	2692756	216085	216764	+	CP052044.1	4259108	2645685	2646364	119	679	0
scaffold_83	140534	85469	86233	+	CP052044.1	4259108	2645825	2646589	97	764	0
scaffold_143	70430	13541	13866	+	CP052044.1	4259108	2645831	2646156	97	325	0
scaffold_429	11191	185	570	+	CP052044.1	4259108	2646121	2646506	73	385	0
scaffold_1652	514	2	424	+	CP052044.1	4259108	2646203	2646625	84	422	0
scaffold_154	60446	29139	29211	-	CP052044.1	4259108	2646570	2646642	42	72	0
scaffold_133	76283	50141	50393	-	CP052044.1	4259108	2649094	2649346	160	252	0
scaffold_175	46490	30928	31180	+	CP052044.1	4259108	2649094	2649346	97	252	0
scaffold_173	47066	36634	36683	+	CP052044.1	4259108	2654607	2654656	49	49	0
scaffold_1636	518	211	273	+	CP052044.1	4259108	2660472	2660546	53	74	0
scaffold_96	109087	51000	53971	-	CP052044.1	4259108	2670795	2673747	2411	2971	0
scaffold_83	140534	7194	7805	+	CP052044.1	4259108	2686717	2687328	95	611	0
scaffold_296	20863	15393	15488	-	CP052044.1	4259108	2695300	2695395	57	95	0
scaffold_367	15003	5076	5127	-	CP052044.1	4259108	2695344	2695395	51	51	0
scaffold_61	235649	222655	222797	+	CP052044.1	4259108	2695967	2696108	58	142	0
scaffold_11	1212133	54870	57171	+	CP052044.1	4259108	2704726	2707288	1107	2563	0
scaffold_1534	543	1	71	-	CP052044.1	4259108	2708271	2708341	65	70	0
scaffold_173	47066	7621	7726	-	CP052044.1	4259108	2710348	2710452	64	105	0
scaffold_110	91422	69152	69564	+	CP052044.1	4259108	2712353	2712768	139	415	0
scaffold_75	154281	35157	35844	+	CP052044.1	4259108	2712389	2713194	189	805	0
scaffold_110	91422	8052	8431	-	CP052044.1	4259108	2712389	2712768	135	379	0
scaffold_106	94230	15740	15813	+	CP052044.1	4259108	2712410	2712483	58	73	0
scaffold_156	59460	54882	55212	+	CP052044.1	4259108	2712797	2713131	222	334	0
scaffold_336	17138	17027	17119	+	CP052044.1	4259108	2713429	2713521	92	92	0
scaffold_296	20863	20252	20400	-	CP052044.1	4259108	2713429	2713577	116	148	0
scaffold_175	46490	9590	9750	-	CP052044.1	4259108	2713429	2713590	130	161	0
scaffold_283	22139	22041	22131	+	CP052044.1	4259108	2713429	2713519	90	90	0
scaffold_129	76929	20757	20904	+	CP052044.1	4259108	2713429	2713577	126	148	0
scaffold_287	21903	21805	21895	+	CP052044.1	4259108	2713429	2713519	90	90	0
scaffold_110	91422	11792	11896	-	CP052044.1	4259108	2713442	2713546	104	104	0
scaffold_169	51120	23893	24018	-	CP052044.1	4259108	2713451	2713577	104	126	0
scaffold_154	60446	36783	36841	-	CP052044.1	4259108	2713451	2713509	41	58	0
scaffold_877	1508	1061	1185	-	CP052044.1	4259108	2713451	2713577	92	126	0
scaffold_133	76283	51060	51185	+	CP052044.1	4259108	2713451	2713577	104	126	0
scaffold_1255	684	571	676	-	CP052044.1	4259108	2713471	2713577	84	106	0
scaffold_982	1040	31	121	-	CP052044.1	4259108	2713471	2713562	69	91	0
scaffold_175	46490	31402	31520	-	CP052044.1	4259108	2713471	2713590	88	119	0
scaffold_323	18080	17975	18064	-	CP052044.1	4259108	2713500	2713590	59	90	0
scaffold_1656	513	304	368	-	CP052044.1	4259108	2716522	2716586	52	64	0
scaffold_877	1508	824	888	-	CP052044.1	4259108	2716528	2716592	44	64	0
scaffold_154	60446	21547	21611	-	CP052044.1	4259108	2716528	2716592	44	64	0
scaffold_86	130972	18616	18680	+	CP052044.1	4259108	2716528	2716592	46	64	0
scaffold_86	130972	11	75	-	CP052044.1	4259108	2716990	2717054	51	64	0
scaffold_106	94230	61592	63328	+	CP052044.1	4259108	2719549	2721284	304	1736	0
scaffold_107	93315	25630	26894	-	CP052044.1	4259108	2726238	2727505	88	1267	0
scaffold_149	65637	64109	65154	+	CP052044.1	4259108	2726549	2727603	57	1055	0
scaffold_75	154281	38433	38825	+	CP052044.1	4259108	2728520	2728912	379	392	0
scaffold_1426	591	400	584	+	CP052044.1	4259108	2730818	2731004	131	186	0
scaffold_86	130972	11	123	-	CP052044.1	4259108	2730818	2730932	84	114	0
scaffold_93	118238	63785	63852	+	CP052044.1	4259108	2730818	2730886	52	68	0
scaffold_2	2503568	29	120	+	CP052044.1	4259108	2730913	2731004	66	91	0
scaffold_358	15501	15383	15474	-	CP052044.1	4259108	2730913	2731004	66	91	0
scaffold_97	105629	40918	42255	-	CP052044.1	4259108	2734635	2735865	298	1337	0
scaffold_1636	518	211	273	+	CP052044.1	4259108	2736173	2736247	53	74	0
scaffold_61	235649	60478	60569	+	CP052044.1	4259108	2736173	2736267	66	94	0
scaffold_133	76283	24592	24780	+	CP052044.1	4259108	2736173	2736360	57	188	0
scaffold_144	69844	26294	26446	+	CP052044.1	4259108	2736208	2736360	89	152	0
scaffold_1387	609	266	410	+	CP052044.1	4259108	2736588	2736731	56	144	0
scaffold_292	21110	8716	8888	+	CP052044.1	4259108	2745089	2745261	121	172	0
scaffold_304	20323	16759	16906	+	CP052044.1	4259108	2745114	2745261	95	147	0
scaffold_227	31762	10864	11262	-	CP052044.1	4259108	2749056	2749489	67	433	0
scaffold_93	118238	26594	26658	+	CP052044.1	4259108	2760686	2760750	64	64	0
scaffold_83	140534	87755	87870	+	CP052044.1	4259108	2761234	2761349	100	115	0
scaffold_10	1239786	1149386	1149488	-	CP052044.1	4259108	2761234	2761336	84	102	0
scaffold_1656	513	304	362	+	CP052044.1	4259108	2761270	2761328	43	58	0
scaffold_26	567511	90	164	+	CP052044.1	4259108	2761275	2761349	74	74	0
scaffold_243	28230	13828	15666	+	CP052044.1	4259108	2761375	2763213	1031	1838	0
scaffold_1	2692756	107258	108613	+	CP052044.1	4259108	2761763	2763118	163	1355	0
scaffold_429	11191	279	570	-	CP052044.1	4259108	2761763	2762054	70	291	0
scaffold_13	1103368	393976	394488	-	CP052044.1	4259108	2761774	2762286	79	512	0
scaffold_42	372282	368284	368857	+	CP052044.1	4259108	2761826	2762399	44	573	0
scaffold_83	140534	113533	114104	+	CP052044.1	4259108	2762033	2762604	97	571	0
scaffold_128	78074	50860	51741	+	CP052044.1	4259108	2762274	2763155	123	881	0
scaffold_10	1239786	1149212	1149348	-	CP052044.1	4259108	2763237	2763373	95	136	0
scaffold_143	70430	144	3251	+	CP052044.1	4259108	2763588	2766710	2061	3125	0
scaffold_1658	512	39	512	-	CP052044.1	4259108	2764024	2764548	299	530	0
scaffold_88	125722	26220	26418	-	CP052044.1	4259108	2764271	2764469	146	198	0
scaffold_51	297976	146258	147645	-	CP052044.1	4259108	2766760	2768328	723	1568	0
scaffold_93	118238	106780	106855	+	CP052044.1	4259108	2769680	2769768	55	88	0
scaffold_145	69505	2680	6005	+	CP052044.1	4259108	2769698	2773050	58	3367	0
scaffold_173	47066	37139	37359	+	CP052044.1	4259108	2772148	2772367	62	220	0
scaffold_80	143857	111379	111478	+	CP052044.1	4259108	2783064	2783163	58	99	0
scaffold_292	21110	3934	3979	+	CP052044.1	4259108	2783970	2784015	45	45	0
scaffold_172	48882	341	1523	-	CP052044.1	4259108	2791897	2793079	351	1182	0
scaffold_78	148918	148823	148893	+	CP052044.1	4259108	2813290	2813360	52	70	0
scaffold_273	23718	23357	23686	-	CP052044.1	4259108	2813290	2813619	200	329	0
scaffold_1585	528	25	95	-	CP052044.1	4259108	2813290	2813360	52	70	0
scaffold_287	21903	18	207	-	CP052044.1	4259108	2813290	2813479	124	189	0
scaffold_877	1508	791	888	+	CP052044.1	4259108	2813416	2813513	57	97	0
scaffold_185	43118	20	194	+	CP052044.1	4259108	2813445	2813619	110	174	0
scaffold_88	125722	8884	9048	-	CP052044.1	4259108	2829977	2830141	84	164	0
scaffold_358	15501	15383	15474	+	CP052044.1	4259108	2838385	2838476	66	91	0
scaffold_2	2503568	29	120	-	CP052044.1	4259108	2838385	2838476	66	91	0
scaffold_1426	591	400	584	-	CP052044.1	4259108	2838385	2838581	136	197	0
scaffold_86	130972	11	123	+	CP052044.1	4259108	2838457	2838581	89	125	0
scaffold_401	12799	12519	12790	-	CP052044.1	4259108	2838457	2838740	166	284	0
scaffold_753	2541	19	216	+	CP052044.1	4259108	2838543	2838740	130	197	0
scaffold_1565	532	67	254	+	CP052044.1	4259108	2838562	2838736	49	187	0
scaffold_842	1747	578	638	-	CP052044.1	4259108	2838621	2838681	53	60	0
scaffold_401	12799	2719	2838	+	CP052044.1	4259108	2838621	2838740	95	119	0
scaffold_153	61587	32813	32932	+	CP052044.1	4259108	2838621	2838740	85	119	0
scaffold_1400	605	88	138	+	CP052044.1	4259108	2846528	2846578	50	50	0
scaffold_101	101313	86439	86792	+	CP052044.1	4259108	2847117	2847471	241	354	0
scaffold_106	94230	45767	46028	+	CP052044.1	4259108	2847151	2847413	203	262	0
scaffold_106	94230	61162	63336	-	CP052044.1	4259108	2847717	2849908	437	2191	0
scaffold_83	140534	6721	7805	+	CP052044.1	4259108	2847778	2848861	232	1084	0
scaffold_83	140534	105836	107335	+	CP052044.1	4259108	2848381	2849881	213	1502	0
scaffold_892	1436	140	1262	+	CP052044.1	4259108	2853768	2854890	158	1122	0
scaffold_1	2692756	237976	239035	-	CP052044.1	4259108	2853876	2854935	157	1059	0
scaffold_218	33655	27909	28072	-	CP052044.1	4259108	2873767	2873930	156	163	0
scaffold_156	59460	42602	43101	+	CP052044.1	4259108	2874191	2874664	134	500	0
scaffold_68	182924	29178	32128	-	CP052044.1	4259108	2875325	2878275	295	2951	0
scaffold_51	297976	86027	87832	+	CP052044.1	4259108	2876471	2878275	217	1805	0
scaffold_102	100464	56025	56793	-	CP052044.1	4259108	2878288	2879092	219	804	0
scaffold_61	235649	60478	60616	+	CP052044.1	4259108	2883410	2883552	85	142	0
scaffold_101	101313	45932	46088	-	CP052044.1	4259108	2883410	2883566	109	156	0
scaffold_144	69844	26314	26446	+	CP052044.1	4259108	2883465	2883597	69	132	0
scaffold_287	21903	8953	9054	+	CP052044.1	4259108	2883790	2883891	91	101	0
scaffold_115	86240	26	473	-	CP052044.1	4259108	2883790	2884164	73	447	0
scaffold_287	21903	9451	9686	-	CP052044.1	4259108	2883904	2884150	128	260	0
scaffold_169	51120	9749	10278	+	CP052044.1	4259108	2885197	2885736	232	539	0
scaffold_356	15572	8899	9103	+	CP052044.1	4259108	2887959	2888164	129	205	0
scaffold_91	120630	13603	15440	+	CP052044.1	4259108	2909409	2911246	1449	1837	0
scaffold_212	35064	7673	8862	+	CP052044.1	4259108	2909500	2910689	154	1189	0
scaffold_318	18503	15294	15425	-	CP052044.1	4259108	2909538	2909669	46	131	0
scaffold_57	260754	104392	104903	-	CP052044.1	4259108	2910178	2910689	40	511	0
scaffold_61	235649	104012	104715	-	CP052044.1	4259108	2910334	2911037	117	703	0
scaffold_110	91422	58250	59480	-	CP052044.1	4259108	2938670	2939898	450	1230	0
scaffold_115	86240	16775	17766	-	CP052044.1	4259108	2938670	2939664	401	994	0
scaffold_91	120630	34153	34330	-	CP052044.1	4259108	2939898	2940075	98	177	0
scaffold_131	76605	62118	63828	+	CP052044.1	4259108	2940359	2942069	434	1710	0
scaffold_1496	558	66	463	+	CP052044.1	4259108	2940532	2940929	47	397	0
scaffold_116	84153	777	2336	+	CP052044.1	4259108	2940588	2942147	371	1559	0
scaffold_181	44073	3733	5076	+	CP052044.1	4259108	2940726	2942069	330	1343	0
scaffold_143	70430	69412	69662	+	CP052044.1	4259108	2941347	2941597	62	250	0
scaffold_57	260754	104382	104430	-	CP052044.1	4259108	2941573	2941621	48	48	0
scaffold_80	143857	47374	49139	-	CP052044.1	4259108	2948288	2950060	508	1783	0
scaffold_85	135051	19347	20398	-	CP052044.1	4259108	2969275	2970363	231	1088	0
scaffold_1650	515	54	169	+	CP052044.1	4259108	2969805	2969920	45	115	0
scaffold_50	298037	261730	265306	+	CP052044.1	4259108	2990143	2993716	2165	3576	0
scaffold_50	298037	63813	67383	-	CP052044.1	4259108	2990143	2993710	1964	3570	0
scaffold_110	91422	72387	72567	+	CP052044.1	4259108	3036282	3036462	163	180	0
scaffold_133	76283	40121	40338	+	CP052044.1	4259108	3045355	3045572	143	217	0
scaffold_133	76283	54482	54702	+	CP052044.1	4259108	3045363	3045583	140	220	0
scaffold_68	182924	123580	127107	+	CP052044.1	4259108	3045381	3048908	1149	3527	0
scaffold_187	42170	1348	1420	+	CP052044.1	4259108	3054755	3054827	54	72	0
scaffold_1117	806	102	169	+	CP052044.1	4259108	3054760	3054827	49	67	0
scaffold_175	46490	3837	3965	-	CP052044.1	4259108	3054760	3054889	78	129	0
scaffold_13	1103368	10031	10157	+	CP052044.1	4259108	3054760	3054889	78	129	0
scaffold_59	256653	15886	16012	+	CP052044.1	4259108	3054760	3054889	91	129	0
scaffold_1454	575	470	537	+	CP052044.1	4259108	3054760	3054827	59	67	0
scaffold_169	51120	16857	16983	+	CP052044.1	4259108	3054760	3054889	91	129	0
scaffold_210	35262	33178	33266	+	CP052044.1	4259108	3054798	3054889	61	91	0
scaffold_218	33655	23948	24037	-	CP052044.1	4259108	3054798	3054889	61	91	0
scaffold_150	63801	53531	53609	-	CP052044.1	4259108	3054808	3054889	51	81	0
scaffold_110	91422	72387	72531	-	CP052044.1	4259108	3054938	3055082	144	144	0
scaffold_287	21903	18	207	-	CP052044.1	4259108	3055443	3055632	150	189	0
scaffold_78	148918	148823	148908	+	CP052044.1	4259108	3055443	3055528	74	85	0
scaffold_1585	528	10	95	-	CP052044.1	4259108	3055443	3055528	74	85	0
scaffold_93	118238	26594	26658	+	CP052044.1	4259108	3055464	3055528	47	64	0
scaffold_39	398046	154566	154909	-	CP052044.1	4259108	3055464	3055807	101	343	0
scaffold_83	140534	87656	87900	+	CP052044.1	4259108	3055473	3055717	114	244	0
scaffold_296	20863	36	180	+	CP052044.1	4259108	3055698	3055842	77	144	0
scaffold_3	2381582	11642	15032	-	CP052044.1	4259108	3055878	3058983	1965	3398	0
scaffold_16	897138	4668	5433	+	CP052044.1	4259108	3055878	3056683	145	811	0
scaffold_88	125722	26220	26418	-	CP052044.1	4259108	3056578	3056776	185	198	0
scaffold_287	21903	14319	16058	-	CP052044.1	4259108	3059037	3060934	334	1898	0
scaffold_143	70430	61612	63361	+	CP052044.1	4259108	3059037	3060945	1008	1908	0
scaffold_83	140534	131471	133209	+	CP052044.1	4259108	3059037	3060934	825	1897	0
scaffold_50	298037	70676	72414	+	CP052044.1	4259108	3059037	3060934	966	1897	0
scaffold_854	1662	193	335	+	CP052044.1	4259108	3059172	3059313	97	142	0
scaffold_88	125722	73918	74062	+	CP052044.1	4259108	3059172	3059313	82	144	0
scaffold_83	140534	118798	118939	-	CP052044.1	4259108	3059172	3059313	104	141	0
scaffold_115	86240	21256	21398	+	CP052044.1	4259108	3059172	3059313	82	142	0
scaffold_258	25314	22896	22959	+	CP052044.1	4259108	3059172	3059235	57	63	0
scaffold_148	65701	44043	44190	-	CP052044.1	4259108	3059172	3059319	82	147	0
scaffold_115	86240	35229	35372	+	CP052044.1	4259108	3059172	3059313	76	143	0
scaffold_80	143857	77649	77743	+	CP052044.1	4259108	3059172	3059266	82	94	0
scaffold_387	13657	10887	11036	-	CP052044.1	4259108	3059172	3059319	82	149	0
scaffold_194	39750	31892	32014	+	CP052044.1	4259108	3059172	3059294	105	122	0
scaffold_80	143857	61319	61460	+	CP052044.1	4259108	3059172	3059313	76	141	0
scaffold_63	225848	201358	201507	+	CP052044.1	4259108	3059172	3059319	82	149	0
scaffold_175	46490	6494	6641	+	CP052044.1	4259108	3059172	3059319	82	147	0
scaffold_1411	599	487	585	-	CP052044.1	4259108	3059216	3059313	85	98	0
scaffold_112	88048	33368	33468	-	CP052044.1	4259108	3061519	3061619	44	100	0
scaffold_148	65701	21853	22001	-	CP052044.1	4259108	3061583	3061731	58	148	0
scaffold_80	143857	111367	111504	+	CP052044.1	4259108	3066971	3067108	84	137	0
scaffold_128	78074	8524	8645	+	CP052044.1	4259108	3072798	3072919	63	121	0
scaffold_99	104861	68879	69023	-	CP052044.1	4259108	3072798	3072942	86	144	0
scaffold_169	51120	16857	17001	-	CP052044.1	4259108	3072798	3072942	128	144	0
scaffold_128	78074	36985	37129	+	CP052044.1	4259108	3072798	3072942	123	144	0
scaffold_63	225848	112738	112859	+	CP052044.1	4259108	3072798	3072919	105	121	0
scaffold_175	46490	3837	3965	+	CP052044.1	4259108	3072816	3072942	97	128	0
scaffold_150	63801	53531	53634	+	CP052044.1	4259108	3072816	3072919	57	103	0
scaffold_99	104861	50384	51089	+	CP052044.1	4259108	3072816	3073520	543	705	0
scaffold_210	35262	33163	33266	-	CP052044.1	4259108	3072816	3072919	87	103	0
scaffold_99	104861	84858	84984	+	CP052044.1	4259108	3072816	3072942	80	126	0
scaffold_63	225848	34668	34722	+	CP052044.1	4259108	3072816	3072870	54	54	0
scaffold_13	1103368	10031	10157	-	CP052044.1	4259108	3072816	3072942	97	126	0
scaffold_107	93315	59556	59682	-	CP052044.1	4259108	3072816	3072942	96	126	0
scaffold_1	2692756	275497	276434	+	CP052044.1	4259108	3072827	3073764	210	937	0
scaffold_93	118238	93184	98620	+	CP052044.1	4259108	3072875	3078314	775	5439	0
scaffold_1454	575	470	537	-	CP052044.1	4259108	3072875	3072942	67	67	0
scaffold_187	42170	1353	1420	-	CP052044.1	4259108	3072875	3072942	49	67	0
scaffold_1117	806	102	169	-	CP052044.1	4259108	3072875	3072942	61	67	0
scaffold_995	1001	1	997	-	CP052044.1	4259108	3074710	3075706	824	996	0
scaffold_1069	866	5	806	+	CP052044.1	4259108	3075732	3076533	706	801	0
scaffold_107	93315	59579	59697	-	CP052044.1	4259108	3078196	3078314	88	118	0
scaffold_63	225848	34653	34722	+	CP052044.1	4259108	3078196	3078265	69	69	0
scaffold_218	33655	23933	24037	+	CP052044.1	4259108	3078196	3078299	63	104	0
scaffold_99	104861	93199	93317	-	CP052044.1	4259108	3078196	3078314	78	118	0
scaffold_1	2692756	275471	275564	+	CP052044.1	4259108	3078196	3078289	81	93	0
scaffold_150	63801	53516	53634	+	CP052044.1	4259108	3078196	3078314	72	118	0
scaffold_169	51120	16880	16983	-	CP052044.1	4259108	3078211	3078314	87	103	0
scaffold_101	101313	79114	79202	-	CP052044.1	4259108	3078211	3078299	59	88	0
scaffold_63	225848	112756	112859	+	CP052044.1	4259108	3078211	3078314	87	103	0
scaffold_13	1103368	10054	10157	-	CP052044.1	4259108	3078211	3078314	74	103	0
scaffold_210	35262	33163	33266	-	CP052044.1	4259108	3078211	3078314	87	103	0
scaffold_1454	575	493	537	-	CP052044.1	4259108	3078270	3078314	44	44	0
scaffold_143	70430	12150	12288	+	CP052044.1	4259108	3078515	3078653	75	138	0
scaffold_88	125722	8884	9007	-	CP052044.1	4259108	3078530	3078653	87	123	0
scaffold_77	149510	104806	104929	+	CP052044.1	4259108	3078530	3078653	87	123	0
scaffold_149	65637	64401	65194	-	CP052044.1	4259108	3079092	3079885	57	793	0
scaffold_863	1570	534	1094	+	CP052044.1	4259108	3079307	3079867	72	560	0
scaffold_429	11191	185	300	-	CP052044.1	4259108	3079445	3079560	40	115	0
scaffold_60	240913	106246	107090	-	CP052044.1	4259108	3079627	3080471	80	844	0
scaffold_1496	558	35	428	-	CP052044.1	4259108	3080062	3080455	72	393	0
scaffold_169	51120	2527	4115	+	CP052044.1	4259108	3081294	3082880	949	1588	0
scaffold_88	125722	76025	76539	+	CP052044.1	4259108	3081294	3081807	334	514	0
scaffold_1650	515	59	169	-	CP052044.1	4259108	3082703	3082813	40	110	0
scaffold_1097	829	65	330	+	CP052044.1	4259108	3088258	3088523	68	265	0
scaffold_154	60446	58932	59224	-	CP052044.1	4259108	3088269	3088561	57	292	0
scaffold_292	21110	6	1479	-	CP052044.1	4259108	3088731	3090204	1127	1473	0
scaffold_1598	525	17	435	-	CP052044.1	4259108	3089253	3089671	371	418	0
scaffold_1008	950	18	934	+	CP052044.1	4259108	3090101	3091017	610	916	0
scaffold_1558	534	52	407	-	CP052044.1	4259108	3090446	3090801	134	355	0
scaffold_258	25314	32	1046	+	CP052044.1	4259108	3090938	3091952	727	1014	0
scaffold_75	154281	72348	73375	+	CP052044.1	4259108	3092662	3093689	603	1027	0
scaffold_13	1103368	393763	394329	-	CP052044.1	4259108	3093184	3093750	96	566	0
scaffold_863	1570	679	1411	+	CP052044.1	4259108	3093291	3094027	87	736	0
scaffold_112	88048	138	648	-	CP052044.1	4259108	3102935	3103442	278	510	0
scaffold_144	69844	30681	31263	+	CP052044.1	4259108	3103082	3103667	315	585	0
scaffold_75	154281	118667	119037	+	CP052044.1	4259108	3103278	3103667	127	389	0
scaffold_66	184824	184487	184697	-	CP052044.1	4259108	3103456	3103667	97	212	0
scaffold_1387	609	280	417	+	CP052044.1	4259108	3111859	3111995	59	137	0
scaffold_128	78074	8524	8645	-	CP052044.1	4259108	3111873	3111995	63	122	0
scaffold_1454	575	493	537	+	CP052044.1	4259108	3111873	3111917	44	44	0
scaffold_93	118238	93114	93228	-	CP052044.1	4259108	3111873	3111988	57	115	0
scaffold_371	14652	10955	11051	-	CP052044.1	4259108	3111898	3111995	45	97	0
scaffold_227	31762	10881	11262	-	CP052044.1	4259108	3114067	3114467	50	400	0
scaffold_212	35064	7180	7320	-	CP052044.1	4259108	3115055	3115195	102	140	0
scaffold_181	44073	33022	33381	-	CP052044.1	4259108	3115055	3115410	211	359	0
scaffold_70	181850	180590	180945	+	CP052044.1	4259108	3115057	3115410	176	355	0
scaffold_96	109087	690	1047	-	CP052044.1	4259108	3115057	3115410	207	357	0
scaffold_143	70430	36745	37020	+	CP052044.1	4259108	3115068	3115343	165	275	0
scaffold_457	9754	9410	9753	-	CP052044.1	4259108	3115068	3115410	188	343	0
scaffold_457	9754	1758	2015	+	CP052044.1	4259108	3115086	3115343	170	257	0
scaffold_145	69505	49148	49288	+	CP052044.1	4259108	3115203	3115343	57	140	0
scaffold_13	1103368	10031	10175	-	CP052044.1	4259108	3115651	3115795	105	144	0
scaffold_175	46490	3819	3965	+	CP052044.1	4259108	3115651	3115795	94	146	0
scaffold_169	51120	16857	16983	-	CP052044.1	4259108	3115669	3115795	87	126	0
scaffold_107	93315	59551	59682	-	CP052044.1	4259108	3115669	3115800	77	131	0
scaffold_210	35262	33163	33266	-	CP052044.1	4259108	3115669	3115772	64	103	0
scaffold_101	101313	79114	79202	-	CP052044.1	4259108	3115669	3115757	49	88	0
scaffold_1454	575	470	527	-	CP052044.1	4259108	3115738	3115795	57	57	0
scaffold_1117	806	102	144	-	CP052044.1	4259108	3115753	3115795	42	42	0
scaffold_68	182924	11345	13104	-	CP052044.1	4259108	3115988	3117747	414	1759	0
scaffold_83	140534	105618	106847	-	CP052044.1	4259108	3118241	3119484	260	1243	0
scaffold_465	9291	9166	9273	+	CP052044.1	4259108	3125715	3125822	107	107	0
scaffold_1226	701	299	363	+	CP052044.1	4259108	3131442	3131506	45	64	0
scaffold_110	91422	72387	72567	-	CP052044.1	4259108	3138880	3139060	133	180	0
scaffold_112	88048	81728	83154	-	CP052044.1	4259108	3142684	3143925	430	1429	0
scaffold_144	69844	30001	31263	-	CP052044.1	4259108	3142706	3143925	331	1262	0
scaffold_66	184824	184487	184697	+	CP052044.1	4259108	3142706	3142916	108	211	0
scaffold_112	88048	152	1089	+	CP052044.1	4259108	3142944	3143827	267	937	0
scaffold_156	59460	43513	43554	+	CP052044.1	4259108	3151919	3151960	41	41	0
scaffold_218	33655	24200	24317	+	CP052044.1	4259108	3165464	3165581	72	117	0
scaffold_88	125722	8902	9007	+	CP052044.1	4259108	3165476	3165581	62	105	0
scaffold_83	140534	86750	86870	-	CP052044.1	4259108	3165476	3165596	104	120	0
scaffold_143	70430	12150	12206	-	CP052044.1	4259108	3165540	3165596	56	56	0
scaffold_16	897138	4699	5433	+	CP052044.1	4259108	3168530	3169282	57	753	0
scaffold_128	78074	50860	51741	-	CP052044.1	4259108	3171633	3172514	142	881	0
scaffold_1	2692756	107258	108613	-	CP052044.1	4259108	3171670	3173025	163	1355	0
scaffold_107	93315	26066	26428	-	CP052044.1	4259108	3172177	3172534	77	362	0
scaffold_83	140534	113533	114111	-	CP052044.1	4259108	3172177	3172755	104	578	0
scaffold_42	372282	368284	368857	-	CP052044.1	4259108	3172389	3172962	44	573	0
scaffold_13	1103368	393976	394488	+	CP052044.1	4259108	3172502	3173014	79	512	0
scaffold_429	11191	279	570	+	CP052044.1	4259108	3172734	3173025	70	291	0
scaffold_96	109087	74401	74729	+	CP052044.1	4259108	3174449	3174783	70	334	0
scaffold_1041	905	598	764	+	CP052044.1	4259108	3177996	3178161	89	166	0
scaffold_312	19256	6060	6226	+	CP052044.1	4259108	3177996	3178161	95	166	0
scaffold_296	20863	20368	20589	+	CP052044.1	4259108	3178142	3178356	42	221	0
scaffold_175	46490	9718	9947	+	CP052044.1	4259108	3178142	3178354	92	229	0
scaffold_283	22139	21842	22073	-	CP052044.1	4259108	3178142	3178356	61	231	0
scaffold_227	31762	10864	11262	-	CP052044.1	4259108	3262894	3263327	67	433	0
scaffold_93	118238	93108	93228	+	CP052044.1	4259108	3270697	3270817	57	120	0
scaffold_13	1103368	10054	10157	-	CP052044.1	4259108	3270714	3270817	74	103	0
scaffold_210	35262	33147	33266	-	CP052044.1	4259108	3270714	3270833	90	119	0
scaffold_99	104861	93183	93302	-	CP052044.1	4259108	3270714	3270833	79	119	0
scaffold_63	225848	112756	112875	+	CP052044.1	4259108	3270714	3270833	90	119	0
scaffold_63	225848	34668	34722	+	CP052044.1	4259108	3270714	3270768	49	54	0
scaffold_107	93315	59579	59682	-	CP052044.1	4259108	3270714	3270817	68	103	0
scaffold_101	101313	79114	79202	-	CP052044.1	4259108	3270714	3270802	59	88	0
scaffold_150	63801	53531	53634	+	CP052044.1	4259108	3270714	3270817	57	103	0
scaffold_128	78074	8601	8661	+	CP052044.1	4259108	3270773	3270833	60	60	0
scaffold_1454	575	493	537	-	CP052044.1	4259108	3270773	3270817	44	44	0
scaffold_173	47066	1819	4358	-	CP052044.1	4259108	3299977	3302537	1520	2560	0
scaffold_70	181850	128749	130573	+	CP052044.1	4259108	3300936	3302760	641	1825	0
scaffold_148	65701	165	364	+	CP052044.1	4259108	3302604	3302823	122	219	0
scaffold_91	120630	107735	109331	+	CP052044.1	4259108	3306637	3308233	452	1596	0
scaffold_151	63507	41723	43532	-	CP052044.1	4259108	3306645	3308456	1091	1811	0
scaffold_950	1157	35	949	-	CP052044.1	4259108	3306808	3307722	298	914	0
scaffold_106	94230	93952	94185	-	CP052044.1	4259108	3308000	3308233	80	233	0
scaffold_39	398046	154591	154909	+	CP052044.1	4259108	3328037	3328355	150	318	0
scaffold_10	1239786	1149277	1149596	+	CP052044.1	4259108	3328037	3328355	127	319	0
scaffold_1656	513	304	487	-	CP052044.1	4259108	3328037	3328211	43	183	0
scaffold_877	1508	712	854	-	CP052044.1	4259108	3328187	3328329	43	142	0
scaffold_83	140534	87656	87815	-	CP052044.1	4259108	3328187	3328346	102	159	0
scaffold_78	148918	148823	148908	-	CP052044.1	4259108	3328291	3328376	59	85	0
scaffold_1585	528	10	95	+	CP052044.1	4259108	3328291	3328376	59	85	0
scaffold_85	135051	111245	111365	-	CP052044.1	4259108	3329410	3329530	96	120	0
scaffold_287	21903	4069	4163	-	CP052044.1	4259108	3329410	3329504	66	94	0
scaffold_154	60446	37671	37780	-	CP052044.1	4259108	3329417	3329526	85	109	0
scaffold_35	440808	281515	281625	+	CP052044.1	4259108	3331409	3331521	40	112	0
scaffold_1	2692756	284762	286459	+	CP052044.1	4259108	3333167	3334864	1045	1697	0
scaffold_387	13657	7618	9336	+	CP052044.1	4259108	3333167	3334885	472	1718	0
scaffold_40	392173	215883	217601	-	CP052044.1	4259108	3333167	3334885	1541	1718	0
scaffold_50	298037	202354	203972	-	CP052044.1	4259108	3333167	3334785	312	1618	0
scaffold_110	91422	31474	33092	-	CP052044.1	4259108	3333167	3334785	316	1618	0
scaffold_33	455355	428175	429893	+	CP052044.1	4259108	3333167	3334885	1128	1718	0
scaffold_50	298037	94465	96101	-	CP052044.1	4259108	3333167	3334801	533	1636	0
scaffold_30	507731	18202	19857	-	CP052044.1	4259108	3333167	3334822	1167	1655	0
scaffold_104	98169	84711	86429	+	CP052044.1	4259108	3333167	3334885	1271	1718	0
scaffold_6	1692318	1510456	1512174	+	CP052044.1	4259108	3333167	3334885	1389	1718	0
scaffold_115	86240	37085	38624	-	CP052044.1	4259108	3333190	3334729	387	1539	0
scaffold_8	1419871	1146231	1147926	+	CP052044.1	4259108	3333190	3334885	520	1695	0
scaffold_40	392173	63796	65458	+	CP052044.1	4259108	3333191	3334854	387	1663	0
scaffold_82	143064	75145	76776	-	CP052044.1	4259108	3333191	3334822	211	1631	0
scaffold_50	298037	25059	26732	-	CP052044.1	4259108	3333191	3334864	324	1673	0
scaffold_151	63507	14729	16157	-	CP052044.1	4259108	3333191	3334619	171	1428	0
scaffold_32	471417	20523	21945	+	CP052044.1	4259108	3333191	3334613	135	1422	0
scaffold_731	2806	658	2250	-	CP052044.1	4259108	3333225	3334817	750	1592	0
scaffold_16	897138	17786	17870	-	CP052044.1	4259108	3333244	3333328	66	84	0
scaffold_769	2378	158	1762	-	CP052044.1	4259108	3333281	3334885	416	1604	0
scaffold_51	297976	283420	284713	+	CP052044.1	4259108	3333375	3334668	253	1293	0
scaffold_40	392173	201345	202690	+	CP052044.1	4259108	3333440	3334785	334	1345	0
scaffold_88	125722	6327	7059	-	CP052044.1	4259108	3333613	3334345	184	732	0
scaffold_1002	969	26	943	-	CP052044.1	4259108	3333651	3334568	701	917	0
scaffold_1194	730	3	725	+	CP052044.1	4259108	3334132	3334854	529	722	0
scaffold_227	31762	10864	11262	+	CP052044.1	4259108	3334897	3335330	67	433	0
scaffold_312	19256	13310	13353	+	CP052044.1	4259108	3340878	3340921	43	43	0
scaffold_61	235649	105784	105905	+	CP052044.1	4259108	3344164	3344285	81	121	0
scaffold_371	14652	13759	13875	+	CP052044.1	4259108	3344164	3344280	76	116	0
scaffold_243	28230	22456	22565	-	CP052044.1	4259108	3344164	3344273	85	109	0
scaffold_243	28230	26122	26238	+	CP052044.1	4259108	3344164	3344280	76	116	0
scaffold_90	123581	107332	107453	-	CP052044.1	4259108	3344164	3344285	97	121	0
scaffold_336	17138	8922	9038	+	CP052044.1	4259108	3344164	3344280	92	116	0
scaffold_336	17138	14060	14181	-	CP052044.1	4259108	3344164	3344285	97	121	0
scaffold_68	182924	176124	176240	-	CP052044.1	4259108	3344164	3344280	92	116	0
scaffold_96	109087	18195	18311	+	CP052044.1	4259108	3344164	3344280	92	116	0
scaffold_1	2692756	257734	257824	-	CP052044.1	4259108	3344190	3344280	76	90	0
scaffold_427	11379	3320	3398	+	CP052044.1	4259108	3344207	3344285	78	78	0
scaffold_347	15918	9998	10064	+	CP052044.1	4259108	3344207	3344273	66	66	0
scaffold_287	21903	4090	4163	+	CP052044.1	4259108	3344207	3344280	45	73	0
scaffold_1	2692756	288083	289143	-	CP052044.1	4259108	3349485	3350498	157	1114	0
scaffold_44	359581	209223	209765	+	CP052044.1	4259108	3349625	3350222	125	597	0
scaffold_44	359581	200568	201286	+	CP052044.1	4259108	3349836	3350494	90	718	0
scaffold_104	98169	44700	45343	+	CP052044.1	4259108	3349850	3350457	95	643	0
scaffold_1402	605	73	134	-	CP052044.1	4259108	3350616	3350677	61	61	0
scaffold_35	440808	254837	255582	-	CP052044.1	4259108	3352750	3353497	121	747	0
scaffold_20	777291	7712	8304	+	CP052044.1	4259108	3352760	3353355	106	595	0
scaffold_44	359581	185360	186123	-	CP052044.1	4259108	3352776	3353541	164	765	0
scaffold_9	1406917	474710	475421	-	CP052044.1	4259108	3352829	3353541	76	712	0
scaffold_336	17138	13539	13663	-	CP052044.1	4259108	3354083	3354207	73	124	0
scaffold_218	33655	21991	22177	+	CP052044.1	4259108	3354542	3354739	151	197	0
scaffold_218	33655	23713	23809	+	CP052044.1	4259108	3354817	3354913	86	96	0
scaffold_68	182924	182797	182924	+	CP052044.1	4259108	3360370	3360480	97	127	0
scaffold_104	98169	84579	86429	-	CP052044.1	4259108	3360378	3362211	1343	1850	0
scaffold_431	11085	10965	11084	+	CP052044.1	4259108	3360378	3360480	76	119	0
scaffold_427	11379	0	119	-	CP052044.1	4259108	3360378	3360480	89	119	0
scaffold_769	2378	158	1762	+	CP052044.1	4259108	3360378	3361965	416	1604	0
scaffold_40	392173	215883	217733	+	CP052044.1	4259108	3360378	3362211	1637	1850	0
scaffold_33	455355	428043	429893	-	CP052044.1	4259108	3360378	3362211	1185	1850	0
scaffold_387	13657	7518	9336	-	CP052044.1	4259108	3360378	3362179	524	1818	0
scaffold_8	1419871	1146108	1147926	-	CP052044.1	4259108	3360378	3362179	583	1818	0
scaffold_6	1692318	1510324	1512174	-	CP052044.1	4259108	3360378	3362211	1461	1850	0
scaffold_40	392173	63672	65458	-	CP052044.1	4259108	3360392	3362179	406	1787	0
scaffold_1	2692756	284630	286449	-	CP052044.1	4259108	3360392	3362211	1134	1819	0
scaffold_1194	730	3	725	-	CP052044.1	4259108	3360392	3361114	529	722	0
scaffold_30	507731	18202	19989	+	CP052044.1	4259108	3360424	3362211	1256	1787	0
scaffold_82	143064	75145	76838	+	CP052044.1	4259108	3360424	3362117	230	1693	0
scaffold_731	2806	658	2250	+	CP052044.1	4259108	3360429	3362021	750	1592	0
scaffold_50	298037	25106	26827	+	CP052044.1	4259108	3360429	3362150	324	1721	0
scaffold_50	298037	94465	96201	+	CP052044.1	4259108	3360445	3362179	600	1736	0
scaffold_50	298037	202354	203972	+	CP052044.1	4259108	3360461	3362079	312	1618	0
scaffold_40	392173	201345	202690	-	CP052044.1	4259108	3360461	3361806	334	1345	0
scaffold_110	91422	31474	33092	+	CP052044.1	4259108	3360461	3362079	316	1618	0
scaffold_30	507731	499063	500797	-	CP052044.1	4259108	3360477	3362211	186	1734	0
scaffold_115	86240	37085	38779	+	CP052044.1	4259108	3360517	3362211	475	1694	0
scaffold_51	297976	283420	284713	-	CP052044.1	4259108	3360578	3361871	253	1293	0
scaffold_151	63507	14729	16157	+	CP052044.1	4259108	3360627	3362055	171	1428	0
scaffold_32	471417	20523	21945	-	CP052044.1	4259108	3360633	3362055	135	1422	0
scaffold_1002	969	26	943	+	CP052044.1	4259108	3360678	3361595	701	917	0
scaffold_88	125722	6327	7059	+	CP052044.1	4259108	3360901	3361633	184	732	0
scaffold_16	897138	17786	17870	+	CP052044.1	4259108	3361918	3362002	66	84	0
scaffold_82	143064	78970	79088	-	CP052044.1	4259108	3362836	3362957	91	121	0
scaffold_2	2503568	2503500	2503564	-	CP052044.1	4259108	3362893	3362957	61	64	0
scaffold_149	65637	4	68	+	CP052044.1	4259108	3362893	3362957	61	64	0
scaffold_175	46490	31430	31591	-	CP052044.1	4259108	3363658	3363820	98	162	0
scaffold_133	76283	51019	51185	+	CP052044.1	4259108	3363668	3363835	123	167	0
scaffold_14	908909	130540	130672	+	CP052044.1	4259108	3363687	3363820	111	133	0
scaffold_336	17138	9129	9261	-	CP052044.1	4259108	3363687	3363820	111	133	0
scaffold_287	21903	21805	21895	+	CP052044.1	4259108	3363687	3363777	90	90	0
scaffold_283	22139	22041	22131	+	CP052044.1	4259108	3363687	3363777	90	90	0
scaffold_210	35262	10296	10429	-	CP052044.1	4259108	3363687	3363820	91	133	0
scaffold_175	46490	9618	9750	-	CP052044.1	4259108	3363687	3363820	111	133	0
scaffold_129	76929	20757	20904	+	CP052044.1	4259108	3363687	3363835	126	148	0
scaffold_85	135051	111766	111845	-	CP052044.1	4259108	3363700	3363779	79	79	0
scaffold_59	256653	145350	145469	+	CP052044.1	4259108	3363700	3363820	98	120	0
scaffold_169	51120	23893	24018	-	CP052044.1	4259108	3363709	3363835	104	126	0
scaffold_154	60446	36783	36841	-	CP052044.1	4259108	3363709	3363767	41	58	0
scaffold_982	1040	31	121	-	CP052044.1	4259108	3363729	3363820	69	91	0
scaffold_1255	684	571	676	-	CP052044.1	4259108	3363729	3363835	84	106	0
scaffold_323	18080	18003	18064	-	CP052044.1	4259108	3363758	3363820	40	62	0
scaffold_96	109087	18195	18311	+	CP052044.1	4259108	3364717	3364833	104	116	0
scaffold_154	60446	37671	37780	+	CP052044.1	4259108	3364717	3364826	73	109	0
scaffold_243	28230	26122	26238	+	CP052044.1	4259108	3364717	3364833	93	116	0
scaffold_90	123581	107332	107453	-	CP052044.1	4259108	3364717	3364838	109	121	0
scaffold_243	28230	22456	22565	-	CP052044.1	4259108	3364717	3364826	97	109	0
scaffold_336	17138	14060	14181	-	CP052044.1	4259108	3364717	3364838	109	121	0
scaffold_85	135051	111249	111370	+	CP052044.1	4259108	3364717	3364838	85	121	0
scaffold_371	14652	13759	13875	+	CP052044.1	4259108	3364717	3364833	90	116	0
scaffold_336	17138	8922	9038	+	CP052044.1	4259108	3364717	3364833	104	116	0
scaffold_61	235649	105784	105905	+	CP052044.1	4259108	3364717	3364838	91	121	0
scaffold_68	182924	176124	176240	-	CP052044.1	4259108	3364717	3364833	104	116	0
scaffold_10	1239786	1068475	1068581	+	CP052044.1	4259108	3364727	3364833	64	106	0
scaffold_287	21903	4069	4163	+	CP052044.1	4259108	3364739	3364833	66	94	0
scaffold_347	15918	9977	10064	+	CP052044.1	4259108	3364739	3364826	75	87	0
scaffold_427	11379	3299	3398	+	CP052044.1	4259108	3364739	3364838	87	99	0
scaffold_133	76283	9431	9807	+	CP052044.1	4259108	3371913	3372290	43	377	0
scaffold_10	1239786	1219240	1219625	+	CP052044.1	4259108	3371935	3372320	132	385	0
scaffold_40	392173	208501	209694	+	CP052044.1	4259108	3372001	3373194	104	1193	0
scaffold_429	11191	281	570	-	CP052044.1	4259108	3372001	3372290	57	289	0
scaffold_297	20811	18468	19276	-	CP052044.1	4259108	3372114	3372922	127	808	0
scaffold_110	91422	64867	65695	-	CP052044.1	4259108	3372288	3373116	195	828	0
scaffold_365	15120	13923	14810	+	CP052044.1	4259108	3372410	3373297	162	887	0
scaffold_60	240913	106246	106851	-	CP052044.1	4259108	3372692	3373297	94	605	0
scaffold_1496	558	200	383	-	CP052044.1	4259108	3372933	3373116	57	183	0
scaffold_173	47066	1819	4358	-	CP052044.1	4259108	3376402	3378962	1520	2560	0
scaffold_70	181850	128749	130573	+	CP052044.1	4259108	3377361	3379185	641	1825	0
scaffold_148	65701	165	364	+	CP052044.1	4259108	3379029	3379248	122	219	0
scaffold_96	109087	51017	53971	+	CP052044.1	4259108	3390583	3393537	2411	2954	0
scaffold_262	24986	20514	21165	-	CP052044.1	4259108	3398520	3399171	231	651	0
scaffold_99	104861	3757	4093	-	CP052044.1	4259108	3398520	3398857	221	337	0
scaffold_68	182924	16890	17037	+	CP052044.1	4259108	3398531	3398678	96	147	0
scaffold_1374	618	49	608	-	CP052044.1	4259108	3398531	3399091	340	560	0
scaffold_62	231438	79000	79248	-	CP052044.1	4259108	3398531	3398780	54	249	0
scaffold_150	63801	58180	58478	+	CP052044.1	4259108	3398541	3398839	79	298	0
scaffold_172	48882	42512	42570	-	CP052044.1	4259108	3398548	3398606	58	58	0
scaffold_151	63507	43579	44150	+	CP052044.1	4259108	3398604	3399162	201	571	0
scaffold_68	182924	84341	87151	+	CP052044.1	4259108	3399555	3402364	2292	2810	0
scaffold_262	24986	20514	21165	+	CP052044.1	4259108	3406616	3407267	231	651	0
scaffold_1374	618	49	608	+	CP052044.1	4259108	3406696	3407256	340	560	0
scaffold_99	104861	3757	4093	+	CP052044.1	4259108	3406930	3407267	221	337	0
scaffold_150	63801	58180	58478	-	CP052044.1	4259108	3406948	3407246	79	298	0
scaffold_68	182924	16890	17037	-	CP052044.1	4259108	3407109	3407256	96	147	0
scaffold_172	48882	42512	42570	+	CP052044.1	4259108	3407181	3407239	58	58	0
scaffold_357	15566	71	119	-	CP052044.1	4259108	3434634	3434682	48	48	0
scaffold_219	33473	33356	33401	+	CP052044.1	4259108	3434637	3434682	45	45	0
scaffold_148	65701	21841	22387	-	CP052044.1	4259108	3434883	3435432	50	549	0
scaffold_272	24052	13977	14205	+	CP052044.1	4259108	3435208	3435432	120	228	0
scaffold_112	88048	33368	33468	-	CP052044.1	4259108	3435208	3435308	41	100	0
scaffold_194	39750	31911	32012	+	CP052044.1	4259108	3435537	3435640	57	103	0
scaffold_148	65701	38325	38434	+	CP052044.1	4259108	3435553	3435661	44	109	0
scaffold_1411	599	487	588	-	CP052044.1	4259108	3435559	3435661	57	102	0
scaffold_63	225848	34668	34711	-	CP052044.1	4259108	3457533	3457576	43	43	0
scaffold_85	135051	3095	3304	-	CP052044.1	4259108	3462631	3462840	131	209	0
scaffold_8	1419871	1292444	1295013	+	CP052044.1	4259108	3464676	3467101	523	2606	0
scaffold_304	20323	6952	7025	+	CP052044.1	4259108	3468066	3468141	65	75	0
scaffold_133	76283	26137	26228	+	CP052044.1	4259108	3468066	3468157	43	91	0
scaffold_115	86240	16721	17542	-	CP052044.1	4259108	3468270	3469095	397	825	0
scaffold_1128	788	582	728	-	CP052044.1	4259108	3469137	3469283	92	146	0
scaffold_51	297976	268810	269644	-	CP052044.1	4259108	3470967	3471801	575	834	0
scaffold_151	63507	41776	43508	+	CP052044.1	4259108	3474916	3476649	1035	1733	0
scaffold_106	94230	93952	94185	+	CP052044.1	4259108	3475085	3475318	61	233	0
scaffold_91	120630	107735	109331	-	CP052044.1	4259108	3475085	3476681	412	1596	0
scaffold_950	1157	35	949	+	CP052044.1	4259108	3475596	3476510	275	914	0
scaffold_149	65637	64113	65194	-	CP052044.1	4259108	3477349	3478430	57	1081	0
scaffold_107	93315	27167	27551	-	CP052044.1	4259108	3486191	3486578	118	387	0
scaffold_39	398046	154571	154909	+	CP052044.1	4259108	3486213	3486555	96	342	0
scaffold_10	1239786	1149257	1149596	+	CP052044.1	4259108	3486213	3486555	96	342	0
scaffold_1656	513	304	487	-	CP052044.1	4259108	3486233	3486409	62	183	0
scaffold_154	60446	21547	21728	-	CP052044.1	4259108	3486233	3486415	44	182	0
scaffold_312	19256	12745	12829	+	CP052044.1	4259108	3486281	3486367	41	86	0
scaffold_173	47066	14725	14767	+	CP052044.1	4259108	3486536	3486578	42	42	0
scaffold_227	31762	10934	11262	-	CP052044.1	4259108	3487305	3487646	57	345	0
scaffold_22	716055	39046	39178	-	CP052044.1	4259108	3487496	3487622	60	132	0
scaffold_1537	542	7	86	-	CP052044.1	4259108	3487567	3487646	65	79	0
scaffold_110	91422	17507	17618	-	CP052044.1	4259108	3487627	3487738	83	111	0
scaffold_296	20863	19838	20156	+	CP052044.1	4259108	3491786	3492113	130	328	0
scaffold_11	1212133	1060671	1060927	-	CP052044.1	4259108	3491828	3492093	110	267	0
scaffold_13	1103368	393124	394329	+	CP052044.1	4259108	3492531	3493736	78	1205	0
scaffold_96	109087	15884	16438	-	CP052044.1	4259108	3493180	3493734	66	554	0
scaffold_210	35262	33163	33285	-	CP052044.1	4259108	3498758	3498880	53	122	0
scaffold_1387	609	266	410	-	CP052044.1	4259108	3498766	3498908	66	144	0
scaffold_61	235649	222714	222797	+	CP052044.1	4259108	3498818	3498900	58	83	0
scaffold_148	65701	21001	22387	-	CP052044.1	4259108	3499279	3500668	76	1391	0
scaffold_154	60446	58444	58995	-	CP052044.1	4259108	3501572	3502123	57	551	0
scaffold_106	94230	69264	71255	-	CP052044.1	4259108	3503010	3505001	314	1997	0
scaffold_61	235649	105784	105893	+	CP052044.1	4259108	3507843	3507952	76	109	0
scaffold_243	28230	26122	26231	+	CP052044.1	4259108	3507843	3507952	83	109	0
scaffold_243	28230	22456	22565	-	CP052044.1	4259108	3507843	3507952	83	109	0
scaffold_90	123581	107344	107453	-	CP052044.1	4259108	3507843	3507952	83	109	0
scaffold_336	17138	14072	14181	-	CP052044.1	4259108	3507843	3507952	83	109	0
scaffold_154	60446	37671	37780	+	CP052044.1	4259108	3507843	3507952	54	109	0
scaffold_371	14652	13759	13868	+	CP052044.1	4259108	3507843	3507952	80	109	0
scaffold_427	11379	3299	3386	+	CP052044.1	4259108	3507865	3507952	61	87	0
scaffold_347	15918	9977	10064	+	CP052044.1	4259108	3507865	3507952	61	87	0
scaffold_287	21903	4069	4156	+	CP052044.1	4259108	3507865	3507952	45	87	0
scaffold_296	20863	19842	20047	+	CP052044.1	4259108	3508059	3508264	86	205	0
scaffold_218	33655	8782	10014	-	CP052044.1	4259108	3508397	3509629	841	1232	0
scaffold_45	358384	18457	19387	-	CP052044.1	4259108	3508688	3509618	105	930	0
scaffold_1281	667	14	117	+	CP052044.1	4259108	3510018	3510121	91	103	0
scaffold_218	33655	21991	22177	+	CP052044.1	4259108	3510252	3510449	131	197	0
scaffold_11	1212133	21741	21951	-	CP052044.1	4259108	3510398	3510606	181	210	0
scaffold_218	33655	23713	23792	+	CP052044.1	4259108	3510527	3510606	69	79	0
scaffold_48	348853	333543	341163	-	CP052044.1	4259108	3510616	3518424	375	7808	0
scaffold_102	100464	74917	75084	-	CP052044.1	4259108	3510616	3510783	153	167	0
scaffold_70	181850	173079	180728	+	CP052044.1	4259108	3510616	3518395	401	7779	0
scaffold_21	738175	55591	55757	-	CP052044.1	4259108	3510616	3510781	138	166	0
scaffold_343	16140	2921	3061	-	CP052044.1	4259108	3510645	3510783	85	140	0
scaffold_32	471417	2675	10327	+	CP052044.1	4259108	3510645	3518383	184	7771	0
scaffold_70	181850	30507	37993	-	CP052044.1	4259108	3510988	3518611	152	7633	0
scaffold_212	35064	7180	7318	-	CP052044.1	4259108	3518257	3518395	93	138	0
scaffold_102	100464	74917	75084	-	CP052044.1	4259108	3518257	3518424	153	167	0
scaffold_21	738175	55591	55757	-	CP052044.1	4259108	3518257	3518422	138	166	0
scaffold_144	69844	55537	55635	+	CP052044.1	4259108	3518286	3518383	59	98	0
scaffold_343	16140	2921	3061	-	CP052044.1	4259108	3518286	3518424	85	140	0
scaffold_99	104861	84858	84984	-	CP052044.1	4259108	3519280	3519406	80	126	0
scaffold_187	42170	1353	1420	+	CP052044.1	4259108	3519280	3519347	49	67	0
scaffold_169	51120	16857	16983	+	CP052044.1	4259108	3519280	3519406	110	126	0
scaffold_1454	575	470	537	+	CP052044.1	4259108	3519280	3519347	67	67	0
scaffold_128	78074	37003	37129	-	CP052044.1	4259108	3519280	3519406	105	126	0
scaffold_175	46490	3837	3965	-	CP052044.1	4259108	3519280	3519406	97	128	0
scaffold_1117	806	102	169	+	CP052044.1	4259108	3519280	3519347	61	67	0
scaffold_59	256653	15886	16027	+	CP052044.1	4259108	3519280	3519421	101	141	0
scaffold_13	1103368	10031	10157	+	CP052044.1	4259108	3519280	3519406	97	126	0
scaffold_107	93315	59556	59697	+	CP052044.1	4259108	3519280	3519421	111	141	0
scaffold_150	63801	53516	53634	-	CP052044.1	4259108	3519303	3519421	72	118	0
scaffold_63	225848	112756	112859	-	CP052044.1	4259108	3519303	3519406	87	103	0
scaffold_99	104861	93199	93317	+	CP052044.1	4259108	3519303	3519421	78	118	0
scaffold_93	118238	93184	98620	-	CP052044.1	4259108	3519303	3524742	775	5439	0
scaffold_210	35262	33163	33266	+	CP052044.1	4259108	3519303	3519406	87	103	0
scaffold_101	101313	79114	79202	+	CP052044.1	4259108	3519318	3519406	59	88	0
scaffold_218	33655	23933	24037	-	CP052044.1	4259108	3519318	3519421	63	104	0
scaffold_63	225848	34653	34722	-	CP052044.1	4259108	3519352	3519421	69	69	0
scaffold_1069	866	5	806	-	CP052044.1	4259108	3521084	3521885	706	801	0
scaffold_995	1001	1	997	+	CP052044.1	4259108	3521911	3522907	824	996	0
scaffold_1	2692756	275471	276434	-	CP052044.1	4259108	3523853	3524816	229	963	0
scaffold_13	1103368	10031	10157	+	CP052044.1	4259108	3524675	3524801	97	126	0
scaffold_99	104861	84858	84984	-	CP052044.1	4259108	3524675	3524801	80	126	0
scaffold_1117	806	102	169	+	CP052044.1	4259108	3524675	3524742	61	67	0
scaffold_169	51120	16857	16983	+	CP052044.1	4259108	3524675	3524801	110	126	0
scaffold_107	93315	59556	59697	+	CP052044.1	4259108	3524675	3524816	111	141	0
scaffold_1454	575	470	537	+	CP052044.1	4259108	3524675	3524742	67	67	0
scaffold_187	42170	1353	1420	+	CP052044.1	4259108	3524675	3524742	49	67	0
scaffold_128	78074	37003	37129	-	CP052044.1	4259108	3524675	3524801	105	126	0
scaffold_59	256653	15886	16027	+	CP052044.1	4259108	3524675	3524816	101	141	0
scaffold_175	46490	3837	3965	-	CP052044.1	4259108	3524675	3524801	97	128	0
scaffold_99	104861	93199	93317	+	CP052044.1	4259108	3524698	3524816	78	118	0
scaffold_63	225848	112756	112859	-	CP052044.1	4259108	3524698	3524801	87	103	0
scaffold_150	63801	53516	53634	-	CP052044.1	4259108	3524698	3524816	72	118	0
scaffold_210	35262	33163	33266	+	CP052044.1	4259108	3524698	3524801	87	103	0
scaffold_128	78074	8601	8645	-	CP052044.1	4259108	3524698	3524742	44	44	0
scaffold_101	101313	79114	79202	+	CP052044.1	4259108	3524713	3524801	59	88	0
scaffold_218	33655	23933	24037	-	CP052044.1	4259108	3524713	3524816	63	104	0
scaffold_63	225848	34653	34722	-	CP052044.1	4259108	3524747	3524816	69	69	0
scaffold_979	1052	472	610	-	CP052044.1	4259108	3529228	3529368	62	140	0
scaffold_154	60446	16161	16342	+	CP052044.1	4259108	3529228	3529409	127	181	0
scaffold_77	149510	133026	133181	-	CP052044.1	4259108	3529228	3529383	63	155	0
scaffold_154	60446	29240	31140	+	CP052044.1	4259108	3529228	3531125	581	1900	0
scaffold_96	109087	105772	106733	-	CP052044.1	4259108	3529228	3530191	421	963	0
scaffold_96	109087	42003	42298	+	CP052044.1	4259108	3529228	3529542	174	314	0
scaffold_85	135051	73211	73877	-	CP052044.1	4259108	3529228	3529900	265	672	0
scaffold_175	46490	17617	19874	+	CP052044.1	4259108	3529277	3531579	1253	2302	0
scaffold_96	109087	74710	74848	-	CP052044.1	4259108	3531901	3532038	71	138	0
scaffold_429	11191	9704	9847	+	CP052044.1	4259108	3532072	3532214	43	143	0
scaffold_93	118238	108586	108742	+	CP052044.1	4259108	3532072	3532228	52	156	0
scaffold_429	11191	5501	5643	-	CP052044.1	4259108	3532072	3532214	43	142	0
scaffold_51	297976	130707	131255	+	CP052044.1	4259108	3532072	3532622	96	551	0
scaffold_33	455355	437579	437636	+	CP052044.1	4259108	3534929	3534986	53	57	0
scaffold_401	12799	8895	8952	-	CP052044.1	4259108	3534929	3534986	53	57	0
scaffold_153	61587	7174	7389	+	CP052044.1	4259108	3534988	3535226	100	240	0
scaffold_169	51120	10464	10611	+	CP052044.1	4259108	3543467	3543615	98	148	0
scaffold_148	65701	44043	44190	+	CP052044.1	4259108	3543467	3543615	94	148	0
scaffold_175	46490	6492	6641	-	CP052044.1	4259108	3543467	3543617	96	150	0
scaffold_63	225848	201358	201507	-	CP052044.1	4259108	3543467	3543615	98	149	0
scaffold_387	13657	10887	11038	+	CP052044.1	4259108	3543467	3543617	100	151	0
scaffold_249	26889	989	1121	-	CP052044.1	4259108	3543467	3543596	54	132	0
scaffold_80	143857	61319	61460	-	CP052044.1	4259108	3543473	3543615	104	142	0
scaffold_115	86240	35229	35372	-	CP052044.1	4259108	3543473	3543615	73	143	0
scaffold_115	86240	21256	21398	-	CP052044.1	4259108	3543473	3543615	69	142	0
scaffold_172	48882	38657	38802	+	CP052044.1	4259108	3543473	3543617	87	145	0
scaffold_854	1662	191	335	-	CP052044.1	4259108	3543473	3543617	75	144	0
scaffold_88	125722	73918	74062	-	CP052044.1	4259108	3543473	3543615	57	144	0
scaffold_148	65701	38290	38434	-	CP052044.1	4259108	3543473	3543615	57	144	0
scaffold_194	39750	31892	31986	-	CP052044.1	4259108	3543521	3543615	57	94	0
scaffold_107	93315	59551	59697	+	CP052044.1	4259108	3549247	3549399	100	152	0
scaffold_99	104861	84858	84989	-	CP052044.1	4259108	3549247	3549384	85	137	0
scaffold_1454	575	470	527	+	CP052044.1	4259108	3549252	3549309	57	57	0
scaffold_13	1103368	10031	10157	+	CP052044.1	4259108	3549252	3549384	76	132	0
scaffold_169	51120	16857	16983	+	CP052044.1	4259108	3549252	3549384	95	132	0
scaffold_1117	806	102	144	+	CP052044.1	4259108	3549252	3549294	42	42	0
scaffold_210	35262	33163	33266	+	CP052044.1	4259108	3549275	3549384	72	109	0
scaffold_150	63801	53516	53634	-	CP052044.1	4259108	3549275	3549399	53	124	0
scaffold_218	33655	23933	24037	-	CP052044.1	4259108	3549290	3549399	53	109	0
scaffold_63	225848	34653	34711	-	CP052044.1	4259108	3549335	3549399	53	64	0
scaffold_85	135051	40665	43651	+	CP052044.1	4259108	3551184	3554172	1659	2988	0
scaffold_1426	591	400	576	+	CP052044.1	4259108	3554230	3554406	96	176	0
scaffold_86	130972	11	123	-	CP052044.1	4259108	3554230	3554342	57	112	0
scaffold_358	15501	15391	15474	-	CP052044.1	4259108	3554323	3554406	58	83	0
scaffold_2	2503568	29	112	+	CP052044.1	4259108	3554323	3554406	58	83	0
scaffold_282	22153	943	3058	-	CP052044.1	4259108	3554481	3556595	950	2118	0
scaffold_156	59460	19493	21674	+	CP052044.1	4259108	3559832	3562030	961	2198	0
scaffold_106	94230	71349	73533	-	CP052044.1	4259108	3559832	3562030	1075	2201	0
scaffold_93	118238	66185	68333	+	CP052044.1	4259108	3559867	3562030	679	2168	0
scaffold_106	94230	46133	46415	-	CP052044.1	4259108	3563857	3564139	153	282	0
scaffold_292	21110	8716	8888	+	CP052044.1	4259108	3563857	3564029	121	172	0
scaffold_304	20323	16759	16906	+	CP052044.1	4259108	3563882	3564029	95	147	0
scaffold_365	15120	14983	15112	+	CP052044.1	4259108	3564920	3565049	129	129	0
scaffold_112	88048	87545	88034	-	CP052044.1	4259108	3564944	3565436	432	492	0
scaffold_181	44073	789	1378	-	CP052044.1	4259108	3565427	3566016	348	589	0
scaffold_48	348853	333543	341163	+	CP052044.1	4259108	3566631	3574440	368	7809	0
scaffold_343	16140	2921	3061	+	CP052044.1	4259108	3566631	3566769	85	140	0
scaffold_102	100464	74917	75084	+	CP052044.1	4259108	3566631	3566798	153	167	0
scaffold_21	738175	55591	55757	+	CP052044.1	4259108	3566633	3566798	138	166	0
scaffold_70	181850	173079	180728	-	CP052044.1	4259108	3566660	3574440	401	7780	0
scaffold_32	471417	2675	10327	-	CP052044.1	4259108	3566672	3574411	184	7773	0
scaffold_129	76929	56613	57397	-	CP052044.1	4259108	3566808	3567592	97	784	0
scaffold_102	100464	74917	75086	+	CP052044.1	4259108	3574273	3574442	155	169	0
scaffold_343	16140	2921	3061	+	CP052044.1	4259108	3574273	3574411	85	140	0
scaffold_21	738175	55591	55757	+	CP052044.1	4259108	3574275	3574440	138	166	0
scaffold_212	35064	7180	7320	+	CP052044.1	4259108	3574302	3574442	95	140	0
scaffold_144	69844	55537	55635	-	CP052044.1	4259108	3574314	3574411	59	98	0
scaffold_33	455355	418910	419190	-	CP052044.1	4259108	3574954	3575218	80	280	0
scaffold_129	76929	20562	20917	+	CP052044.1	4259108	3574963	3575246	137	355	0
scaffold_175	46490	9618	9945	-	CP052044.1	4259108	3574963	3575218	109	327	0
scaffold_283	22139	21846	22131	+	CP052044.1	4259108	3574963	3575176	67	285	0
scaffold_133	76283	51080	51207	+	CP052044.1	4259108	3575128	3575255	127	127	0
scaffold_169	51120	23880	23998	-	CP052044.1	4259108	3575128	3575246	118	118	0
scaffold_175	46490	31430	31520	-	CP052044.1	4259108	3575128	3575218	80	90	0
scaffold_877	1508	1048	1165	-	CP052044.1	4259108	3575128	3575246	85	118	0
scaffold_210	35262	10296	10368	-	CP052044.1	4259108	3575147	3575218	50	72	0
scaffold_323	18080	18003	18064	-	CP052044.1	4259108	3575157	3575218	61	61	0
scaffold_321	18170	3918	4485	-	CP052044.1	4259108	3576301	3576868	484	567	0
scaffold_101	101313	3018	8983	+	CP052044.1	4259108	3576301	3582299	1501	6005	0
scaffold_106	94230	69534	71255	+	CP052044.1	4259108	3576587	3578311	285	1727	0
scaffold_148	65701	21005	22387	+	CP052044.1	4259108	3580657	3582058	57	1401	0
scaffold_150	63801	53516	53634	+	CP052044.1	4259108	3584329	3584448	57	119	0
scaffold_1387	609	274	410	-	CP052044.1	4259108	3584333	3584468	58	136	0
scaffold_93	118238	93114	93228	+	CP052044.1	4259108	3584333	3584448	57	115	0
scaffold_61	235649	222714	222797	+	CP052044.1	4259108	3584385	3584468	58	83	0
scaffold_128	78074	8601	8645	+	CP052044.1	4259108	3584404	3584448	44	44	0
scaffold_1454	575	493	537	-	CP052044.1	4259108	3584404	3584448	44	44	0
scaffold_16	897138	27665	27859	-	CP052044.1	4259108	3584566	3584764	43	198	0
scaffold_22	716055	26932	27261	+	CP052044.1	4259108	3584566	3584899	60	333	0
scaffold_1656	513	304	362	-	CP052044.1	4259108	3584706	3584764	43	58	0
scaffold_93	118238	26594	26677	-	CP052044.1	4259108	3584825	3584908	66	83	0
scaffold_1639	518	235	283	-	CP052044.1	4259108	3585001	3585049	48	48	0
scaffold_287	21903	4627	4678	+	CP052044.1	4259108	3585304	3585355	51	51	0
scaffold_1454	575	470	512	-	CP052044.1	4259108	3585336	3585378	42	42	0
scaffold_1117	806	102	144	-	CP052044.1	4259108	3585336	3585378	42	42	0
scaffold_88	125722	8884	8952	+	CP052044.1	4259108	3585536	3585604	55	68	0
scaffold_227	31762	10864	11262	-	CP052044.1	4259108	3585878	3586311	67	433	0
scaffold_181	44073	3134	3464	-	CP052044.1	4259108	3590451	3590781	57	330	0
scaffold_148	65701	32895	33067	+	CP052044.1	4259108	3602154	3602326	76	172	0
scaffold_181	44073	22990	23039	-	CP052044.1	4259108	3606159	3606208	49	49	0
scaffold_169	51120	568	2164	-	CP052044.1	4259108	3613320	3614913	319	1600	0
scaffold_51	297976	185406	186884	-	CP052044.1	4259108	3613404	3614875	342	1479	0
scaffold_14	908909	32572	32727	-	CP052044.1	4259108	3617668	3617824	55	156	0
scaffold_1553	536	437	486	+	CP052044.1	4259108	3617668	3617717	49	49	0
scaffold_30	507731	444074	444223	+	CP052044.1	4259108	3617674	3617824	96	150	0
scaffold_133	76283	14	103	-	CP052044.1	4259108	3617685	3617775	68	90	0
scaffold_16	897138	14	103	-	CP052044.1	4259108	3617685	3617775	68	90	0
scaffold_1255	684	571	676	+	CP052044.1	4259108	3617698	3617804	84	106	0
scaffold_336	17138	9129	9261	+	CP052044.1	4259108	3617713	3617846	108	133	0
scaffold_982	1040	31	121	+	CP052044.1	4259108	3617713	3617804	69	91	0
scaffold_323	18080	18003	18064	+	CP052044.1	4259108	3617713	3617775	40	62	0
scaffold_175	46490	9618	9945	+	CP052044.1	4259108	3617713	3618028	127	328	0
scaffold_175	46490	31430	31591	+	CP052044.1	4259108	3617713	3617875	98	162	0
scaffold_33	455355	418910	419020	+	CP052044.1	4259108	3617713	3617824	69	111	0
scaffold_210	35262	10296	10429	+	CP052044.1	4259108	3617713	3617846	110	133	0
scaffold_85	135051	111766	111836	+	CP052044.1	4259108	3617754	3617824	70	70	0
scaffold_336	17138	17008	17119	-	CP052044.1	4259108	3617754	3617865	108	111	0
scaffold_154	60446	36783	36841	+	CP052044.1	4259108	3617766	3617824	41	58	0
scaffold_218	33655	8782	10014	-	CP052044.1	4259108	3618537	3619769	841	1232	0
scaffold_1281	667	14	117	+	CP052044.1	4259108	3620158	3620261	91	103	0
scaffold_1656	513	304	354	+	CP052044.1	4259108	3620386	3620436	43	50	0
scaffold_63	225848	201377	201501	-	CP052044.1	4259108	3621094	3621221	80	127	0
scaffold_387	13657	10893	11017	+	CP052044.1	4259108	3621094	3621221	80	127	0
scaffold_115	86240	35248	35372	-	CP052044.1	4259108	3621094	3621221	54	127	0
scaffold_68	182924	17090	19419	+	CP052044.1	4259108	3624305	3626373	1088	2330	0
scaffold_11	1212133	54989	56722	+	CP052044.1	4259108	3624513	3626373	1035	1860	0
scaffold_1250	688	538	684	+	CP052044.1	4259108	3628351	3628497	89	146	0
scaffold_112	88048	87545	88034	+	CP052044.1	4259108	3631212	3631704	432	492	0
scaffold_365	15120	14983	15112	-	CP052044.1	4259108	3631599	3631728	129	129	0
scaffold_865	1564	378	1556	-	CP052044.1	4259108	3631599	3632777	839	1178	0
scaffold_1	2692756	47345	48284	-	CP052044.1	4259108	3631837	3632777	125	940	0
scaffold_292	21110	8730	8888	-	CP052044.1	4259108	3632619	3632777	107	158	0
scaffold_304	20323	16759	16906	-	CP052044.1	4259108	3632619	3632766	95	147	0
scaffold_842	1747	732	826	-	CP052044.1	4259108	3633504	3633598	64	94	0
scaffold_371	14652	10955	11092	+	CP052044.1	4259108	3633868	3634005	52	137	0
scaffold_273	23718	3680	3838	+	CP052044.1	4259108	3641389	3641541	62	158	0
scaffold_85	135051	73075	73877	+	CP052044.1	4259108	3645430	3646237	317	808	0
scaffold_1193	731	15	55	-	CP052044.1	4259108	3645641	3645681	40	40	0
scaffold_183	43655	7633	7773	+	CP052044.1	4259108	3645861	3646001	115	140	0
scaffold_154	60446	16161	16342	-	CP052044.1	4259108	3646056	3646237	158	181	0
scaffold_979	1052	472	610	+	CP052044.1	4259108	3646097	3646237	81	140	0
scaffold_85	135051	9228	9344	+	CP052044.1	4259108	3646121	3646237	73	116	0
scaffold_106	94230	93952	94185	-	CP052044.1	4259108	3646327	3646560	61	233	0
scaffold_852	1676	5	85	-	CP052044.1	4259108	3650781	3650861	56	80	0
scaffold_28	539988	17793	17998	+	CP052044.1	4259108	3652137	3652342	106	205	0
scaffold_282	22153	943	3058	+	CP052044.1	4259108	3658172	3660286	950	2118	0
scaffold_85	135051	74176	74790	+	CP052044.1	4259108	3659228	3659853	57	625	0
scaffold_308	19755	2684	2783	-	CP052044.1	4259108	3664348	3664447	57	99	0
scaffold_979	1052	813	886	-	CP052044.1	4259108	3664366	3664439	58	73	0
scaffold_77	149510	107881	108227	+	CP052044.1	4259108	3664391	3664739	57	348	0
scaffold_323	18080	14133	17742	-	CP052044.1	4259108	3670976	3674585	2599	3609	0
scaffold_68	182924	123580	127107	-	CP052044.1	4259108	3671032	3674559	1149	3527	0
scaffold_133	76283	54482	54702	-	CP052044.1	4259108	3674357	3674577	140	220	0
scaffold_133	76283	40121	40338	-	CP052044.1	4259108	3674368	3674585	143	217	0
scaffold_91	120630	13603	15440	+	CP052044.1	4259108	3674681	3676518	1424	1837	0
scaffold_318	18503	15294	15425	-	CP052044.1	4259108	3674810	3674941	46	131	0
scaffold_212	35064	7719	8862	+	CP052044.1	4259108	3674818	3675961	135	1143	0
scaffold_57	260754	104392	104903	-	CP052044.1	4259108	3675450	3675961	40	511	0
scaffold_61	235649	104012	104715	-	CP052044.1	4259108	3675606	3676309	117	703	0
scaffold_3	2381582	11642	15032	+	CP052044.1	4259108	3676520	3679647	1809	3398	0
scaffold_143	70430	144	3245	-	CP052044.1	4259108	3676520	3679647	2124	3128	0
scaffold_1658	512	15	512	+	CP052044.1	4259108	3678651	3679199	339	554	0
scaffold_88	125722	26220	26418	+	CP052044.1	4259108	3678754	3678952	185	198	0
scaffold_16	897138	4668	5433	-	CP052044.1	4259108	3678847	3679647	133	806	0
scaffold_1656	513	415	487	-	CP052044.1	4259108	3679751	3679822	50	72	0
scaffold_93	118238	68693	69057	+	CP052044.1	4259108	3687483	3687819	89	364	0
scaffold_93	118238	108586	108825	+	CP052044.1	4259108	3691336	3691573	66	239	0
scaffold_429	11191	5467	5643	-	CP052044.1	4259108	3691336	3691513	57	177	0
scaffold_80	143857	66325	66445	-	CP052044.1	4259108	3691483	3691611	67	128	0
scaffold_68	182924	84341	87151	-	CP052044.1	4259108	3699161	3701944	2271	2810	0
scaffold_85	135051	73633	73849	-	CP052044.1	4259108	3708648	3708864	135	217	0
scaffold_172	48882	32325	32717	-	CP052044.1	4259108	3709503	3709911	81	408	0
scaffold_85	135051	17236	17825	-	CP052044.1	4259108	3709532	3710146	89	615	0
scaffold_145	69505	5439	6005	+	CP052044.1	4259108	3709892	3710511	76	627	0
scaffold_154	60446	58738	59342	-	CP052044.1	4259108	3711748	3712352	49	604	0
scaffold_842	1747	578	689	-	CP052044.1	4259108	3716969	3717080	82	111	0
scaffold_401	12799	2678	2838	+	CP052044.1	4259108	3716979	3717139	114	160	0
scaffold_153	61587	32772	32932	+	CP052044.1	4259108	3716979	3717139	104	160	0
scaffold_153	61587	32772	32932	+	CP052044.1	4259108	3722273	3722433	104	160	0
scaffold_842	1747	578	679	-	CP052044.1	4259108	3722273	3722374	72	101	0
scaffold_401	12799	2678	2838	+	CP052044.1	4259108	3722273	3722433	114	160	0
scaffold_190	40947	4840	4880	+	CP052044.1	4259108	3723114	3723154	40	40	0
scaffold_429	11191	9683	9723	+	CP052044.1	4259108	3723114	3723154	40	40	0
scaffold_194	39750	18114	18421	-	CP052044.1	4259108	3739726	3740004	72	307	0
scaffold_10	1239786	1227057	1227323	+	CP052044.1	4259108	3742808	3743074	209	266	0
scaffold_128	78074	37272	38198	+	CP052044.1	4259108	3754494	3755420	495	926	0
scaffold_107	93315	25585	26893	+	CP052044.1	4259108	3754907	3756209	109	1308	0
scaffold_116	84153	599	1877	-	CP052044.1	4259108	3754990	3756267	71	1278	0
scaffold_61	235649	104308	104713	+	CP052044.1	4259108	3755015	3755420	116	405	0
scaffold_96	109087	96877	97920	+	CP052044.1	4259108	3755067	3756109	147	1043	0
scaffold_212	35064	7571	8862	-	CP052044.1	4259108	3755067	3756357	154	1291	0
scaffold_57	260754	104392	104732	+	CP052044.1	4259108	3755067	3755407	52	340	0
scaffold_365	15120	13923	14727	+	CP052044.1	4259108	3755306	3756109	129	804	0
scaffold_863	1570	893	1128	+	CP052044.1	4259108	3755388	3755622	79	235	0
scaffold_14	908909	130	323	+	CP052044.1	4259108	3755567	3755760	52	193	0
scaffold_1496	558	75	547	-	CP052044.1	4259108	3755664	3756136	57	472	0
scaffold_96	109087	51017	53971	-	CP052044.1	4259108	3762403	3765357	2411	2954	0
scaffold_1186	734	11	349	-	CP052044.1	4259108	3765414	3765752	57	338	0
scaffold_1008	950	39	934	+	CP052044.1	4259108	3767811	3768706	585	895	0
scaffold_1558	534	52	407	-	CP052044.1	4259108	3768135	3768490	134	355	0
scaffold_258	25314	92	1046	+	CP052044.1	4259108	3768687	3769641	675	954	0
scaffold_328	17820	9	239	+	CP052044.1	4259108	3769411	3769641	156	230	0
scaffold_75	154281	118667	119037	+	CP052044.1	4259108	3769714	3770090	98	387	0
scaffold_150	63801	58180	58450	+	CP052044.1	4259108	3783910	3784179	67	270	0
scaffold_296	20863	631	2275	+	CP052044.1	4259108	3784351	3786005	987	1654	0
scaffold_156	59460	25428	27103	+	CP052044.1	4259108	3786352	3788021	259	1676	0
scaffold_51	297976	161312	163417	+	CP052044.1	4259108	3791938	3794056	1290	2119	0
scaffold_80	143857	77803	78765	-	CP052044.1	4259108	3797152	3798113	650	962	0
scaffold_75	154281	69621	71822	-	CP052044.1	4259108	3797814	3800014	911	2202	0
scaffold_296	20863	411	532	+	CP052044.1	4259108	3800072	3800193	79	121	0
scaffold_842	1747	578	675	-	CP052044.1	4259108	3807414	3807511	68	97	0
scaffold_401	12799	2682	2838	+	CP052044.1	4259108	3807414	3807570	101	156	0
scaffold_842	1747	1451	1717	+	CP052044.1	4259108	3808836	3809102	202	266	0
scaffold_1361	623	40	604	-	CP052044.1	4259108	3809121	3809689	361	568	0
scaffold_1386	610	59	581	-	CP052044.1	4259108	3811959	3812481	426	522	0
scaffold_51	297976	161312	163417	+	CP052044.1	4259108	3812908	3815026	1290	2119	0
scaffold_51	297976	269660	269917	+	CP052044.1	4259108	3819472	3819729	163	257	0
scaffold_153	61587	27100	27251	+	CP052044.1	4259108	3819594	3819745	98	151	0
scaffold_13	1103368	20460	20675	-	CP052044.1	4259108	3819629	3819844	76	215	0
scaffold_133	76283	40121	40338	+	CP052044.1	4259108	3820982	3821199	143	217	0
scaffold_323	18080	14133	17742	+	CP052044.1	4259108	3820982	3824591	2599	3609	0
scaffold_133	76283	54482	54702	+	CP052044.1	4259108	3820990	3821210	140	220	0
scaffold_68	182924	123580	127107	+	CP052044.1	4259108	3821008	3824535	1149	3527	0
scaffold_429	11191	3991	4168	+	CP052044.1	4259108	3834138	3834327	75	189	0
scaffold_75	154281	45829	46004	-	CP052044.1	4259108	3834138	3834318	86	180	0
scaffold_145	69505	2647	2731	+	CP052044.1	4259108	3834138	3834222	62	84	0
scaffold_262	24986	19911	20073	-	CP052044.1	4259108	3834147	3834318	74	171	0
scaffold_45	358384	205560	205688	+	CP052044.1	4259108	3834194	3834327	41	133	0
scaffold_28	539988	17793	17998	-	CP052044.1	4259108	3848481	3848686	99	205	0
scaffold_852	1676	5	85	+	CP052044.1	4259108	3849969	3850049	56	80	0
scaffold_128	78074	27729	30758	-	CP052044.1	4259108	3859032	3862034	1871	3030	0
scaffold_9	1406917	1403929	1406900	+	CP052044.1	4259108	3859091	3862034	1018	2971	0
scaffold_101	101313	24667	26759	+	CP052044.1	4259108	3859174	3861239	950	2093	0
scaffold_465	9291	9166	9273	+	CP052044.1	4259108	3860942	3861049	107	107	0
scaffold_353	15650	59	211	+	CP052044.1	4259108	3861872	3862024	108	152	0
scaffold_155	60202	41	110	+	CP052044.1	4259108	3861965	3862034	63	69	0
scaffold_169	51120	9749	10278	+	CP052044.1	4259108	3880660	3881199	232	539	0
scaffold_143	70430	61550	63373	+	CP052044.1	4259108	3883543	3885388	981	1854	0
scaffold_144	69844	8800	10588	-	CP052044.1	4259108	3883543	3885335	949	1801	0
scaffold_50	298037	70613	72414	+	CP052044.1	4259108	3883543	3885365	1103	1831	0
scaffold_287	21903	14319	16058	-	CP052044.1	4259108	3883623	3885365	322	1752	0
scaffold_83	140534	131471	133209	+	CP052044.1	4259108	3883623	3885365	817	1751	0
scaffold_51	297976	161312	163417	-	CP052044.1	4259108	3898549	3900667	1290	2119	0
scaffold_10	1239786	1149239	1149361	+	CP052044.1	4259108	3907593	3907715	80	122	0
scaffold_227	31762	10864	11262	+	CP052044.1	4259108	3907756	3908189	67	433	0
scaffold_287	21903	18	207	+	CP052044.1	4259108	3908221	3908410	131	189	0
scaffold_93	118238	26594	26658	-	CP052044.1	4259108	3908325	3908389	47	64	0
scaffold_1585	528	10	95	+	CP052044.1	4259108	3908325	3908410	74	85	0
scaffold_78	148918	148823	148908	-	CP052044.1	4259108	3908325	3908410	74	85	0
scaffold_77	149510	104803	104929	-	CP052044.1	4259108	3913196	3913322	104	126	0
scaffold_83	140534	86765	86888	-	CP052044.1	4259108	3913196	3913319	109	123	0
scaffold_143	70430	12165	12288	-	CP052044.1	4259108	3913196	3913319	60	123	0
scaffold_143	70430	13375	13501	-	CP052044.1	4259108	3913196	3913322	107	126	0
scaffold_218	33655	24212	24317	+	CP052044.1	4259108	3913214	3913319	86	105	0
scaffold_66	184824	184487	184687	+	CP052044.1	4259108	3947889	3948089	68	201	0
scaffold_144	69844	30470	31263	-	CP052044.1	4259108	3947889	3948688	332	799	0
scaffold_218	33655	22617	23250	+	CP052044.1	4259108	3949073	3949709	84	654	0
scaffold_148	65701	21001	22387	-	CP052044.1	4259108	3949295	3950684	57	1391	0
scaffold_85	135051	19347	20457	-	CP052044.1	4259108	3960687	3961833	248	1147	0
scaffold_51	297976	134822	135979	-	CP052044.1	4259108	3960881	3962071	114	1190	0
scaffold_75	154281	35	309	-	CP052044.1	4259108	3961025	3961299	111	274	0
scaffold_1650	515	59	321	+	CP052044.1	4259108	3961280	3961542	54	262	0
scaffold_75	154281	40381	40841	-	CP052044.1	4259108	3962123	3962583	151	460	0
scaffold_372	14523	5614	5861	+	CP052044.1	4259108	3962903	3963150	171	247	0
scaffold_210	35262	7123	7346	+	CP052044.1	4259108	3962903	3963127	68	224	0
scaffold_51	297976	269817	270040	-	CP052044.1	4259108	3962903	3963127	70	224	0
scaffold_96	109087	68786	68908	+	CP052044.1	4259108	3962911	3963033	89	122	0
scaffold_148	65701	21841	22387	+	CP052044.1	4259108	3973880	3974341	69	546	0
scaffold_320	18374	1153	1324	-	CP052044.1	4259108	3974340	3974511	76	171	0
scaffold_80	143857	53992	54055	+	CP052044.1	4259108	3975302	3975365	50	63	0
scaffold_210	35262	33163	33255	-	CP052044.1	4259108	3975835	3975927	73	92	0
scaffold_169	51120	16857	16972	-	CP052044.1	4259108	3975835	3975950	96	115	0
scaffold_107	93315	59556	59671	-	CP052044.1	4259108	3975835	3975950	74	115	0
scaffold_1117	806	102	144	-	CP052044.1	4259108	3975908	3975950	42	42	0
scaffold_1454	575	470	512	-	CP052044.1	4259108	3975908	3975950	42	42	0
scaffold_262	24986	19911	20001	+	CP052044.1	4259108	3989798	3989888	40	90	0
scaffold_218	33655	8201	8320	-	CP052044.1	4259108	3989800	3989918	68	119	0
scaffold_51	297976	84318	85400	-	CP052044.1	4259108	3995753	3996834	57	1082	0
scaffold_85	135051	18884	20315	+	CP052044.1	4259108	3995783	3997205	132	1432	0
scaffold_75	154281	11	309	+	CP052044.1	4259108	3996745	3997043	92	298	0
scaffold_129	76929	4442	4648	+	CP052044.1	4259108	4000615	4000821	143	206	0
scaffold_169	51120	9749	10278	-	CP052044.1	4259108	4006883	4007422	232	539	0
scaffold_144	69844	38469	41299	-	CP052044.1	4259108	4007523	4010349	1984	2830	0
scaffold_99	104861	53338	53409	+	CP052044.1	4259108	4016178	4016229	45	71	0
scaffold_96	109087	25505	28942	-	CP052044.1	4259108	4017156	4020733	1836	3583	0
scaffold_85	135051	21780	22420	+	CP052044.1	4259108	4019790	4020506	132	716	0
scaffold_96	109087	25355	25437	-	CP052044.1	4259108	4022677	4022759	56	82	0
scaffold_429	11191	4000	4043	+	CP052044.1	4259108	4023224	4023267	43	43	0
scaffold_150	63801	58180	58262	+	CP052044.1	4259108	4036607	4036689	60	82	0
scaffold_172	48882	42529	42570	-	CP052044.1	4259108	4036614	4036655	41	41	0
scaffold_333	17323	6771	7706	-	CP052044.1	4259108	4036741	4037676	367	935	0
scaffold_927	1256	11	1089	-	CP052044.1	4259108	4036807	4037884	623	1078	0
scaffold_1695	505	2	484	+	CP052044.1	4259108	4037207	4037689	277	482	0
scaffold_525	7280	4520	7270	-	CP052044.1	4259108	4038025	4040775	775	2750	0
scaffold_91	120630	35565	37777	+	CP052044.1	4259108	4053000	4055206	130	2217	0
scaffold_85	135051	21516	21557	+	CP052044.1	4259108	4053911	4053952	41	41	0
scaffold_51	297976	269660	269893	+	CP052044.1	4259108	4055030	4055263	141	233	0
scaffold_153	61587	27069	27251	+	CP052044.1	4259108	4055121	4055303	92	182	0
scaffold_13	1103368	10031	10157	-	CP052044.1	4259108	4055820	4055947	76	127	0
scaffold_169	51120	16857	16983	-	CP052044.1	4259108	4055820	4055947	95	127	0
scaffold_210	35262	33163	33266	-	CP052044.1	4259108	4055820	4055924	72	104	0
scaffold_218	33655	23948	24037	+	CP052044.1	4259108	4055820	4055909	57	90	0
scaffold_1454	575	470	527	-	CP052044.1	4259108	4055890	4055947	57	57	0
scaffold_1117	806	102	144	-	CP052044.1	4259108	4055905	4055947	42	42	0
scaffold_85	135051	102844	102972	-	CP052044.1	4259108	4066041	4066152	57	128	0
scaffold_77	149510	107874	107985	-	CP052044.1	4259108	4078719	4078830	57	111	0
scaffold_304	20323	16961	17072	-	CP052044.1	4259108	4078719	4078830	57	111	0
scaffold_181	44073	25732	25847	+	CP052044.1	4259108	4089660	4089775	78	115	0
scaffold_190	40947	4840	4880	-	CP052044.1	4259108	4089735	4089775	40	40	0
scaffold_429	11191	9683	9723	-	CP052044.1	4259108	4089735	4089775	40	40	0
scaffold_296	20863	18541	19386	+	CP052044.1	4259108	4090191	4091036	568	845	0
scaffold_80	143857	45450	45903	-	CP052044.1	4259108	4091174	4091626	216	453	0
scaffold_194	39750	39024	39356	+	CP052044.1	4259108	4091174	4091522	72	348	0
scaffold_33	455355	437579	437703	-	CP052044.1	4259108	4091503	4091627	67	124	0
scaffold_401	12799	8888	8952	+	CP052044.1	4259108	4091563	4091627	48	64	0
scaffold_144	69844	30001	31217	-	CP052044.1	4259108	4094725	4095951	285	1227	0
scaffold_112	88048	81728	83000	-	CP052044.1	4259108	4094811	4095951	427	1274	0
scaffold_112	88048	249	1105	+	CP052044.1	4259108	4095016	4095869	273	857	0
scaffold_96	109087	98168	98371	+	CP052044.1	4259108	4100699	4100902	164	203	0
scaffold_68	182924	138204	138534	+	CP052044.1	4259108	4107048	4107378	82	330	0
scaffold_85	135051	61808	61961	+	CP052044.1	4259108	4108156	4108308	100	153	0
scaffold_110	91422	15031	15096	-	CP052044.1	4259108	4108330	4108395	65	65	0
scaffold_51	297976	161312	163417	+	CP052044.1	4259108	4118555	4120673	1290	2119	0
scaffold_93	118238	108586	108742	-	CP052044.1	4259108	4125860	4126016	52	156	0
scaffold_173	47066	41214	41338	-	CP052044.1	4259108	4125860	4125983	57	124	0
scaffold_429	11191	5501	5643	+	CP052044.1	4259108	4125874	4126016	43	142	0
scaffold_429	11191	9704	9847	-	CP052044.1	4259108	4125874	4126016	43	143	0
scaffold_96	109087	74705	74848	+	CP052044.1	4259108	4125874	4126016	76	143	0
scaffold_401	12799	2678	2838	-	CP052044.1	4259108	4126760	4126920	114	160	0
scaffold_153	61587	32772	32932	-	CP052044.1	4259108	4126760	4126920	104	160	0
scaffold_842	1747	578	679	+	CP052044.1	4259108	4126819	4126920	72	101	0
scaffold_153	61587	32772	32932	-	CP052044.1	4259108	4132053	4132213	104	160	0
scaffold_401	12799	2678	2838	-	CP052044.1	4259108	4132053	4132213	114	160	0
scaffold_1565	532	33	168	+	CP052044.1	4259108	4132256	4132389	63	135	0
scaffold_367	15003	5076	5139	+	CP052044.1	4259108	4136332	4136395	50	63	0
scaffold_40	392173	130246	130815	-	CP052044.1	4259108	4137018	4137588	114	570	0
scaffold_99	104861	47374	49236	+	CP052044.1	4259108	4143506	4145328	794	1879	0
scaffold_68	182924	11329	13075	-	CP052044.1	4259108	4143588	4145328	549	1746	0
scaffold_133	76283	14506	15813	+	CP052044.1	4259108	4144024	4145328	250	1307	0
scaffold_93	118238	32334	33070	-	CP052044.1	4259108	4144463	4145199	57	736	0
scaffold_218	33655	27881	28072	-	CP052044.1	4259108	4188077	4188268	184	191	0
scaffold_143	70430	12165	12288	-	CP052044.1	4259108	4189058	4189181	60	123	0
scaffold_88	125722	8884	9010	+	CP052044.1	4259108	4189058	4189184	126	126	0
scaffold_83	140534	86765	86888	-	CP052044.1	4259108	4189058	4189181	109	123	0
scaffold_143	70430	13375	13501	-	CP052044.1	4259108	4189058	4189184	107	126	0
scaffold_77	149510	104803	104929	-	CP052044.1	4259108	4189058	4189184	104	126	0
scaffold_218	33655	24212	24317	+	CP052044.1	4259108	4189076	4189181	86	105	0
scaffold_1578	530	24	169	+	CP052044.1	4259108	4193186	4193334	120	148	0
scaffold_101	101313	86439	86747	+	CP052044.1	4259108	4196931	4197241	212	310	0
scaffold_106	94230	45767	46041	+	CP052044.1	4259108	4196965	4197241	200	276	0
scaffold_91	120630	13603	15344	-	CP052044.1	4259108	4209703	4211444	1411	1741	0
scaffold_212	35064	7673	8862	-	CP052044.1	4259108	4210164	4211353	135	1189	0
scaffold_57	260754	104392	104903	+	CP052044.1	4259108	4210164	4210675	40	511	0
scaffold_318	18503	15294	15425	+	CP052044.1	4259108	4211184	4211315	46	131	0
scaffold_128	78074	36985	37129	+	CP052044.1	4259108	4226793	4226937	121	144	0
scaffold_128	78074	8524	8645	+	CP052044.1	4259108	4226793	4226914	76	121	0
scaffold_63	225848	112738	112859	+	CP052044.1	4259108	4226793	4226914	111	121	0
scaffold_101	101313	79114	79220	-	CP052044.1	4259108	4226793	4226899	67	106	0
scaffold_371	14652	10955	11051	+	CP052044.1	4259108	4226793	4226889	45	96	0
scaffold_169	51120	16857	17001	-	CP052044.1	4259108	4226793	4226937	134	144	0
scaffold_154	60446	14364	14453	+	CP052044.1	4259108	4226800	4226889	57	89	0
scaffold_93	118238	93114	93228	+	CP052044.1	4259108	4226800	4226914	70	114	0
scaffold_107	93315	59556	59671	-	CP052044.1	4259108	4226822	4226937	74	115	0
scaffold_13	1103368	10031	10146	-	CP052044.1	4259108	4226822	4226937	86	115	0
scaffold_210	35262	33163	33255	-	CP052044.1	4259108	4226822	4226914	92	92	0
scaffold_218	33655	23979	24037	+	CP052044.1	4259108	4226841	4226899	58	58	0
scaffold_150	63801	53577	53634	+	CP052044.1	4259108	4226857	4226914	51	57	0
scaffold_187	42170	1353	1420	-	CP052044.1	4259108	4226870	4226937	49	67	0
scaffold_1117	806	102	169	-	CP052044.1	4259108	4226870	4226937	61	67	0
scaffold_1454	575	470	537	-	CP052044.1	4259108	4226870	4226937	67	67	0
scaffold_427	11379	0	119	-	CP052044.1	4259108	4231233	4231352	103	119	0
scaffold_68	182924	182805	182924	+	CP052044.1	4259108	4231233	4231352	103	119	0
scaffold_91	120630	120512	120615	+	CP052044.1	4259108	4231233	4231336	87	103	0
scaffold_431	11085	10965	11084	+	CP052044.1	4259108	4231233	4231352	69	119	0
scaffold_50	298037	202354	203972	+	CP052044.1	4259108	4231333	4232951	312	1618	0
scaffold_40	392173	201345	202690	-	CP052044.1	4259108	4231333	4232678	334	1345	0
scaffold_30	507731	18295	19997	+	CP052044.1	4259108	4231389	4233074	1263	1702	0
scaffold_151	63507	14729	16157	+	CP052044.1	4259108	4231499	4232927	171	1428	0
scaffold_32	471417	20523	21945	-	CP052044.1	4259108	4231505	4232927	135	1422	0
scaffold_51	297976	283420	284576	-	CP052044.1	4259108	4231587	4232743	234	1156	0
scaffold_88	125722	6327	7059	+	CP052044.1	4259108	4231773	4232505	184	732	0
scaffold_16	897138	17786	17870	+	CP052044.1	4259108	4232790	4232874	66	84	0
scaffold_16	897138	20787	20979	+	CP052044.1	4259108	4232908	4233066	113	192	0
scaffold_312	19256	19140	19253	-	CP052044.1	4259108	4232970	4233066	96	113	0
scaffold_154	60446	5	126	+	CP052044.1	4259108	4232970	4233074	104	121	0
scaffold_1585	528	402	523	-	CP052044.1	4259108	4232970	4233074	80	121	0
scaffold_356	15572	15453	15566	-	CP052044.1	4259108	4232970	4233066	72	113	0
scaffold_323	18080	14133	17742	+	CP052044.1	4259108	4233354	4236963	2583	3609	0
scaffold_133	76283	40121	40338	+	CP052044.1	4259108	4233354	4233571	143	217	0
scaffold_133	76283	54482	54702	+	CP052044.1	4259108	4233362	4233582	140	220	0
scaffold_68	182924	123580	127107	+	CP052044.1	4259108	4233380	4236907	1133	3527	0
scaffold_296	20863	19842	20156	+	CP052044.1	4259108	4237390	4237714	130	324	0
scaffold_11	1212133	1060671	1060927	-	CP052044.1	4259108	4237428	4237694	110	267	0
scaffold_1219	707	111	152	+	CP052044.1	4259108	4246244	4246285	41	41	0
scaffold_33	455355	437602	437643	+	CP052044.1	4259108	4246244	4246285	41	41	0
scaffold_401	12799	8888	8929	-	CP052044.1	4259108	4246244	4246285	41	41	0
scaffold_1	2692756	78139	78221	+	CP052044.1	4259108	4246506	4246588	55	82	0
scaffold_96	109087	98168	98371	-	CP052044.1	4259108	4246519	4246722	164	203	0
scaffold_75	154281	35500	36537	-	CP052044.1	4259108	4248452	4249480	152	1067	0
scaffold_318	18503	15294	15425	-	CP052044.1	4259108	4252423	4252554	46	131	0
scaffold_153	61587	20458	20627	-	CP052044.1	4259108	4252576	4252745	109	169	0
scaffold_153	61587	9718	10074	-	CP052044.1	4259108	4253622	4253978	129	356	0
scaffold_45	358384	56265	56896	-	CP052045.1	3716460	41693	42324	122	631	60
scaffold_45	358384	238700	239251	+	CP052045.1	3716460	41693	42244	156	551	60
scaffold_45	358384	22087	22835	-	CP052045.1	3716460	73046	73794	162	748	60
scaffold_525	7280	3591	4463	+	CP052045.1	3716460	94843	95687	233	880	60
scaffold_1	2692756	55239	55567	-	CP052045.1	3716460	102928	103256	137	328	60
scaffold_93	118238	10850	11100	+	CP052045.1	3716460	102951	103201	119	250	60
scaffold_40	392173	177445	177685	-	CP052045.1	3716460	102961	103201	101	240	60
scaffold_50	298037	57433	58685	+	CP052045.1	3716460	103479	104731	124	1252	60
scaffold_6	1692318	1669362	1670579	-	CP052045.1	3716460	103483	104700	158	1217	60
scaffold_194	39750	32345	33556	+	CP052045.1	3716460	103638	104850	278	1212	60
scaffold_45	358384	73717	75156	+	CP052045.1	3716460	103759	105197	276	1439	60
scaffold_10	1239786	153060	154133	+	CP052045.1	3716460	103981	105054	146	1073	60
scaffold_51	297976	63703	63943	-	CP052045.1	3716460	104669	104909	104	240	60
scaffold_93	118238	11329	12886	+	CP052045.1	3716460	105292	106852	143	1560	60
scaffold_1	2692756	53932	54612	-	CP052045.1	3716460	105745	106428	107	683	60
scaffold_21	738175	55591	56154	+	CP052045.1	3716460	112905	113181	142	563	60
scaffold_1	2692756	275619	282821	-	CP052045.1	3716460	120833	126173	457	7202	60
scaffold_30	507731	448589	451156	+	CP052045.1	3716460	141017	143634	176	2617	60
scaffold_4	1881388	531890	534300	+	CP052045.1	3716460	169714	172304	323	2594	60
scaffold_4	1881388	535171	536327	+	CP052045.1	3716460	180940	182095	197	1166	60
scaffold_45	358384	109350	109706	+	CP052045.1	3716460	229631	229985	145	356	60
scaffold_45	358384	270705	272382	+	CP052045.1	3716460	230897	232577	1215	1680	60
scaffold_45	358384	114033	117942	-	CP052045.1	3716460	232584	235403	1904	3909	60
scaffold_45	358384	240937	242652	-	CP052045.1	3716460	235865	237582	1178	1717	60
scaffold_77	149510	137410	138644	+	CP052045.1	3716460	235879	237113	261	1234	60
scaffold_45	358384	206253	227544	-	CP052045.1	3716460	239376	258427	11597	21332	60
scaffold_80	143857	43172	44623	-	CP052045.1	3716460	240631	242115	355	1485	60
scaffold_45	358384	193541	195963	-	CP052045.1	3716460	258606	261014	1358	2422	60
scaffold_45	358384	313913	315744	-	CP052045.1	3716460	263702	265469	1112	1857	60
scaffold_45	358384	150669	193507	-	CP052045.1	3716460	267661	306813	23200	46108	60
scaffold_45	358384	272578	288681	+	CP052045.1	3716460	315551	331934	9876	16426	60
scaffold_32	471417	49055	53816	-	CP052045.1	3716460	334171	338794	730	4981	60
scaffold_993	1009	10	1006	+	CP052045.1	3716460	345333	346329	924	996	60
scaffold_1391	607	0	601	+	CP052045.1	3716460	355815	356416	513	601	60
scaffold_45	358384	291829	358254	+	CP052045.1	3716460	362011	415609	31613	69432	60
scaffold_57	260754	1522	63156	+	CP052045.1	3716460	415652	479553	34291	64692	60
scaffold_4	1881388	1693701	1702475	+	CP052045.1	3716460	479617	487024	5891	8784	60
scaffold_57	260754	69429	72484	+	CP052045.1	3716460	487193	490256	1115	3064	60
scaffold_57	260754	77516	86830	+	CP052045.1	3716460	498268	507533	6278	9329	60
scaffold_57	260754	86858	243968	+	CP052045.1	3716460	528989	677981	91120	161233	60
scaffold_102	100464	31884	32633	-	CP052045.1	3716460	689077	689827	167	750	60
scaffold_35	440808	266989	268375	+	CP052045.1	3716460	689077	690492	132	1415	60
scaffold_137	72425	15504	16825	+	CP052045.1	3716460	689228	690558	198	1330	60
scaffold_220	33416	25616	26714	-	CP052045.1	3716460	689317	690415	178	1098	60
scaffold_16	897138	35093	35682	+	CP052045.1	3716460	689834	690423	179	589	60
scaffold_67	184376	34763	41126	+	CP052045.1	3716460	699711	706116	167	6433	60
scaffold_47	350567	346557	346646	-	CP052045.1	3716460	711967	712056	89	89	60
scaffold_47	350567	214004	344863	-	CP052045.1	3716460	712909	843530	100467	131071	60
scaffold_47	350567	211245	211543	-	CP052045.1	3716460	843608	843902	155	298	60
scaffold_47	350567	124	209633	-	CP052045.1	3716460	843941	1053502	152522	210736	60
scaffold_1113	809	13	612	+	CP052045.1	3716460	857667	858266	133	599	60
scaffold_1184	735	4	727	+	CP052045.1	3716460	986950	987673	651	723	60
scaffold_31	499125	345259	498993	-	CP052045.1	3716460	1053509	1206711	123196	154016	60
scaffold_31	499125	9	343178	-	CP052045.1	3716460	1211364	1546743	292041	343539	60
scaffold_49	306969	92	306959	-	CP052045.1	3716460	1546749	1853496	273538	307397	60
scaffold_35	440808	21	243316	+	CP052045.1	3716460	1981329	2224664	216947	243625	60
scaffold_1550	537	21	397	+	CP052045.1	3716460	2234924	2235300	176	376	60
scaffold_1191	732	4	714	-	CP052045.1	3716460	2238017	2238727	282	710	60
scaffold_1056	881	72	777	+	CP052045.1	3716460	2238708	2239413	267	705	60
scaffold_871	1536	16	1402	+	CP052045.1	3716460	2244638	2246025	660	1387	60
scaffold_1197	729	13	717	-	CP052045.1	3716460	2247171	2247875	589	704	60
scaffold_1343	632	7	618	+	CP052045.1	3716460	2255413	2256024	536	611	60
scaffold_93	118238	26694	28274	-	CP052045.1	3716460	2259023	2260603	387	1580	60
scaffold_62	231438	219523	221246	-	CP052045.1	3716460	2280441	2282168	140	1790	60
scaffold_12	1155968	736553	738262	-	CP052045.1	3716460	2280441	2282196	125	1755	60
scaffold_35	440808	286291	440670	+	CP052045.1	3716460	2284299	2438181	137517	154491	60
scaffold_72	167802	130	167659	-	CP052045.1	3716460	2438210	2605272	141650	167875	60
scaffold_73	163053	244	162923	-	CP052045.1	3716460	2605283	2767903	141025	162939	60
scaffold_88	125722	80182	84999	+	CP052045.1	3716460	2719055	2723876	1822	4825	60
scaffold_61	235649	216550	220820	+	CP052045.1	3716460	2719088	2723360	825	4273	60
scaffold_21	738175	584321	738045	+	CP052045.1	3716460	2767895	2921579	134366	153874	60
scaffold_1677	509	193	323	+	CP052045.1	3716460	2876752	2876884	90	132	60
scaffold_56	261178	125	184236	+	CP052045.1	3716460	2921585	3104240	142300	184408	60
scaffold_1450	577	179	468	+	CP052045.1	3716460	3006976	3007265	97	289	60
scaffold_56	261178	193136	260745	+	CP052045.1	3716460	3111897	3179064	47844	67727	60
scaffold_192	40101	245	8637	+	CP052045.1	3716460	3179255	3187652	5608	8410	60
scaffold_192	40101	15318	15840	+	CP052045.1	3716460	3188195	3188720	219	525	60
scaffold_192	40101	16515	39939	+	CP052045.1	3716460	3190308	3214942	13530	24685	60
scaffold_219	33473	12391	33339	-	CP052045.1	3716460	3214966	3235906	12082	20956	60
scaffold_48	348853	4740	17720	+	CP052045.1	3716460	3236643	3249623	8504	12992	60
scaffold_48	348853	24177	43546	+	CP052045.1	3716460	3253266	3272467	11638	19440	60
scaffold_48	348853	67507	87834	+	CP052045.1	3716460	3272638	3292942	11170	20360	60
scaffold_48	348853	95846	147738	+	CP052045.1	3716460	3296476	3348357	30333	52028	60
scaffold_48	348853	161147	162499	+	CP052045.1	3716460	3348393	3349740	450	1352	60
scaffold_10	1239786	883814	903130	+	CP052045.1	3716460	3364198	3381917	3132	19568	60
scaffold_1389	608	1	604	-	CP052045.1	3716460	3408584	3409193	390	609	60
scaffold_48	348853	183711	226814	+	CP052045.1	3716460	3419180	3462285	28775	43129	60
scaffold_48	348853	231155	234744	+	CP052045.1	3716460	3468671	3472169	1510	3665	60
scaffold_48	348853	241755	278345	+	CP052045.1	3716460	3473855	3504499	20104	37143	60
scaffold_101	101313	41180	42178	+	CP052045.1	3716460	3501041	3502042	179	1001	60
scaffold_48	348853	285530	328898	+	CP052045.1	3716460	3511589	3552801	27702	43450	60
scaffold_1530	544	15	482	+	CP052045.1	3716460	3546675	3547151	161	476	60
scaffold_102	100464	77839	91319	-	CP052045.1	3716460	3553506	3566814	7886	13501	60
scaffold_102	100464	34702	38103	-	CP052045.1	3716460	3569962	3573353	834	3404	60
scaffold_102	100464	6620	23930	-	CP052045.1	3716460	3575140	3592086	10016	17399	60
scaffold_210	35262	34009	34424	-	CP052045.1	3716460	3584576	3584982	124	415	60
scaffold_301	20445	19230	19636	-	CP052045.1	3716460	3584576	3584982	121	406	60
scaffold_220	33416	177	1943	+	CP052045.1	3716460	3617767	3619476	147	1794	60
scaffold_77	149510	101328	103760	+	CP052045.1	3716460	3698359	3700872	1151	2516	60
scaffold_42	372282	367367	367737	+	CP052045.1	3716460	3703159	3703529	111	370	60
scaffold_40	392173	202628	202768	-	CP052045.1	3716460	41717	41857	88	140	58
scaffold_28	539988	448976	451165	-	CP052045.1	3716460	1209116	1211305	2023	2189	58
scaffold_111	88385	8800	9355	-	CP052045.1	3716460	3409174	3409734	146	561	57
scaffold_12	1155968	718234	719261	-	CP052045.1	3716460	3616964	3618007	219	1043	57
scaffold_1075	856	53	764	+	CP052045.1	3716460	2235440	2236151	193	711	56
scaffold_1381	613	264	442	+	CP052045.1	3716460	88678	88856	74	178	55
scaffold_70	181850	34103	38187	-	CP052045.1	3716460	86227	90311	144	4087	54
scaffold_59	256653	138000	145378	-	CP052045.1	3716460	509262	516800	346	7538	52
scaffold_67	184376	68034	68395	-	CP052045.1	3716460	689077	689438	80	361	52
scaffold_45	358384	112360	113418	-	CP052045.1	3716460	689228	690286	216	1058	52
scaffold_10	1239786	1198311	1198520	+	CP052045.1	3716460	3689113	3689323	80	210	52
scaffold_194	39750	23776	24858	+	CP052045.1	3716460	13346	14440	95	1094	51
scaffold_116	84153	21648	22472	+	CP052045.1	3716460	355975	356791	117	824	51
scaffold_45	358384	53987	54158	+	CP052045.1	3716460	2233750	2233920	132	171	51
scaffold_1	2692756	82309	88681	-	CP052045.1	3716460	520662	527056	95	6394	49
scaffold_4	1881388	537207	537936	-	CP052045.1	3716460	2255359	2255901	147	729	49
scaffold_6	1692318	260638	262017	+	CP052045.1	3716460	689081	690461	203	1380	48
scaffold_40	392173	62658	63145	-	CP052045.1	3716460	689416	689903	131	487	48
scaffold_55	268656	19679	20131	+	CP052045.1	3716460	690106	690558	150	452	48
scaffold_145	69505	52903	57320	+	CP052045.1	3716460	690819	695126	336	4444	48
scaffold_5	1863748	317749	317940	+	CP052045.1	3716460	127903	128106	98	203	47
scaffold_45	358384	104440	105208	+	CP052045.1	3716460	184100	184869	103	769	46
scaffold_82	143064	73721	75240	-	CP052045.1	3716460	357671	359241	95	1570	46
scaffold_30	507731	455155	455545	-	CP052045.1	3716460	689419	689819	134	400	45
scaffold_91	120630	85623	86949	-	CP052045.1	3716460	103483	104809	136	1326	44
scaffold_44	359581	204578	206769	+	CP052045.1	3716460	2277557	2279681	152	2198	44
scaffold_45	358384	101819	102079	+	CP052045.1	3716460	127903	128163	79	260	43
scaffold_30	507731	453852	454821	-	CP052045.1	3716460	2258887	2259856	79	969	43
scaffold_82	143064	73563	73943	+	CP052045.1	3716460	2281587	2281959	96	380	43
scaffold_32	471417	21588	22195	-	CP052045.1	3716460	41717	42324	78	607	42
scaffold_45	358384	40644	47963	+	CP052045.1	3716460	698862	706202	712	7360	42
scaffold_83	140534	61784	61939	-	CP052045.1	3716460	166932	167089	76	157	41
scaffold_45	358384	35278	35465	+	CP052045.1	3716460	341100	341283	77	187	41
scaffold_102	100464	96479	96747	-	CP052045.1	3716460	86115	86384	75	269	40
scaffold_50	298037	136131	136950	-	CP052045.1	3716460	101772	102590	197	819	40
scaffold_1427	591	70	478	-	CP052045.1	3716460	2278193	2278649	94	456	39
scaffold_1647	516	33	490	+	CP052045.1	3716460	3142037	3142483	77	457	39
scaffold_131	76605	36909	37528	-	CP052045.1	3716460	689250	689903	80	653	38
scaffold_35	440808	243321	243417	+	CP052045.1	3716460	2232696	2232792	72	96	38
scaffold_30	507731	477608	477701	+	CP052045.1	3716460	687678	687771	69	93	36
scaffold_6	1692318	1579911	1581385	-	CP052045.1	3716460	2274067	2275541	95	1476	36
scaffold_1563	533	57	326	-	CP052045.1	3716460	172917	173156	76	269	35
scaffold_10	1239786	175373	175867	-	CP052045.1	3716460	2251558	2252023	69	494	35
scaffold_102	100464	67640	73965	-	CP052045.1	3716460	699711	706101	468	6412	34
scaffold_12	1155968	740482	740797	+	CP052045.1	3716460	3409243	3409554	74	315	34
scaffold_220	33416	30505	32725	-	CP052045.1	3716460	2255851	2257965	90	2220	33
scaffold_104	98169	91595	93176	+	CP052045.1	3716460	354448	355929	100	1581	32
scaffold_129	76929	20562	21726	-	CP052045.1	3716460	2231529	2232677	95	1164	32
scaffold_51	297976	73801	74250	-	CP052045.1	3716460	120833	121282	74	449	31
scaffold_77	149510	110503	113542	-	CP052045.1	3716460	163335	166364	76	3039	31
scaffold_187	42170	30101	31557	-	CP052045.1	3716460	344763	346206	76	1456	31
scaffold_4	1881388	515494	516033	+	CP052045.1	3716460	2264390	2264929	74	539	31
scaffold_35	440808	257840	258500	-	CP052045.1	3716460	689493	690154	99	661	30
scaffold_94	117662	117535	117651	+	CP052045.1	3716460	1209116	1209232	85	116	30
scaffold_47	350567	11	127	-	CP052045.1	3716460	1209116	1209232	85	116	30
scaffold_67	184376	66892	67009	+	CP052045.1	3716460	3703188	3703305	86	117	30
scaffold_97	105629	105507	105587	-	CP052045.1	3716460	399103	399183	70	80	29
scaffold_1393	607	233	432	+	CP052045.1	3716460	514057	514256	70	199	29
scaffold_116	84153	21495	21814	-	CP052045.1	3716460	144569	144888	69	319	28
scaffold_16	897138	9800	16951	-	CP052045.1	3716460	173114	180261	648	7252	28
scaffold_185	43118	6058	6781	-	CP052045.1	3716460	353707	354518	138	811	28
scaffold_149	65637	53901	59341	+	CP052045.1	3716460	509143	514596	302	5453	28
scaffold_48	348853	3710	4039	+	CP052045.1	3716460	509153	509483	67	330	27
scaffold_1158	759	76	657	+	CP052045.1	3716460	141829	142410	101	581	26
scaffold_11	1212133	240418	240592	+	CP052045.1	3716460	528132	528306	85	174	26
scaffold_372	14523	12861	13016	-	CP052045.1	3716460	166932	167089	65	157	25
scaffold_131	76605	33050	33583	+	CP052045.1	3716460	171686	172232	61	546	25
scaffold_1	2692756	203160	203243	-	CP052045.1	3716460	182623	182706	62	83	25
scaffold_6	1692318	262795	263096	-	CP052045.1	3716460	359351	359649	95	301	25
scaffold_129	76929	45	185	-	CP052045.1	3716460	41717	41857	64	140	24
scaffold_1241	695	143	424	+	CP052045.1	3716460	933335	933616	64	281	24
scaffold_129	76929	38466	38686	+	CP052045.1	3716460	3701660	3701869	67	220	24
scaffold_10	1239786	1197800	1198520	-	CP052045.1	3716460	689416	690154	79	738	23
scaffold_45	358384	85613	85717	+	CP052045.1	3716460	3617729	3617833	62	104	23
scaffold_4	1881388	530672	530987	+	CP052045.1	3716460	3704732	3705101	108	369	23
scaffold_1589	528	55	219	-	CP052045.1	3716460	42080	42244	61	164	22
scaffold_1158	759	23	388	-	CP052045.1	3716460	2235786	2236151	156	365	22
scaffold_110	91422	64612	64900	+	CP052045.1	3716460	684208	684496	71	288	21
scaffold_32	471417	143574	143781	+	CP052045.1	3716460	689419	689626	59	207	21
scaffold_40	392173	211558	211895	+	CP052045.1	3716460	689788	690125	77	337	21
scaffold_131	76605	37278	37425	+	CP052045.1	3716460	3553001	3553148	84	147	21
scaffold_129	76929	58175	59162	-	CP052045.1	3716460	42613	43599	163	987	20
scaffold_82	143064	137692	138011	+	CP052045.1	3716460	509163	509483	58	320	20
scaffold_315	18631	16535	16611	-	CP052045.1	3716460	2243591	2243667	58	76	20
scaffold_315	18631	4123	4569	+	CP052045.1	3716460	2257479	2257925	130	446	20
scaffold_48	348853	241542	241630	+	CP052045.1	3716460	3468099	3468187	58	88	20
scaffold_110	91422	18115	19192	-	CP052045.1	3716460	12844	13900	62	1077	19
scaffold_75	154281	101522	101828	+	CP052045.1	3716460	58479	58784	110	306	19
scaffold_144	69844	55512	55635	-	CP052045.1	3716460	139464	139586	76	123	19
scaffold_1	2692756	283075	284403	-	CP052045.1	3716460	689671	691076	185	1405	19
scaffold_14	908909	22724	22870	-	CP052045.1	3716460	690576	690722	66	146	19
scaffold_1700	504	292	503	+	CP052045.1	3716460	2251726	2251933	58	212	19
scaffold_40	392173	210420	210573	-	CP052045.1	3716460	528153	528306	66	153	18
scaffold_68	182924	83228	83682	+	CP052045.1	3716460	685243	685697	95	454	18
scaffold_62	231438	224320	225813	-	CP052045.1	3716460	691326	692817	95	1494	18
scaffold_1	2692756	30021	30350	-	CP052045.1	3716460	2233581	2233920	128	339	18
scaffold_82	143064	142358	142600	+	CP052045.1	3716460	3687803	3688045	52	242	18
scaffold_35	440808	271573	272886	+	CP052045.1	3716460	685182	686397	76	1313	17
scaffold_183	43655	704	1393	+	CP052045.1	3716460	689784	690473	132	689	17
scaffold_97	105629	93441	101103	+	CP052045.1	3716460	690859	698593	631	7740	17
scaffold_51	297976	276774	277050	+	CP052045.1	3716460	3707248	3707524	106	276	17
scaffold_59	256653	76375	77464	+	CP052045.1	3716460	42694	43784	140	1091	16
scaffold_20	777291	13581	14227	-	CP052045.1	3716460	181188	181832	100	648	16
scaffold_50	298037	27248	28216	-	CP052045.1	3716460	689586	690555	119	969	16
scaffold_26	567511	554571	561874	-	CP052045.1	3716460	698862	706226	705	7386	16
scaffold_1	2692756	286749	287172	+	CP052045.1	3716460	3689113	3689536	80	423	16
scaffold_154	60446	21413	21611	+	CP052045.1	3716460	147095	147295	63	200	15
scaffold_67	184376	86001	87291	-	CP052045.1	3716460	170483	171771	152	1290	15
scaffold_1	2692756	258644	258780	-	CP052045.1	3716460	353707	353842	79	136	15
scaffold_57	260754	248170	248895	-	CP052045.1	3716460	678898	679672	61	774	15
scaffold_70	181850	10487	17015	+	CP052045.1	3716460	699711	706217	413	6531	15
scaffold_131	76605	44590	45578	+	CP052045.1	3716460	707655	708709	131	1054	15
scaffold_1535	543	163	442	-	CP052045.1	3716460	847238	847495	59	279	15
scaffold_1525	546	83	386	+	CP052045.1	3716460	3707967	3708270	96	303	15
scaffold_175	46490	3694	3773	+	CP052045.1	3716460	41717	41796	57	79	14
scaffold_48	348853	332732	341163	+	CP052045.1	3716460	44276	52927	416	8651	14
scaffold_50	298037	117444	117796	-	CP052045.1	3716460	139235	139586	57	352	14
scaffold_150	63801	14226	14400	+	CP052045.1	3716460	144714	144888	57	174	14
scaffold_51	297976	3778	3877	+	CP052045.1	3716460	146595	146694	57	99	14
scaffold_51	297976	214222	214581	+	CP052045.1	3716460	352919	353277	57	359	14
scaffold_102	100464	29570	29880	-	CP052045.1	3716460	356284	356594	57	310	14
scaffold_10	1239786	1115279	1115492	+	CP052045.1	3716460	358826	359183	98	357	14
scaffold_9	1406917	1053250	1053394	+	CP052045.1	3716460	673155	673299	57	144	14
scaffold_1092	837	138	723	+	CP052045.1	3716460	701297	701881	57	585	14
scaffold_57	260754	105821	106069	+	CP052045.1	3716460	1210985	1211233	57	248	14
scaffold_1	2692756	258023	258750	-	CP052045.1	3716460	2243892	2244570	60	727	14
scaffold_12	1155968	716389	718454	-	CP052045.1	3716460	2257746	2259880	102	2135	14
scaffold_172	48882	2952	3105	-	CP052045.1	3716460	2259719	2259872	57	153	14
scaffold_104	98169	8080	8268	+	CP052045.1	3716460	3617966	3618155	57	189	14
scaffold_110	91422	91149	91258	+	CP052045.1	3716460	41748	41857	64	109	13
scaffold_50	298037	170109	170204	+	CP052045.1	3716460	42677	42771	55	95	13
scaffold_59	256653	6234	7069	-	CP052045.1	3716460	77201	78031	57	835	13
scaffold_1368	621	388	447	+	CP052045.1	3716460	530674	530733	55	59	13
scaffold_1583	529	53	387	+	CP052045.1	3716460	753731	754059	57	334	13
scaffold_336	17138	5591	7113	+	CP052045.1	3716460	2280539	2281993	66	1522	13
scaffold_48	348853	343507	343711	-	CP052045.1	3716460	2280572	2280774	85	204	13
scaffold_45	358384	301444	303364	+	CP052045.1	3716460	3617019	3618555	326	1920	13
scaffold_1265	675	5	657	-	CP052045.1	3716460	3708250	3708969	98	719	13
scaffold_45	358384	102060	102843	-	CP052045.1	3716460	355975	356748	122	783	12
scaffold_67	184376	87508	89018	-	CP052045.1	3716460	355975	357645	117	1677	12
scaffold_14	908909	14787	20606	-	CP052045.1	3716460	700421	706217	646	5819	12
scaffold_6	1692318	294011	294066	+	CP052045.1	3716460	707655	707710	55	55	12
scaffold_104	98169	7881	8042	+	CP052045.1	3716460	3617256	3617431	57	175	12
scaffold_68	182924	123047	123191	+	CP052045.1	3716460	64661	64805	53	144	11
scaffold_1626	520	386	511	+	CP052045.1	3716460	701426	701550	76	125	11
scaffold_122	81337	467	739	-	CP052045.1	3716460	3687770	3688042	49	272	11
scaffold_975	1061	140	506	+	CP052045.1	3716460	174204	174570	64	366	10
scaffold_45	358384	244657	244781	+	CP052045.1	3716460	230224	230348	51	124	10
scaffold_62	231438	231316	231367	-	CP052045.1	3716460	399132	399183	51	51	10
scaffold_50	298037	147970	149095	+	CP052045.1	3716460	689347	690473	202	1126	10
scaffold_35	440808	256523	256629	+	CP052045.1	3716460	3619370	3619476	67	106	10
scaffold_62	231438	226042	226390	+	CP052045.1	3716460	127782	128141	57	359	9
scaffold_153	61587	33810	34201	-	CP052045.1	3716460	153974	154368	50	394	9
scaffold_9	1406917	474335	474394	-	CP052045.1	3716460	184970	185029	50	59	9
scaffold_102	100464	32710	32894	+	CP052045.1	3716460	508406	508589	47	184	9
scaffold_1717	501	230	460	+	CP052045.1	3716460	2247821	2248051	57	230	9
scaffold_1702	504	136	192	+	CP052045.1	3716460	751624	751680	49	56	8
scaffold_5	1863748	1861670	1863651	-	CP052045.1	3716460	1209213	1211191	532	1981	8
scaffold_4	1881388	537494	538363	+	CP052045.1	3716460	2276928	2277795	198	869	8
scaffold_670	3704	90	291	+	CP052045.1	3716460	131142	131343	48	201	7
scaffold_21	738175	54401	54925	-	CP052045.1	3716460	171627	172113	54	524	7
scaffold_172	48882	3069	3493	-	CP052045.1	3716460	355975	356393	65	424	7
scaffold_150	63801	42630	42677	+	CP052045.1	3716460	357034	357080	46	47	7
scaffold_28	539988	193177	193261	-	CP052045.1	3716460	520559	520643	80	84	7
scaffold_82	143064	100728	101137	+	CP052045.1	3716460	694831	695248	85	417	7
scaffold_45	358384	142220	142299	+	CP052045.1	3716460	2251944	2252023	46	79	7
scaffold_220	33416	20725	21099	-	CP052045.1	3716460	2277343	2277731	76	388	7
scaffold_1402	605	171	555	-	CP052045.1	3716460	2283438	2283791	142	384	7
scaffold_45	358384	40265	40636	+	CP052045.1	3716460	706097	706467	92	371	6
scaffold_20	777291	20487	22538	+	CP052045.1	3716460	2264252	2266257	57	2051	6
scaffold_45	358384	146396	146571	-	CP052045.1	3716460	144369	144544	46	175	5
scaffold_12	1155968	704488	709399	+	CP052045.1	3716460	354156	358895	95	4911	5
scaffold_51	297976	122340	123276	-	CP052045.1	3716460	355447	356376	57	936	5
scaffold_187	42170	158	452	-	CP052045.1	3716460	689228	689522	69	294	5
scaffold_59	256653	78132	79818	+	CP052045.1	3716460	696757	698463	129	1706	5
scaffold_12	1155968	742768	742812	+	CP052045.1	3716460	2255512	2255556	44	44	5
scaffold_12	1155968	715544	715588	-	CP052045.1	3716460	2255512	2255556	44	44	5
scaffold_1692	506	358	441	-	CP052045.1	3716460	2856298	2856381	46	83	5
scaffold_50	298037	155875	155946	-	CP052045.1	3716460	3618528	3618599	46	71	5
scaffold_308	19755	58	102	-	CP052045.1	3716460	3693350	3693394	44	44	5
scaffold_173	47066	46964	47008	+	CP052045.1	3716460	3693350	3693394	44	44	5
scaffold_924	1268	25	69	+	CP052045.1	3716460	3693350	3693394	44	44	5
scaffold_5	1863748	9329	9529	-	CP052045.1	3716460	3704901	3705101	45	200	5
scaffold_75	154281	92286	92350	-	CP052045.1	3716460	113117	113181	64	64	4
scaffold_102	100464	29054	29701	+	CP052045.1	3716460	127782	128429	90	647	4
scaffold_30	507731	452678	453074	-	CP052045.1	3716460	356353	356748	57	396	4
scaffold_131	76605	7906	8222	+	CP052045.1	3716460	358759	359071	93	316	4
scaffold_31	499125	9663	9734	+	CP052045.1	3716460	1494352	1494420	44	71	4
scaffold_175	46490	7307	9002	+	CP052045.1	3716460	9178	10932	633	1755	3
scaffold_68	182924	128241	128323	+	CP052045.1	3716460	342656	342738	43	82	3
scaffold_122	81337	49744	49940	+	CP052045.1	3716460	528402	528597	87	196	3
scaffold_62	231438	230397	230672	+	CP052045.1	3716460	686356	686606	49	275	3
scaffold_68	182924	134327	134409	+	CP052045.1	3716460	706169	706251	43	82	3
scaffold_39	398046	155283	155326	-	CP052045.1	3716460	707655	707698	43	43	3
scaffold_371	14652	4839	4936	-	CP052045.1	3716460	2259783	2259880	43	97	3
scaffold_39	398046	143312	144085	-	CP052045.1	3716460	3617012	3617882	111	870	3
scaffold_1	2692756	34486	34562	+	CP052045.1	3716460	113117	113193	56	76	2
scaffold_30	507731	443661	443995	-	CP052045.1	3716460	167878	168216	43	338	2
scaffold_169	51120	36746	36790	-	CP052045.1	3716460	238828	238872	44	44	2
scaffold_51	297976	118955	119156	-	CP052045.1	3716460	355814	356015	77	201	2
scaffold_4	1881388	512759	512958	-	CP052045.1	3716460	358803	358981	47	199	2
scaffold_61	235649	209495	210351	+	CP052045.1	3716460	2210105	2210960	42	856	2
scaffold_137	72425	18060	18112	-	CP052045.1	3716460	2251952	2252005	42	53	2
scaffold_82	143064	78580	78787	-	CP052045.1	3716460	3689113	3689320	59	207	2
scaffold_1143	774	109	766	+	CP052045.1	3716460	139887	140544	219	657	1
scaffold_427	11379	3816	4485	-	CP052045.1	3716460	143995	144781	84	787	1
scaffold_4	1881388	526222	526439	-	CP052045.1	3716460	147136	147364	44	228	1
scaffold_67	184376	42323	42506	-	CP052045.1	3716460	147174	147370	44	196	1
scaffold_45	358384	111751	111872	-	CP052045.1	3716460	706694	706815	41	121	1
scaffold_35	440808	275921	276303	-	CP052045.1	3716460	3617793	3618097	59	382	1
scaffold_371	14652	14128	14262	-	CP052045.1	3716460	3689113	3689247	64	134	1
scaffold_106	94230	31039	31080	-	CP052045.1	3716460	3693353	3693394	41	41	1
scaffold_153	61587	9718	10074	+	CP052045.1	3716460	5158	5514	129	356	0
scaffold_90	123581	707	1352	+	CP052045.1	3716460	6743	7413	253	684	0
scaffold_401	12799	9017	11555	+	CP052045.1	3716460	8099	10932	976	2833	0
scaffold_1085	847	607	768	-	CP052045.1	3716460	10771	10932	72	161	0
scaffold_111	88385	11307	11800	-	CP052045.1	3716460	41831	42324	83	493	0
scaffold_71	175185	145772	146156	-	CP052045.1	3716460	41940	42324	76	384	0
scaffold_26	567511	563363	563503	-	CP052045.1	3716460	42613	42753	72	140	0
scaffold_219	33473	531	671	+	CP052045.1	3716460	42613	42753	91	140	0
scaffold_71	175185	148067	148408	+	CP052045.1	3716460	43488	43829	76	341	0
scaffold_68	182924	166170	166343	-	CP052045.1	3716460	44164	44338	81	174	0
scaffold_9	1406917	480162	480260	+	CP052045.1	3716460	44211	44309	52	98	0
scaffold_347	15918	9977	10064	-	CP052045.1	3716460	44409	44496	57	87	0
scaffold_336	17138	14072	14181	+	CP052045.1	3716460	44409	44518	79	109	0
scaffold_427	11379	3299	3386	-	CP052045.1	3716460	44409	44496	57	87	0
scaffold_61	235649	105784	105893	-	CP052045.1	3716460	44409	44518	84	109	0
scaffold_371	14652	13759	13868	-	CP052045.1	3716460	44409	44518	76	109	0
scaffold_154	60446	37671	37780	-	CP052045.1	3716460	44409	44518	57	109	0
scaffold_243	28230	22456	22565	+	CP052045.1	3716460	44409	44518	79	109	0
scaffold_243	28230	26122	26231	-	CP052045.1	3716460	44409	44518	79	109	0
scaffold_90	123581	107344	107453	+	CP052045.1	3716460	44409	44518	79	109	0
scaffold_287	21903	4069	4163	-	CP052045.1	3716460	44746	44840	52	94	0
scaffold_427	11379	3299	3393	-	CP052045.1	3716460	44746	44840	52	94	0
scaffold_347	15918	9977	10064	-	CP052045.1	3716460	44753	44840	45	87	0
scaffold_70	181850	30507	37993	+	CP052045.1	3716460	44932	52555	152	7633	0
scaffold_343	16140	2921	3061	+	CP052045.1	3716460	45119	45257	85	140	0
scaffold_21	738175	55591	55757	+	CP052045.1	3716460	45121	45286	138	166	0
scaffold_70	181850	173079	180728	-	CP052045.1	3716460	45148	52927	401	7779	0
scaffold_144	69844	55537	55635	-	CP052045.1	3716460	45160	45257	59	98	0
scaffold_32	471417	2675	10327	-	CP052045.1	3716460	45160	52898	184	7771	0
scaffold_129	76929	56613	57397	-	CP052045.1	3716460	45296	46080	97	784	0
scaffold_343	16140	2921	3061	+	CP052045.1	3716460	52760	52898	85	140	0
scaffold_102	100464	74917	75086	+	CP052045.1	3716460	52760	52929	155	169	0
scaffold_21	738175	55591	55757	+	CP052045.1	3716460	52762	52927	138	166	0
scaffold_212	35064	7180	7320	+	CP052045.1	3716460	52789	52929	95	140	0
scaffold_1085	847	609	768	-	CP052045.1	3716460	53356	53516	74	160	0
scaffold_145	69505	64603	64755	+	CP052045.1	3716460	55742	55893	76	152	0
scaffold_106	94230	69274	69374	+	CP052045.1	3716460	59145	59245	41	100	0
scaffold_144	69844	26270	26373	-	CP052045.1	3716460	59537	59640	69	103	0
scaffold_115	86240	35248	35289	+	CP052045.1	3716460	59836	59877	41	41	0
scaffold_80	143857	105756	105846	+	CP052045.1	3716460	59836	59931	54	95	0
scaffold_243	28230	23678	24062	-	CP052045.1	3716460	68129	68510	80	385	0
scaffold_14	908909	21229	21376	-	CP052045.1	3716460	86045	86192	77	147	0
scaffold_367	15003	14059	14124	-	CP052045.1	3716460	86115	86180	47	65	0
scaffold_51	297976	4471	4511	+	CP052045.1	3716460	86152	86192	40	40	0
scaffold_59	256653	63684	70791	-	CP052045.1	3716460	86227	93583	179	7358	0
scaffold_26	567511	565613	567258	+	CP052045.1	3716460	86417	88135	76	1719	0
scaffold_1490	561	155	476	+	CP052045.1	3716460	88469	88791	103	322	0
scaffold_143	70430	66286	68033	-	CP052045.1	3716460	88556	90311	198	1755	0
scaffold_45	358384	75512	80153	-	CP052045.1	3716460	88952	93531	229	4642	0
scaffold_67	184376	55612	56893	-	CP052045.1	3716460	92253	93531	140	1281	0
scaffold_122	81337	28976	29152	-	CP052045.1	3716460	93355	93531	79	176	0
scaffold_14	908909	21241	21376	-	CP052045.1	3716460	93382	93517	60	135	0
scaffold_122	81337	36220	36345	-	CP052045.1	3716460	93406	93531	76	125	0
scaffold_367	15003	14045	14141	-	CP052045.1	3716460	93435	93531	78	96	0
scaffold_1563	533	57	99	+	CP052045.1	3716460	93489	93531	42	42	0
scaffold_14	908909	142401	143095	+	CP052045.1	3716460	104114	104809	141	695	0
scaffold_343	16140	2733	3012	+	CP052045.1	3716460	112717	112992	98	279	0
scaffold_51	297976	111294	111357	-	CP052045.1	3716460	112888	112951	55	63	0
scaffold_71	175185	101426	101580	+	CP052045.1	3716460	112916	113070	92	154	0
scaffold_427	11379	3282	3398	-	CP052045.1	3716460	113089	113205	85	116	0
scaffold_243	28230	26151	26238	-	CP052045.1	3716460	113094	113181	61	87	0
scaffold_287	21903	4052	4163	-	CP052045.1	3716460	113094	113205	64	111	0
scaffold_347	15918	9984	10064	-	CP052045.1	3716460	113101	113181	54	80	0
scaffold_243	28230	22456	22536	+	CP052045.1	3716460	113101	113181	54	80	0
scaffold_154	60446	37688	37780	-	CP052045.1	3716460	113101	113193	63	92	0
scaffold_304	20323	16759	16799	-	CP052045.1	3716460	114030	114070	40	40	0
scaffold_110	91422	11638	11682	-	CP052045.1	3716460	114051	114095	44	44	0
scaffold_1117	806	102	169	+	CP052045.1	3716460	120785	120852	49	67	0
scaffold_187	42170	1353	1420	+	CP052045.1	3716460	120785	120852	49	67	0
scaffold_128	78074	37062	37129	-	CP052045.1	3716460	120785	120852	49	67	0
scaffold_1454	575	470	537	+	CP052045.1	3716460	120785	120852	49	67	0
scaffold_16	897138	35673	35845	-	CP052045.1	3716460	127991	128163	48	172	0
scaffold_22	716055	24903	25021	+	CP052045.1	3716460	128523	128640	59	118	0
scaffold_371	14652	4656	4773	-	CP052045.1	3716460	128523	128640	79	117	0
scaffold_219	33473	528	671	-	CP052045.1	3716460	128523	128666	98	143	0
scaffold_26	567511	563363	563506	+	CP052045.1	3716460	128523	128666	103	143	0
scaffold_91	120630	106937	107442	+	CP052045.1	3716460	128894	129399	76	506	0
scaffold_30	507731	445190	446323	+	CP052045.1	3716460	129687	130820	136	1133	0
scaffold_1170	745	571	730	+	CP052045.1	3716460	130583	130742	49	159	0
scaffold_70	181850	173108	180945	-	CP052045.1	3716460	131683	139561	310	7881	0
scaffold_45	358384	259480	265937	+	CP052045.1	3716460	131928	138467	310	6539	0
scaffold_181	44073	33196	33350	+	CP052045.1	3716460	139408	139561	57	154	0
scaffold_149	65637	59317	61440	+	CP052045.1	3716460	141940	144061	76	2123	0
scaffold_30	507731	17259	17402	-	CP052045.1	3716460	143944	144087	101	143	0
scaffold_1	2692756	94858	94959	-	CP052045.1	3716460	143944	144045	90	101	0
scaffold_371	14652	4619	4773	-	CP052045.1	3716460	143944	144098	78	154	0
scaffold_137	72425	13015	13198	-	CP052045.1	3716460	143974	144157	75	183	0
scaffold_145	69505	64629	64706	+	CP052045.1	3716460	143984	144061	77	77	0
scaffold_172	48882	3090	3475	+	CP052045.1	3716460	144331	144717	40	386	0
scaffold_131	76605	59305	59403	+	CP052045.1	3716460	144748	144846	70	98	0
scaffold_312	19256	12745	12902	-	CP052045.1	3716460	147206	147364	41	158	0
scaffold_877	1508	799	888	+	CP052045.1	3716460	147206	147295	70	89	0
scaffold_22	716055	39046	39178	-	CP052045.1	3716460	147231	147364	69	133	0
scaffold_75	154281	101145	101271	-	CP052045.1	3716460	147237	147364	63	127	0
scaffold_1656	513	304	362	+	CP052045.1	3716460	147237	147295	43	58	0
scaffold_1537	542	7	86	-	CP052045.1	3716460	147309	147388	68	79	0
scaffold_1	2692756	121420	121747	+	CP052045.1	3716460	148058	148385	40	327	0
scaffold_283	22139	6175	6475	+	CP052045.1	3716460	149067	149367	66	300	0
scaffold_185	43118	7020	7412	+	CP052045.1	3716460	149151	149543	57	392	0
scaffold_85	135051	61383	61776	+	CP052045.1	3716460	158943	159334	137	394	0
scaffold_77	149510	133026	133181	-	CP052045.1	3716460	162609	162763	78	155	0
scaffold_154	60446	16161	16339	+	CP052045.1	3716460	162609	162786	91	178	0
scaffold_96	109087	42003	42284	+	CP052045.1	3716460	162609	162907	92	299	0
scaffold_173	47066	30289	30376	-	CP052045.1	3716460	162915	163002	70	87	0
scaffold_181	44073	3460	3582	+	CP052045.1	3716460	162915	163037	44	122	0
scaffold_110	91422	27254	27370	-	CP052045.1	3716460	162921	163037	69	116	0
scaffold_91	120630	106563	106690	+	CP052045.1	3716460	167671	167798	85	127	0
scaffold_50	298037	229367	233105	+	CP052045.1	3716460	167717	171796	429	4082	0
scaffold_11	1212133	112117	112422	+	CP052045.1	3716460	167717	168022	96	305	0
scaffold_50	298037	166445	170145	-	CP052045.1	3716460	167717	171574	384	4037	0
scaffold_1359	625	339	590	-	CP052045.1	3716460	167998	168248	62	251	0
scaffold_59	256653	67042	67684	-	CP052045.1	3716460	171195	171835	137	642	0
scaffold_66	184824	2611	3320	+	CP052045.1	3716460	172078	172801	109	723	0
scaffold_30	507731	442100	442838	-	CP052045.1	3716460	172078	172817	100	739	0
scaffold_1255	684	159	309	+	CP052045.1	3716460	172078	172228	62	150	0
scaffold_90	123581	31231	31539	-	CP052045.1	3716460	172082	172388	73	308	0
scaffold_8	1419871	1291717	1291834	-	CP052045.1	3716460	172112	172228	50	117	0
scaffold_1617	522	100	201	+	CP052045.1	3716460	172199	172304	67	105	0
scaffold_104	98169	8392	8836	-	CP052045.1	3716460	172446	172891	86	445	0
scaffold_71	175185	101786	109032	-	CP052045.1	3716460	173074	180261	499	7372	0
scaffold_32	471417	22412	22603	-	CP052045.1	3716460	173074	173264	122	191	0
scaffold_367	15003	14045	14152	+	CP052045.1	3716460	173114	173221	80	107	0
scaffold_82	143064	119630	119779	+	CP052045.1	3716460	173114	173264	69	150	0
scaffold_40	392173	110917	118453	-	CP052045.1	3716460	173128	180513	483	7577	0
scaffold_82	143064	69050	73105	-	CP052045.1	3716460	173137	177362	158	4225	0
scaffold_16	897138	31276	34852	-	CP052045.1	3716460	173137	176760	276	3623	0
scaffold_143	70430	64488	65530	+	CP052045.1	3716460	174958	176009	57	1051	0
scaffold_48	348853	343938	345194	-	CP052045.1	3716460	176308	177564	252	1256	0
scaffold_272	24052	4945	7396	+	CP052045.1	3716460	176435	178889	216	2454	0
scaffold_82	143064	114969	117544	+	CP052045.1	3716460	176829	179409	128	2580	0
scaffold_1708	502	153	491	-	CP052045.1	3716460	177701	178039	105	338	0
scaffold_1490	561	65	476	-	CP052045.1	3716460	177847	178259	92	412	0
scaffold_1718	501	14	202	-	CP052045.1	3716460	178314	178502	60	188	0
scaffold_26	567511	566310	567278	-	CP052045.1	3716460	178483	179456	76	973	0
scaffold_122	81337	35944	36361	+	CP052045.1	3716460	180225	180612	79	417	0
scaffold_137	72425	2234	2596	+	CP052045.1	3716460	180226	180535	92	362	0
scaffold_28	539988	193204	193304	-	CP052045.1	3716460	180436	180535	52	100	0
scaffold_988	1021	280	341	+	CP052045.1	3716460	180452	180513	42	61	0
scaffold_12	1155968	711457	711498	-	CP052045.1	3716460	180774	180815	41	41	0
scaffold_1525	546	83	390	+	CP052045.1	3716460	181788	182095	69	307	0
scaffold_111	88385	71362	71637	+	CP052045.1	3716460	182297	182590	89	293	0
scaffold_6	1692318	294478	295207	+	CP052045.1	3716460	182579	183304	95	730	0
scaffold_67	184376	77714	78402	-	CP052045.1	3716460	182623	183304	120	691	0
scaffold_11	1212133	196813	197066	-	CP052045.1	3716460	184970	185224	85	254	0
scaffold_312	19256	13310	13353	-	CP052045.1	3716460	185010	185053	43	43	0
scaffold_77	149510	104803	104929	+	CP052045.1	3716460	249381	249507	82	126	0
scaffold_143	70430	12165	12288	+	CP052045.1	3716460	249384	249507	60	123	0
scaffold_218	33655	24189	24317	-	CP052045.1	3716460	249384	249512	60	128	0
scaffold_14	908909	33657	33858	+	CP052045.1	3716460	251642	251789	52	201	0
scaffold_1578	530	288	403	-	CP052045.1	3716460	353679	353794	98	115	0
scaffold_90	123581	49999	50062	-	CP052045.1	3716460	353707	353770	63	63	0
scaffold_4	1881388	546923	547213	+	CP052045.1	3716460	354394	354683	57	290	0
scaffold_61	235649	82754	82835	-	CP052045.1	3716460	354413	354494	57	81	0
scaffold_42	372282	359576	359669	+	CP052045.1	3716460	354425	354518	62	93	0
scaffold_10	1239786	174024	175468	-	CP052045.1	3716460	354475	355979	100	1504	0
scaffold_50	298037	146467	147189	-	CP052045.1	3716460	355447	356163	57	723	0
scaffold_30	507731	455117	455500	-	CP052045.1	3716460	355786	356172	105	393	0
scaffold_220	33416	28670	29210	-	CP052045.1	3716460	355873	356428	57	555	0
scaffold_183	43655	758	1353	+	CP052045.1	3716460	356153	356748	119	595	0
scaffold_16	897138	35143	35692	+	CP052045.1	3716460	356199	356748	95	549	0
scaffold_287	21903	4069	4156	-	CP052045.1	3716460	356993	357080	45	87	0
scaffold_243	28230	26132	26231	-	CP052045.1	3716460	356993	357092	73	99	0
scaffold_243	28230	22456	22555	+	CP052045.1	3716460	356993	357092	73	99	0
scaffold_347	15918	9977	10064	-	CP052045.1	3716460	356993	357080	61	87	0
scaffold_61	235649	105794	105893	-	CP052045.1	3716460	356993	357092	66	99	0
scaffold_427	11379	3299	3386	-	CP052045.1	3716460	356993	357080	61	87	0
scaffold_48	348853	227055	227173	-	CP052045.1	3716460	357167	357274	43	118	0
scaffold_12	1155968	738867	741023	-	CP052045.1	3716460	357671	359658	187	2158	0
scaffold_82	143064	67325	68181	+	CP052045.1	3716460	358750	359603	97	856	0
scaffold_6	1692318	273896	274797	-	CP052045.1	3716460	358758	359584	179	901	0
scaffold_315	18631	12593	13232	-	CP052045.1	3716460	358759	359370	114	639	0
scaffold_8	1419871	1291717	1291814	-	CP052045.1	3716460	358759	358855	57	97	0
scaffold_35	440808	249081	249774	+	CP052045.1	3716460	358759	359370	152	693	0
scaffold_62	231438	219446	220489	+	CP052045.1	3716460	358759	359649	160	1043	0
scaffold_220	33416	1660	1943	-	CP052045.1	3716460	358759	359071	79	312	0
scaffold_66	184824	2665	3665	+	CP052045.1	3716460	358759	359661	124	1000	0
scaffold_32	471417	38440	38816	-	CP052045.1	3716460	358759	359106	114	376	0
scaffold_12	1155968	702835	703733	-	CP052045.1	3716460	358759	359619	224	898	0
scaffold_12	1155968	736504	737341	+	CP052045.1	3716460	358759	359504	131	840	0
scaffold_1617	522	45	264	+	CP052045.1	3716460	358771	358970	67	219	0
scaffold_39	398046	128812	129677	+	CP052045.1	3716460	358803	359658	116	913	0
scaffold_39	398046	136594	136954	+	CP052045.1	3716460	358803	359151	109	360	0
scaffold_90	123581	30977	31445	-	CP052045.1	3716460	358803	359241	110	468	0
scaffold_1262	679	146	462	-	CP052045.1	3716460	358812	359106	52	316	0
scaffold_131	76605	44588	45457	-	CP052045.1	3716460	358826	359658	113	869	0
scaffold_30	507731	444074	448839	+	CP052045.1	3716460	509132	513899	315	4767	0
scaffold_129	76929	20779	28583	-	CP052045.1	3716460	509143	516800	144	7804	0
scaffold_129	76929	49756	57560	+	CP052045.1	3716460	509143	516800	236	7804	0
scaffold_149	65637	61313	61397	+	CP052045.1	3716460	509153	509237	49	84	0
scaffold_33	455355	418962	419043	+	CP052045.1	3716460	516742	516823	61	81	0
scaffold_62	231438	215986	217182	+	CP052045.1	3716460	520515	521709	96	1196	0
scaffold_14	908909	22724	22768	+	CP052045.1	3716460	520559	520603	44	44	0
scaffold_9	1406917	463144	463997	+	CP052045.1	3716460	520583	521437	92	854	0
scaffold_1700	504	20	426	-	CP052045.1	3716460	527971	528346	85	408	0
scaffold_9	1406917	460186	460290	-	CP052045.1	3716460	528368	528472	81	104	0
scaffold_137	72425	12958	13188	-	CP052045.1	3716460	528368	528597	85	230	0
scaffold_11	1212133	21703	21934	-	CP052045.1	3716460	629169	629400	174	233	0
scaffold_218	33655	23713	23809	+	CP052045.1	3716460	629283	629379	86	96	0
scaffold_1496	558	48	219	+	CP052045.1	3716460	684311	684482	56	171	0
scaffold_60	240913	106281	107663	+	CP052045.1	3716460	684317	685699	149	1382	0
scaffold_13	1103368	393363	394467	+	CP052045.1	3716460	684442	685546	99	1104	0
scaffold_429	11191	462	538	+	CP052045.1	3716460	685470	685546	47	76	0
scaffold_6	1692318	294025	295106	+	CP052045.1	3716460	686632	687722	101	1093	0
scaffold_111	88385	71405	71916	+	CP052045.1	3716460	686813	687777	188	964	0
scaffold_71	175185	148502	149371	-	CP052045.1	3716460	686813	687777	150	968	0
scaffold_6	1692318	272838	273286	-	CP052045.1	3716460	687296	687755	137	462	0
scaffold_30	507731	498733	498950	-	CP052045.1	3716460	687564	687777	149	217	0
scaffold_104	98169	54814	55064	-	CP052045.1	3716460	687564	687816	157	256	0
scaffold_6	1692318	1549992	1550225	+	CP052045.1	3716460	687564	687797	119	233	0
scaffold_315	18631	6991	7158	-	CP052045.1	3716460	687583	687755	71	172	0
scaffold_131	76605	59255	59718	-	CP052045.1	3716460	689228	689690	75	463	0
scaffold_220	33416	13506	13981	+	CP052045.1	3716460	689228	689703	78	475	0
scaffold_5	1863748	24381	25315	+	CP052045.1	3716460	689375	690461	123	1086	0
scaffold_1	2692756	331214	331386	-	CP052045.1	3716460	689419	689591	40	172	0
scaffold_104	98169	57165	57409	-	CP052045.1	3716460	689419	689663	81	244	0
scaffold_4	1881388	515797	516195	+	CP052045.1	3716460	689421	689819	125	398	0
scaffold_315	18631	13486	14425	+	CP052045.1	3716460	689483	690423	76	940	0
scaffold_371	14652	14129	14262	+	CP052045.1	3716460	689493	689626	63	133	0
scaffold_10	1239786	173260	174074	-	CP052045.1	3716460	689607	690423	136	816	0
scaffold_67	184376	88342	89050	-	CP052045.1	3716460	689621	690329	98	708	0
scaffold_26	567511	550662	550927	-	CP052045.1	3716460	690819	691084	66	265	0
scaffold_1700	504	109	246	+	CP052045.1	3716460	690825	690962	100	137	0
scaffold_26	567511	554550	562219	-	CP052045.1	3716460	690825	698500	582	7677	0
scaffold_102	100464	68633	75073	-	CP052045.1	3716460	690825	697360	388	6536	0
scaffold_4	1881388	1685260	1692876	+	CP052045.1	3716460	690899	698523	468	7630	0
scaffold_1	2692756	112286	119608	+	CP052045.1	3716460	690899	698314	682	7417	0
scaffold_1	2692756	258709	266267	-	CP052045.1	3716460	690905	698463	584	7603	0
scaffold_129	76929	59446	66988	+	CP052045.1	3716460	690905	698468	607	7566	0
scaffold_28	539988	193204	193261	+	CP052045.1	3716460	690905	690962	47	57	0
scaffold_59	256653	74356	74657	+	CP052045.1	3716460	690905	691204	99	301	0
scaffold_61	235649	88055	95543	+	CP052045.1	3716460	690905	698593	418	7693	0
scaffold_50	298037	137254	144424	-	CP052045.1	3716460	690905	698463	369	7560	0
scaffold_11	1212133	238019	240458	-	CP052045.1	3716460	690943	693383	228	2442	0
scaffold_1675	509	158	502	-	CP052045.1	3716460	692225	692569	131	344	0
scaffold_1626	520	100	486	+	CP052045.1	3716460	693364	693750	117	386	0
scaffold_71	175185	97756	97956	+	CP052045.1	3716460	693364	693564	66	200	0
scaffold_9	1406917	463005	464299	-	CP052045.1	3716460	697298	698593	80	1296	0
scaffold_62	231438	215986	217182	-	CP052045.1	3716460	697327	698523	95	1197	0
scaffold_129	76929	57995	66975	+	CP052045.1	3716460	697341	706202	761	9253	0
scaffold_40	392173	109779	110134	+	CP052045.1	3716460	698267	698623	115	356	0
scaffold_1578	530	304	403	-	CP052045.1	3716460	698364	698463	85	99	0
scaffold_55	268656	20920	21056	+	CP052045.1	3716460	698364	698500	103	136	0
scaffold_104	98169	921	2164	-	CP052045.1	3716460	698364	699745	151	1382	0
scaffold_137	72425	298	2649	-	CP052045.1	3716460	698369	700957	202	2588	0
scaffold_48	348853	155601	157802	-	CP052045.1	3716460	698392	700726	199	2337	0
scaffold_26	567511	550640	550863	-	CP052045.1	3716460	698400	698623	79	223	0
scaffold_111	88385	68550	68771	-	CP052045.1	3716460	698402	698623	105	221	0
scaffold_51	297976	110854	118719	+	CP052045.1	3716460	698402	706226	622	7979	0
scaffold_5	1863748	399746	399847	-	CP052045.1	3716460	698422	698523	97	101	0
scaffold_40	392173	145091	145974	-	CP052045.1	3716460	698862	699745	135	884	0
scaffold_45	358384	259411	265979	-	CP052045.1	3716460	699669	706257	354	6607	0
scaffold_1	2692756	82309	84688	+	CP052045.1	3716460	699711	702089	154	2379	0
scaffold_91	120630	116653	118739	-	CP052045.1	3716460	699721	701806	100	2086	0
scaffold_67	184376	60067	63178	-	CP052045.1	3716460	699721	702804	138	3111	0
scaffold_48	348853	342002	342842	+	CP052045.1	3716460	700065	700905	136	840	0
scaffold_10	1239786	1232125	1237852	+	CP052045.1	3716460	700435	706202	320	5768	0
scaffold_71	175185	97207	97956	+	CP052045.1	3716460	700591	701340	113	749	0
scaffold_283	22139	2347	6141	+	CP052045.1	3716460	702885	706467	226	3795	0
scaffold_62	231438	216055	218698	-	CP052045.1	3716460	703532	706202	123	2670	0
scaffold_1584	529	111	467	+	CP052045.1	3716460	705496	705852	69	356	0
scaffold_71	175185	99793	100216	+	CP052045.1	3716460	705782	706202	111	423	0
scaffold_90	123581	49949	50047	-	CP052045.1	3716460	706154	706252	67	98	0
scaffold_28	539988	193204	193261	+	CP052045.1	3716460	706169	706226	57	57	0
scaffold_14	908909	22724	22768	-	CP052045.1	3716460	706182	706226	44	44	0
scaffold_1279	668	318	370	-	CP052045.1	3716460	707589	707641	46	52	0
scaffold_5	1863748	4303	5262	-	CP052045.1	3716460	707655	708611	98	971	0
scaffold_66	184824	2611	3660	-	CP052045.1	3716460	707655	708709	104	1054	0
scaffold_220	33416	531	605	+	CP052045.1	3716460	707655	707729	74	74	0
scaffold_6	1692318	273838	275164	+	CP052045.1	3716460	707669	709020	136	1386	0
scaffold_1279	668	364	441	+	CP052045.1	3716460	707750	707827	51	77	0
scaffold_39	398046	136496	137445	-	CP052045.1	3716460	707759	708709	97	950	0
scaffold_104	98169	58947	59858	-	CP052045.1	3716460	707782	708709	113	927	0
scaffold_11	1212133	201913	202633	-	CP052045.1	3716460	707989	708709	118	720	0
scaffold_1617	522	100	334	-	CP052045.1	3716460	708348	708588	57	240	0
scaffold_14	908909	131976	132172	+	CP052045.1	3716460	708386	708588	57	202	0
scaffold_175	46490	3339	3532	-	CP052045.1	3716460	708775	708969	40	194	0
scaffold_35	440808	274373	274958	-	CP052045.1	3716460	709384	709948	126	589	0
scaffold_336	17138	4216	4587	-	CP052045.1	3716460	709689	710060	95	371	0
scaffold_1588	528	3	94	-	CP052045.1	3716460	1115156	1115242	48	91	0
scaffold_11	1212133	52297	53803	+	CP052045.1	3716460	1209457	1210963	328	1506	0
scaffold_1643	517	46	318	+	CP052045.1	3716460	1210753	1211025	103	272	0
scaffold_249	26889	3817	3923	+	CP052045.1	3716460	1211006	1211112	58	106	0
scaffold_31	499125	499009	499113	-	CP052045.1	3716460	1211201	1211305	92	104	0
scaffold_119	82364	82250	82354	-	CP052045.1	3716460	1211201	1211305	92	104	0
scaffold_1547	538	237	284	-	CP052045.1	3716460	1623599	1623646	47	47	0
scaffold_102	100464	74917	75086	-	CP052045.1	3716460	2224680	2224849	155	169	0
scaffold_212	35064	7180	7320	-	CP052045.1	3716460	2224680	2224820	95	140	0
scaffold_70	181850	173079	180728	+	CP052045.1	3716460	2224682	2232461	401	7779	0
scaffold_21	738175	55591	55757	-	CP052045.1	3716460	2224682	2224847	138	166	0
scaffold_48	348853	333543	341163	-	CP052045.1	3716460	2224682	2232490	375	7808	0
scaffold_75	154281	102275	102612	-	CP052045.1	3716460	2224711	2225036	76	337	0
scaffold_32	471417	2675	10327	+	CP052045.1	3716460	2224711	2232449	184	7771	0
scaffold_343	16140	2921	3061	-	CP052045.1	3716460	2224711	2224849	85	140	0
scaffold_70	181850	30507	37993	-	CP052045.1	3716460	2225054	2232677	152	7633	0
scaffold_129	76929	56613	57397	+	CP052045.1	3716460	2231529	2232313	97	784	0
scaffold_21	738175	55591	55757	-	CP052045.1	3716460	2232323	2232488	138	166	0
scaffold_212	35064	7180	7318	-	CP052045.1	3716460	2232323	2232461	93	138	0
scaffold_343	16140	2921	3061	-	CP052045.1	3716460	2232352	2232490	85	140	0
scaffold_137	72425	12912	13188	+	CP052045.1	3716460	2233581	2233867	100	286	0
scaffold_61	235649	96849	97755	+	CP052045.1	3716460	2233750	2234532	125	909	0
scaffold_9	1406917	460173	460290	+	CP052045.1	3716460	2233750	2233867	96	117	0
scaffold_104	98169	91534	91691	-	CP052045.1	3716460	2233764	2233920	105	157	0
scaffold_26	567511	563363	563506	-	CP052045.1	3716460	2233764	2233907	81	143	0
scaffold_77	149510	95017	95232	+	CP052045.1	3716460	2233764	2233979	105	215	0
scaffold_59	256653	38498	38697	+	CP052045.1	3716460	2233764	2233962	121	199	0
scaffold_67	184376	69102	76853	+	CP052045.1	3716460	2233764	2241476	663	7805	0
scaffold_431	11085	7800	10213	+	CP052045.1	3716460	2233775	2236037	164	2413	0
scaffold_50	298037	158615	166002	-	CP052045.1	3716460	2233784	2241466	805	7699	0
scaffold_22	716055	24903	25027	-	CP052045.1	3716460	2233784	2233907	71	124	0
scaffold_371	14652	4650	4773	+	CP052045.1	3716460	2233784	2233907	65	123	0
scaffold_91	120630	109607	112975	-	CP052045.1	3716460	2233784	2236910	163	3369	0
scaffold_20	777291	20457	20579	+	CP052045.1	3716460	2233784	2233907	85	123	0
scaffold_82	143064	135810	137809	-	CP052045.1	3716460	2233790	2235915	193	2125	0
scaffold_61	235649	70392	70445	-	CP052045.1	3716460	2233814	2233867	53	53	0
scaffold_97	105629	90774	92895	+	CP052045.1	3716460	2233814	2236028	110	2214	0
scaffold_4	1881388	538524	539309	-	CP052045.1	3716460	2234179	2234953	167	786	0
scaffold_129	76929	43456	49710	-	CP052045.1	3716460	2235063	2241476	742	6413	0
scaffold_431	11085	857	7034	-	CP052045.1	3716460	2235063	2241409	625	6506	0
scaffold_71	175185	149560	151067	+	CP052045.1	3716460	2235063	2236563	53	1507	0
scaffold_1322	645	262	586	+	CP052045.1	3716460	2235704	2236028	108	324	0
scaffold_129	76929	23975	28465	+	CP052045.1	3716460	2236891	2241368	110	4493	0
scaffold_1143	774	109	727	-	CP052045.1	3716460	2237422	2238040	184	618	0
scaffold_10	1239786	170709	172303	+	CP052045.1	3716460	2238400	2240043	139	1664	0
scaffold_26	567511	566558	567340	-	CP052045.1	3716460	2239332	2240114	273	782	0
scaffold_2	2503568	2501300	2501587	-	CP052045.1	3716460	2239652	2239942	65	290	0
scaffold_11	1212133	423320	423395	+	CP052045.1	3716460	2241323	2241398	66	75	0
scaffold_26	567511	563353	563506	-	CP052045.1	3716460	2241323	2241476	102	153	0
scaffold_219	33473	528	681	+	CP052045.1	3716460	2241323	2241476	91	153	0
scaffold_11	1212133	183627	183677	+	CP052045.1	3716460	2241326	2241376	46	50	0
scaffold_22	716055	24903	25027	-	CP052045.1	3716460	2241343	2241466	85	124	0
scaffold_371	14652	4650	4783	+	CP052045.1	3716460	2241343	2241476	75	133	0
scaffold_40	392173	391327	391469	+	CP052045.1	3716460	2241349	2241491	104	142	0
scaffold_149	65637	61298	61440	-	CP052045.1	3716460	2241349	2241491	63	142	0
scaffold_131	76605	35191	36166	+	CP052045.1	3716460	2242639	2243623	171	986	0
scaffold_131	76605	60811	61829	-	CP052045.1	3716460	2242639	2243667	272	1029	0
scaffold_62	231438	229299	230272	+	CP052045.1	3716460	2242639	2243611	133	973	0
scaffold_20	777291	795	1566	+	CP052045.1	3716460	2242639	2243410	109	772	0
scaffold_4	1881388	529723	530446	+	CP052045.1	3716460	2242820	2243542	136	723	0
scaffold_111	88385	8978	9260	-	CP052045.1	3716460	2242846	2243128	76	282	0
scaffold_220	33416	11949	12771	-	CP052045.1	3716460	2242846	2243667	135	822	0
scaffold_35	440808	269104	269901	-	CP052045.1	3716460	2242869	2243667	179	799	0
scaffold_12	1155968	742850	743182	+	CP052045.1	3716460	2243336	2243667	89	332	0
scaffold_35	440808	285928	286235	+	CP052045.1	3716460	2243360	2243667	112	307	0
scaffold_25	600164	599564	599684	-	CP052045.1	3716460	2243523	2243643	57	120	0
scaffold_71	175185	100096	100482	+	CP052045.1	3716460	2243805	2244189	79	386	0
scaffold_26	567511	554604	562200	-	CP052045.1	3716460	2243831	2251647	634	7831	0
scaffold_104	98169	1143	2106	-	CP052045.1	3716460	2243892	2244855	137	966	0
scaffold_40	392173	145313	146155	-	CP052045.1	3716460	2244017	2244855	151	842	0
scaffold_1675	509	35	485	-	CP052045.1	3716460	2245350	2245801	148	451	0
scaffold_994	1008	315	596	+	CP052045.1	3716460	2246426	2246707	119	281	0
scaffold_1626	520	98	511	+	CP052045.1	3716460	2246471	2246884	116	413	0
scaffold_48	348853	148456	154105	-	CP052045.1	3716460	2246471	2251917	368	5726	0
scaffold_67	184376	60058	61662	-	CP052045.1	3716460	2246570	2248146	151	1604	0
scaffold_283	22139	2527	6154	+	CP052045.1	3716460	2248398	2251933	207	3684	0
scaffold_82	143064	105542	106735	-	CP052045.1	3716460	2250449	2251647	95	1200	0
scaffold_2	2503568	2501961	2502472	-	CP052045.1	3716460	2255386	2255895	57	511	0
scaffold_315	18631	16565	17011	-	CP052045.1	3716460	2255450	2255895	66	446	0
scaffold_336	17138	3881	4691	+	CP052045.1	3716460	2256199	2257040	99	841	0
scaffold_336	17138	11922	13681	-	CP052045.1	3716460	2256199	2257925	87	1759	0
scaffold_1402	605	260	549	+	CP052045.1	3716460	2258402	2258679	114	304	0
scaffold_93	118238	82860	84628	-	CP052045.1	3716460	2258790	2260558	364	1768	0
scaffold_51	297976	81979	83607	-	CP052045.1	3716460	2258930	2260558	276	1628	0
scaffold_60	240913	106246	107585	-	CP052045.1	3716460	2259112	2260451	99	1339	0
scaffold_96	109087	15884	17040	+	CP052045.1	3716460	2259327	2260483	67	1156	0
scaffold_365	15120	14631	14810	+	CP052045.1	3716460	2260272	2260451	42	179	0
scaffold_1617	522	45	144	-	CP052045.1	3716460	2261030	2261129	63	99	0
scaffold_77	149510	94846	95099	-	CP052045.1	3716460	2263013	2263267	57	254	0
scaffold_25	600164	599596	599684	-	CP052045.1	3716460	2265968	2266056	57	88	0
scaffold_907	1333	42	1322	-	CP052045.1	3716460	2272315	2273594	538	1282	0
scaffold_220	33416	11949	12776	+	CP052045.1	3716460	2276801	2277630	133	829	0
scaffold_10	1239786	169642	170633	+	CP052045.1	3716460	2276801	2277795	195	994	0
scaffold_82	143064	117869	118393	+	CP052045.1	3716460	2276801	2277327	93	526	0
scaffold_62	231438	223391	224211	-	CP052045.1	3716460	2276801	2277630	97	831	0
scaffold_35	440808	254648	255582	-	CP052045.1	3716460	2276851	2277795	167	945	0
scaffold_20	777291	7712	8481	+	CP052045.1	3716460	2276861	2277630	84	769	0
scaffold_62	231438	229336	230233	-	CP052045.1	3716460	2276898	2277795	111	897	0
scaffold_9	1406917	474724	475452	-	CP052045.1	3716460	2276898	2277625	76	728	0
scaffold_12	1155968	700720	701569	-	CP052045.1	3716460	2276928	2277750	122	854	0
scaffold_4	1881388	529590	530446	-	CP052045.1	3716460	2276928	2277795	160	867	0
scaffold_111	88385	8978	9355	+	CP052045.1	3716460	2277343	2277724	79	381	0
scaffold_1052	884	407	798	-	CP052045.1	3716460	2279298	2279673	185	391	0
scaffold_50	298037	2349	2673	-	CP052045.1	3716460	2280604	2280928	95	325	0
scaffold_90	123581	50013	50097	-	CP052045.1	3716460	2280604	2280688	68	84	0
scaffold_1578	530	313	398	-	CP052045.1	3716460	2280616	2280701	71	85	0
scaffold_28	539988	193204	193261	+	CP052045.1	3716460	2280669	2280726	47	57	0
scaffold_122	81337	47713	48427	+	CP052045.1	3716460	2281377	2282168	91	791	0
scaffold_82	143064	67506	67910	-	CP052045.1	3716460	2281587	2281993	89	406	0
scaffold_1669	510	101	221	-	CP052045.1	3716460	2283060	2283194	57	134	0
scaffold_35	440808	274270	274950	+	CP052045.1	3716460	2283175	2283774	133	681	0
scaffold_45	358384	54441	54492	-	CP052045.1	3716460	2284283	2284334	51	51	0
scaffold_28	539988	154380	154450	+	CP052045.1	3716460	2482956	2483026	45	70	0
scaffold_1547	538	243	293	-	CP052045.1	3716460	2482976	2483026	50	50	0
scaffold_37	420435	113469	113522	-	CP052045.1	3716460	3252511	3252564	53	53	0
scaffold_190	40947	36408	36484	-	CP052045.1	3716460	3399009	3399085	61	76	0
scaffold_128	78074	36850	36931	-	CP052045.1	3716460	3399058	3399139	56	81	0
scaffold_20	777291	795	1740	+	CP052045.1	3716460	3409066	3410010	114	946	0
scaffold_4	1881388	496934	497828	+	CP052045.1	3716460	3409066	3409969	179	904	0
scaffold_44	359581	185178	186123	+	CP052045.1	3716460	3409066	3410020	168	956	0
scaffold_220	33416	9814	10651	-	CP052045.1	3716460	3409174	3410010	233	837	0
scaffold_35	440808	254719	255556	+	CP052045.1	3716460	3409174	3410020	181	848	0
scaffold_30	507731	479528	480253	+	CP052045.1	3716460	3409243	3409969	101	727	0
scaffold_12	1155968	714780	715092	-	CP052045.1	3716460	3409243	3409554	114	312	0
scaffold_62	231438	223391	224112	+	CP052045.1	3716460	3409268	3409999	112	734	0
scaffold_12	1155968	700844	701569	+	CP052045.1	3716460	3409273	3409969	117	729	0
scaffold_220	33416	16965	17515	-	CP052045.1	3716460	3409292	3409840	77	550	0
scaffold_30	507731	480364	481024	-	CP052045.1	3716460	3409304	3410010	114	707	0
scaffold_44	359581	179759	180266	+	CP052045.1	3716460	3409333	3409798	86	507	0
scaffold_145	69505	52094	52404	-	CP052045.1	3716460	3409390	3409752	117	363	0
scaffold_336	17138	12832	13173	-	CP052045.1	3716460	3409413	3409770	79	357	0
scaffold_39	398046	137924	138484	+	CP052045.1	3716460	3409453	3410020	115	567	0
scaffold_12	1155968	738192	738685	-	CP052045.1	3716460	3409527	3410020	108	494	0
scaffold_62	231438	221176	221673	-	CP052045.1	3716460	3409527	3410020	99	497	0
scaffold_39	398046	141988	142272	-	CP052045.1	3716460	3409715	3409999	91	285	0
scaffold_25	600164	599624	599883	-	CP052045.1	3716460	3409715	3410010	57	295	0
scaffold_22	716055	655743	655893	-	CP052045.1	3716460	3566848	3566996	76	150	0
scaffold_45	358384	228412	229089	+	CP052045.1	3716460	3616964	3617643	148	680	0
scaffold_4	1881388	537183	538414	+	CP052045.1	3716460	3616964	3618007	223	1231	0
scaffold_35	440808	269104	269901	+	CP052045.1	3716460	3616964	3617763	193	799	0
scaffold_129	76929	66942	68499	-	CP052045.1	3716460	3616964	3618525	57	1562	0
scaffold_82	143064	117869	118498	+	CP052045.1	3716460	3616964	3617593	111	629	0
scaffold_30	507731	480280	480499	+	CP052045.1	3716460	3616964	3617183	105	219	0
scaffold_2	2503568	2501931	2502492	+	CP052045.1	3716460	3616964	3617524	131	561	0
scaffold_35	440808	254597	255582	-	CP052045.1	3716460	3617012	3618007	135	996	0
scaffold_12	1155968	724778	725191	-	CP052045.1	3716460	3617019	3617431	95	413	0
scaffold_9	1406917	474503	475463	-	CP052045.1	3716460	3617048	3618007	162	960	0
scaffold_10	1239786	144208	144320	+	CP052045.1	3716460	3617048	3617155	89	112	0
scaffold_20	777291	781	1740	-	CP052045.1	3716460	3617048	3618007	119	960	0
scaffold_50	298037	150533	151277	+	CP052045.1	3716460	3617048	3617791	179	744	0
scaffold_44	359581	185164	186113	-	CP052045.1	3716460	3617048	3618007	154	960	0
scaffold_131	76605	35177	36126	-	CP052045.1	3716460	3617048	3618007	174	960	0
scaffold_30	507731	479348	480253	-	CP052045.1	3716460	3617089	3618007	133	918	0
scaffold_12	1155968	700624	701569	-	CP052045.1	3716460	3617089	3618007	133	950	0
scaffold_220	33416	16965	17755	+	CP052045.1	3716460	3617218	3618007	78	790	0
scaffold_28	539988	193204	193261	-	CP052045.1	3716460	3618468	3618525	47	57	0
scaffold_1578	530	313	432	+	CP052045.1	3716460	3618493	3618612	70	119	0
scaffold_145	69505	66693	67394	-	CP052045.1	3716460	3618782	3619484	75	702	0
scaffold_220	33416	30082	30470	-	CP052045.1	3716460	3619057	3619451	106	394	0
scaffold_44	359581	208592	208818	-	CP052045.1	3716460	3619247	3619476	57	229	0
scaffold_1617	522	58	179	-	CP052045.1	3716460	3619326	3619451	58	125	0
scaffold_14	908909	132116	132247	+	CP052045.1	3716460	3619353	3619484	57	131	0
scaffold_8	1419871	1291751	1291822	+	CP052045.1	3716460	3619413	3619484	46	71	0
scaffold_220	33416	13697	14031	-	CP052045.1	3716460	3688986	3689320	71	334	0
scaffold_137	72425	15692	15902	-	CP052045.1	3716460	3689113	3689323	72	210	0
scaffold_45	358384	102870	103077	+	CP052045.1	3716460	3689113	3689320	40	207	0
scaffold_1301	656	568	656	-	CP052045.1	3716460	3689158	3689246	48	88	0
scaffold_187	42170	158	261	+	CP052045.1	3716460	3689217	3689320	56	103	0
scaffold_137	72425	13062	13257	-	CP052045.1	3716460	3703159	3703354	86	195	0
scaffold_2	2503568	2498671	2500129	+	CP052045.1	3716460	3703159	3704633	108	1474	0
scaffold_22	716055	24903	25070	+	CP052045.1	3716460	3703188	3703354	84	167	0
scaffold_1	2692756	218569	224644	-	CP052045.1	3716460	3703188	3709078	522	6141	0
scaffold_30	507731	17285	17402	-	CP052045.1	3716460	3703188	3703305	106	117	0
scaffold_371	14652	4656	4773	-	CP052045.1	3716460	3703188	3703305	78	117	0
scaffold_39	398046	141160	143033	+	CP052045.1	3716460	3703218	3705101	119	1890	0
scaffold_9	1406917	460173	460300	-	CP052045.1	3716460	3703218	3703345	106	127	0
scaffold_104	98169	91605	91714	+	CP052045.1	3716460	3703245	3703354	79	109	0
scaffold_82	143064	128957	133841	+	CP052045.1	3716460	3703278	3708124	523	4930	0
scaffold_26	567511	566629	566906	+	CP052045.1	3716460	3704643	3704920	84	277	0
scaffold_10	1239786	171982	172303	-	CP052045.1	3716460	3704643	3705034	133	391	0
scaffold_2	2503568	2501300	2501660	+	CP052045.1	3716460	3704744	3705137	65	393	0
scaffold_1619	521	51	472	-	CP052045.1	3716460	3706144	3706565	102	421	0
scaffold_91	120630	107477	107668	+	CP052045.1	3716460	3707096	3707287	77	191	0
scaffold_66	184824	709	1667	+	CP052045.1	3716460	3708135	3709078	57	958	0
scaffold_4	1881388	538524	539300	+	CP052045.1	3716460	3709188	3709954	180	777	0
scaffold_153	61587	9718	10074	-	CP052045.1	3716460	3710951	3711307	129	356	0
scaffold_50	298037	224654	225737	-	CP052046.1	3277645	49528	50610	153	1083	60
scaffold_50	298037	243133	251214	-	CP052046.1	3277645	63439	71201	1097	8232	60
scaffold_312	19256	14004	19083	-	CP052046.1	3277645	66628	71306	619	5120	60
scaffold_71	175185	147731	147993	+	CP052046.1	3277645	71371	71633	160	262	60
scaffold_116	84153	45832	74124	-	CP052046.1	3277645	85104	112831	20621	28835	60
scaffold_116	84153	3424	14384	-	CP052046.1	3277645	112890	123946	5816	11067	60
scaffold_116	84153	26	484	-	CP052046.1	3277645	143296	143754	361	458	60
scaffold_83	140534	128610	130852	+	CP052046.1	3277645	143523	145765	260	2242	60
scaffold_1562	533	13	518	-	CP052046.1	3277645	143668	144173	411	505	60
scaffold_137	72425	70008	72425	-	CP052046.1	3277645	144059	146477	1444	2418	60
scaffold_175	46490	0	1706	+	CP052046.1	3277645	144059	145765	862	1706	60
scaffold_1497	558	12	554	+	CP052046.1	3277645	146770	147301	424	542	60
scaffold_347	15918	133	3055	-	CP052046.1	3277645	150739	153675	2148	2937	60
scaffold_331	17590	8218	17451	-	CP052046.1	3277645	153700	162230	6102	9251	60
scaffold_137	72425	32652	60083	-	CP052046.1	3277645	166028	193131	19757	27442	60
scaffold_137	72425	30818	31282	-	CP052046.1	3277645	205481	205947	138	466	60
scaffold_137	72425	18367	23258	-	CP052046.1	3277645	206946	211839	3273	4894	60
scaffold_4	1881388	1703437	1858925	-	CP052046.1	3277645	212012	360189	89747	161014	60
scaffold_4	1881388	1632667	1684361	-	CP052046.1	3277645	360680	412445	29559	51906	60
scaffold_1382	613	33	609	+	CP052046.1	3277645	372135	372708	428	576	60
scaffold_4	1881388	1563078	1618456	-	CP052046.1	3277645	422491	470752	24160	55963	60
scaffold_4	1881388	1406197	1559347	-	CP052046.1	3277645	480404	629593	106513	153745	60
scaffold_1668	510	8	497	-	CP052046.1	3277645	533760	534261	380	502	60
scaffold_1559	534	6	516	-	CP052046.1	3277645	627647	628161	289	514	60
scaffold_4	1881388	1379591	1405103	+	CP052046.1	3277645	630686	656216	2644	25575	60
scaffold_1613	522	2	516	+	CP052046.1	3277645	641602	642116	487	514	60
scaffold_1207	720	11	686	-	CP052046.1	3277645	650932	651607	536	675	60
scaffold_4	1881388	1129464	1378522	-	CP052046.1	3277645	657202	905185	185058	249571	60
scaffold_233	30380	27786	28343	-	CP052046.1	3277645	794574	795129	209	557	60
scaffold_1576	530	18	529	+	CP052046.1	3277645	911885	912396	511	511	60
scaffold_4	1881388	1117790	1121844	-	CP052046.1	3277645	912094	916129	2027	4060	60
scaffold_4	1881388	1106170	1107250	-	CP052046.1	3277645	916740	917805	394	1080	60
scaffold_219	33473	304	697	+	CP052046.1	3277645	925280	925669	123	393	60
scaffold_31	499125	16203	17566	+	CP052046.1	3277645	925742	927105	329	1363	60
scaffold_150	63801	53972	55079	+	CP052046.1	3277645	925996	927105	272	1110	60
scaffold_4	1881388	547500	1106098	-	CP052046.1	3277645	943132	1501611	474177	560349	60
scaffold_63	225848	108831	110013	-	CP052046.1	3277645	1227798	1228981	496	1183	60
scaffold_25	600164	598788	599086	+	CP052046.1	3277645	1514690	1514988	147	298	60
scaffold_6	1692318	264212	268155	-	CP052046.1	3277645	1520490	1524535	211	4046	60
scaffold_20	777291	14041	15989	-	CP052046.1	3277645	1528452	1530359	147	1948	60
scaffold_4	1881388	133	494736	-	CP052046.1	3277645	1538176	2033072	425354	495615	60
scaffold_679	3514	3	687	+	CP052046.1	3277645	1539333	1540018	507	685	60
scaffold_61	235649	156651	158028	-	CP052046.1	3277645	1678747	1680127	532	1380	60
scaffold_46	353283	133	155084	+	CP052046.1	3277645	2033088	2187757	133982	155143	60
scaffold_46	353283	163506	316342	+	CP052046.1	3277645	2187697	2347404	122314	160266	60
scaffold_46	353283	325724	353270	+	CP052046.1	3277645	2354550	2382160	22819	27637	60
scaffold_78	148918	61	76619	+	CP052046.1	3277645	2382164	2455359	56097	78418	60
scaffold_78	148918	76624	125445	-	CP052046.1	3277645	2455369	2504398	35322	49074	60
scaffold_78	148918	125462	148760	+	CP052046.1	3277645	2504410	2528019	16225	23630	60
scaffold_26	567511	329	171781	+	CP052046.1	3277645	2528052	2708304	115627	180843	60
scaffold_26	567511	176138	326344	+	CP052046.1	3277645	2742216	2907345	96398	167767	60
scaffold_26	567511	335411	547429	+	CP052046.1	3277645	2910577	3107979	109126	223737	60
scaffold_112	88048	59263	59796	+	CP052046.1	3277645	3040338	3040871	147	533	60
scaffold_61	235649	80307	81976	+	CP052046.1	3277645	3172425	3174098	102	1674	60
scaffold_9	1406917	472315	473958	+	CP052046.1	3277645	3172425	3174098	102	1673	60
scaffold_26	567511	562409	563283	-	CP052046.1	3277645	3232915	3233791	113	876	60
scaffold_26	567511	551646	554272	-	CP052046.1	3277645	3234043	3236710	1506	2667	60
scaffold_96	109087	106741	108303	+	CP052046.1	3277645	3238900	3240454	773	1565	60
scaffold_68	182924	66260	66853	+	CP052046.1	3277645	3240812	3241404	134	593	60
scaffold_371	14652	7892	9526	-	CP052046.1	3277645	3249986	3251775	445	1793	60
scaffold_1135	782	6	770	-	CP052046.1	3277645	3252326	3253090	661	764	60
scaffold_1622	521	2	509	-	CP052046.1	3277645	3255099	3255606	359	507	60
scaffold_82	143064	117867	118778	+	CP052046.1	3277645	3255198	3256110	201	912	60
scaffold_12	1155968	723238	724081	-	CP052046.1	3277645	3255255	3256110	306	855	60
scaffold_4	1881388	1702566	1703225	-	CP052046.1	3277645	3255571	3256230	177	659	60
scaffold_4	1881388	500584	501441	-	CP052046.1	3277645	3255324	3256182	110	858	59
scaffold_71	175185	147369	147656	+	CP052046.1	3277645	62974	63261	109	287	56
scaffold_1298	658	46	538	-	CP052046.1	3277645	69448	69940	182	492	56
scaffold_102	100464	96682	97960	+	CP052046.1	3277645	927351	928636	128	1285	56
scaffold_1569	531	75	479	-	CP052046.1	3277645	941272	941676	202	404	56
scaffold_50	298037	230361	234591	+	CP052046.1	3277645	1504620	1508866	380	4249	56
scaffold_46	353283	317673	319632	-	CP052046.1	3277645	2351746	2353561	114	1959	55
scaffold_32	471417	40968	41665	+	CP052046.1	3277645	3172828	3173525	94	697	52
scaffold_62	231438	230580	231277	+	CP052046.1	3277645	147056	147752	134	697	51
scaffold_921	1278	20	407	+	CP052046.1	3277645	1502506	1502855	113	387	51
scaffold_1718	501	27	218	-	CP052046.1	3277645	940600	940791	92	191	50
scaffold_115	86240	2508	3988	-	CP052046.1	3277645	3269130	3270622	133	1492	50
scaffold_11	1212133	170262	170485	-	CP052046.1	3277645	50073	50296	85	223	47
scaffold_150	63801	61740	61986	+	CP052046.1	3277645	3232527	3232773	86	246	47
scaffold_40	392173	391097	391469	-	CP052046.1	3277645	3257077	3257435	122	373	47
scaffold_55	268656	17340	17860	-	CP052046.1	3277645	1502093	1502633	112	543	46
scaffold_39	398046	154110	154450	-	CP052046.1	3277645	3229149	3229497	98	349	44
scaffold_137	72425	12145	12263	+	CP052046.1	3277645	79714	79831	108	118	43
scaffold_5	1863748	6955	7521	-	CP052046.1	3277645	146948	147508	94	568	43
scaffold_116	84153	2384	2450	-	CP052046.1	3277645	143195	143261	66	66	39
scaffold_20	777291	781	5999	-	CP052046.1	3277645	1521885	1527129	144	5244	35
scaffold_4	1881388	503249	503424	-	CP052046.1	3277645	149992	150167	70	175	33
scaffold_45	358384	228412	229089	+	CP052046.1	3277645	3255200	3255880	185	680	33
scaffold_6	1692318	1548417	1548528	+	CP052046.1	3277645	79661	79772	60	111	32
scaffold_50	298037	61069	61222	+	CP052046.1	3277645	79670	79823	76	154	32
scaffold_1563	533	36	114	-	CP052046.1	3277645	942731	942809	78	78	32
scaffold_61	235649	79478	80003	+	CP052046.1	3277645	3163569	3164094	76	525	32
scaffold_131	76605	60811	61829	+	CP052046.1	3277645	3255200	3256230	316	1030	32
scaffold_30	507731	479348	480253	+	CP052046.1	3277645	146846	147752	158	907	31
scaffold_45	358384	83033	83529	+	CP052046.1	3277645	3255248	3255744	128	496	31
scaffold_220	33416	17469	19098	-	CP052046.1	3277645	1527110	1528718	95	1629	30
scaffold_62	231438	230477	230732	-	CP052046.1	3277645	1526361	1526616	71	255	29
scaffold_42	372282	359523	359628	-	CP052046.1	3277645	3229399	3229504	67	105	27
scaffold_111	88385	21226	21428	-	CP052046.1	3277645	3163542	3163747	66	205	26
scaffold_9	1406917	460044	460234	+	CP052046.1	3277645	925356	925547	56	191	23
scaffold_272	24052	195	487	+	CP052046.1	3277645	52015	52307	60	292	21
scaffold_149	65637	52517	52871	+	CP052046.1	3277645	1505026	1505380	137	354	21
scaffold_5	1863748	7211	7596	-	CP052046.1	3277645	1513252	1513637	112	391	20
scaffold_150	63801	61143	61304	+	CP052046.1	3277645	3231529	3231694	59	165	20
scaffold_12	1155968	700624	701569	+	CP052046.1	3277645	146846	147752	152	949	19
scaffold_149	65637	65517	65627	-	CP052046.1	3277645	920924	921034	57	110	19
scaffold_102	100464	91966	92132	-	CP052046.1	3277645	1503819	1503985	77	166	19
scaffold_129	76929	28423	28583	+	CP052046.1	3277645	3039848	3040008	85	160	19
scaffold_1268	674	80	573	-	CP052046.1	3277645	1696043	1696484	63	493	18
scaffold_11	1212133	209413	210169	+	CP052046.1	3277645	1535458	1536214	76	756	17
scaffold_10	1239786	1120585	1120685	-	CP052046.1	3277645	3229399	3229497	55	100	17
scaffold_44	359581	206825	208161	+	CP052046.1	3277645	146846	147752	245	1336	16
scaffold_1170	745	244	664	-	CP052046.1	3277645	923568	923988	54	420	16
scaffold_10	1239786	1224547	1224627	-	CP052046.1	3277645	51811	51891	67	80	15
scaffold_26	567511	566460	567340	-	CP052046.1	3277645	69065	69945	293	880	15
scaffold_20	777291	9313	9842	+	CP052046.1	3277645	1521592	1522136	95	544	15
scaffold_51	297976	5172	5562	+	CP052046.1	3277645	50181	50571	57	390	14
scaffold_1398	606	9	129	+	CP052046.1	3277645	67908	68028	57	120	14
scaffold_20	777291	11197	11329	-	CP052046.1	3277645	1503766	1503899	57	133	14
scaffold_154	60446	31607	32241	+	CP052046.1	3277645	1509348	1509972	124	634	14
scaffold_71	175185	146492	147833	+	CP052046.1	3277645	3240748	3242071	74	1341	14
scaffold_1533	544	196	511	-	CP052046.1	3277645	1822974	1823279	57	315	13
scaffold_1084	849	455	834	-	CP052046.1	3277645	2012765	2013113	59	379	13
scaffold_1030	918	344	595	-	CP052046.1	3277645	2367398	2367655	57	257	13
scaffold_9	1406917	471488	471946	+	CP052046.1	3277645	3163569	3164029	55	460	13
scaffold_102	100464	25974	26218	+	CP052046.1	3277645	3254408	3254618	59	244	13
scaffold_35	440808	276090	276435	+	CP052046.1	3277645	1528440	1528778	76	345	12
scaffold_35	440808	269102	270011	+	CP052046.1	3277645	3255198	3256110	208	912	12
scaffold_40	392173	180355	181197	+	CP052046.1	3277645	3268860	3269706	152	846	11
scaffold_728	2835	2726	2817	+	CP052046.1	3277645	1179371	1179462	47	91	10
scaffold_44	359581	199143	199269	-	CP052046.1	3277645	1501689	1501807	53	126	10
scaffold_82	143064	125967	126073	+	CP052046.1	3277645	3243515	3243623	52	108	10
scaffold_90	123581	49900	50032	-	CP052046.1	3277645	79731	79861	52	132	9
scaffold_4	1881388	527298	530201	+	CP052046.1	3277645	1525776	1529104	252	3333	9
scaffold_67	184376	41600	41798	+	CP052046.1	3277645	3252410	3252608	47	198	9
scaffold_4	1881388	1859181	1859265	+	CP052046.1	3277645	3260664	3260748	47	84	9
scaffold_1	2692756	40827	40876	+	CP052046.1	3277645	28900	28949	49	49	8
scaffold_91	120630	116061	116228	+	CP052046.1	3277645	71440	71607	49	167	8
scaffold_133	76283	1695	2444	-	CP052046.1	3277645	74986	75701	57	749	8
scaffold_143	70430	64488	64919	+	CP052046.1	3277645	929191	929622	57	431	8
scaffold_39	398046	117152	117967	+	CP052046.1	3277645	1521302	1522125	137	823	8
scaffold_150	63801	62346	62399	+	CP052046.1	3277645	71148	71201	46	53	7
scaffold_10	1239786	155847	155963	-	CP052046.1	3277645	79661	79772	47	116	7
scaffold_149	65637	59322	61440	-	CP052046.1	3277645	918328	920464	87	2136	7
scaffold_30	507731	441523	441750	-	CP052046.1	3277645	1537579	1537806	48	227	7
scaffold_31	499125	15933	16083	+	CP052046.1	3277645	917876	918026	45	150	6
scaffold_82	143064	107376	107466	-	CP052046.1	3277645	918386	918476	63	90	6
scaffold_12	1155968	714795	715214	-	CP052046.1	3277645	1528484	1528920	138	436	6
scaffold_150	63801	44967	45012	+	CP052046.1	3277645	2151595	2151640	45	45	6
scaffold_243	28230	13083	13127	+	CP052046.1	3277645	3247413	3247457	44	44	6
scaffold_30	507731	26503	26636	-	CP052046.1	3277645	3270873	3271006	75	133	6
scaffold_106	94230	28761	28895	-	CP052046.1	3277645	121818	121952	45	134	5
scaffold_4	1881388	496934	498931	+	CP052046.1	3277645	1513239	1515205	142	2005	5
scaffold_48	348853	284928	284973	+	CP052046.1	3277645	3264452	3264497	45	45	5
scaffold_6	1692318	1367569	1367702	+	CP052046.1	3277645	71174	71306	57	133	4
scaffold_6	1692318	1563868	1563977	+	CP052046.1	3277645	79753	79861	57	109	4
scaffold_220	33416	21835	22507	-	CP052046.1	3277645	146846	147518	105	672	4
scaffold_187	42170	33604	33647	+	CP052046.1	3277645	198987	199030	43	43	4
scaffold_10	1239786	1120638	1120702	-	CP052046.1	3277645	3254569	3254633	61	64	4
scaffold_45	358384	85670	85872	+	CP052046.1	3277645	3256023	3256236	104	213	4
scaffold_68	182924	166012	166159	+	CP052046.1	3277645	942590	942737	76	147	3
scaffold_1380	614	73	337	-	CP052046.1	3277645	2044302	2044562	44	264	3
scaffold_26	567511	549648	549691	+	CP052046.1	3277645	3229432	3229475	43	43	3
scaffold_173	47066	37392	37455	+	CP052046.1	3277645	3253027	3253090	43	63	3
scaffold_77	149510	95017	95253	+	CP052046.1	3277645	63501	63737	139	236	1
scaffold_45	358384	105584	105625	+	CP052046.1	3277645	150436	150477	41	41	1
scaffold_102	100464	26119	26262	+	CP052046.1	3277645	918302	918445	108	143	1
scaffold_30	507731	20367	20622	-	CP052046.1	3277645	1510366	1510644	59	278	1
scaffold_39	398046	125334	126817	+	CP052046.1	3277645	1513743	1515205	95	1488	1
scaffold_39	398046	137937	142650	-	CP052046.1	3277645	1521432	1526319	154	4887	1
scaffold_1606	524	65	214	+	CP052046.1	3277645	1814697	1814833	44	149	1
scaffold_32	471417	28936	28977	+	CP052046.1	3277645	3242656	3242697	41	41	1
scaffold_219	33473	528	697	-	CP052046.1	3277645	3270857	3271026	126	169	1
scaffold_153	61587	9718	10074	+	CP052046.1	3277645	5155	5511	129	356	0
scaffold_48	348853	59009	66003	-	CP052046.1	3277645	6866	13654	336	7070	0
scaffold_128	78074	50514	51092	-	CP052046.1	3277645	9053	9631	54	578	0
scaffold_68	182924	75087	75290	+	CP052046.1	3277645	9078	9281	48	203	0
scaffold_55	268656	19087	19585	-	CP052046.1	3277645	9262	9760	95	498	0
scaffold_60	240913	107357	107506	+	CP052046.1	3277645	9611	9760	67	149	0
scaffold_1	2692756	225296	225486	+	CP052046.1	3277645	9856	10046	54	190	0
scaffold_45	358384	259411	267182	-	CP052046.1	3277645	10427	18261	358	7957	0
scaffold_45	358384	308395	312807	-	CP052046.1	3277645	10431	14810	367	4412	0
scaffold_26	567511	550800	550927	-	CP052046.1	3277645	10431	10558	63	127	0
scaffold_4	1881388	1685196	1692832	+	CP052046.1	3277645	10447	18230	601	7788	0
scaffold_11	1212133	238019	240564	-	CP052046.1	3277645	10449	12997	172	2548	0
scaffold_45	358384	40276	47963	+	CP052046.1	3277645	10456	18206	651	7873	0
scaffold_26	567511	554571	562200	-	CP052046.1	3277645	10456	18230	652	7775	0
scaffold_97	105629	93441	98330	+	CP052046.1	3277645	10471	15355	528	4889	0
scaffold_67	184376	33708	37709	+	CP052046.1	3277645	10539	14468	171	4001	0
scaffold_32	471417	277811	279621	-	CP052046.1	3277645	10539	12344	115	1815	0
scaffold_129	76929	59468	66975	+	CP052046.1	3277645	10539	18206	616	7669	0
scaffold_4	1881388	507330	509268	-	CP052046.1	3277645	10539	12516	135	1978	0
scaffold_102	100464	67961	74729	-	CP052046.1	3277645	10781	17784	429	7003	0
scaffold_48	348853	155456	157466	-	CP052046.1	3277645	10781	12709	171	2010	0
scaffold_70	181850	10352	17015	+	CP052046.1	3277645	11414	18221	413	6807	0
scaffold_61	235649	76512	77630	-	CP052046.1	3277645	11498	12616	81	1118	0
scaffold_48	348853	341693	342865	+	CP052046.1	3277645	11593	12766	141	1173	0
scaffold_272	24052	5889	7775	-	CP052046.1	3277645	11700	13586	180	1886	0
scaffold_122	81337	30078	31886	-	CP052046.1	3277645	12039	13928	95	1889	0
scaffold_10	1239786	146212	151857	-	CP052046.1	3277645	12690	18206	246	5646	0
scaffold_994	1008	315	950	+	CP052046.1	3277645	12931	13566	150	635	0
scaffold_1092	837	521	723	+	CP052046.1	3277645	13518	13720	95	202	0
scaffold_59	256653	78492	79810	+	CP052046.1	3277645	16869	18206	96	1337	0
scaffold_71	175185	148142	148422	-	CP052046.1	3277645	17029	17309	78	280	0
scaffold_28	539988	193114	193261	+	CP052046.1	3277645	18083	18230	76	147	0
scaffold_14	908909	22724	22768	-	CP052046.1	3277645	18186	18230	44	44	0
scaffold_153	61587	15	150	-	CP052046.1	3277645	18605	18740	74	135	0
scaffold_48	348853	346818	348842	-	CP052046.1	3277645	18639	20663	1082	2025	0
scaffold_172	48882	37183	38572	-	CP052046.1	3277645	18861	20259	157	1399	0
scaffold_80	143857	28030	28685	-	CP052046.1	3277645	19224	19890	76	666	0
scaffold_1560	534	166	260	+	CP052046.1	3277645	19688	19782	48	94	0
scaffold_212	35064	22564	22749	+	CP052046.1	3277645	28608	28793	98	185	0
scaffold_1537	542	7	86	+	CP052046.1	3277645	28912	28991	79	79	0
scaffold_227	31762	10934	11262	+	CP052046.1	3277645	28912	29258	57	346	0
scaffold_312	19256	12745	12902	+	CP052046.1	3277645	28936	29093	41	157	0
scaffold_877	1508	791	888	-	CP052046.1	3277645	29005	29101	46	97	0
scaffold_91	120630	27922	33656	+	CP052046.1	3277645	31005	36754	698	5756	0
scaffold_429	11191	9683	9842	-	CP052046.1	3277645	36938	37096	59	159	0
scaffold_169	51120	29713	29872	-	CP052046.1	3277645	36938	37096	59	159	0
scaffold_83	140534	14289	14447	-	CP052046.1	3277645	36938	37096	100	158	0
scaffold_106	94230	45234	45383	+	CP052046.1	3277645	36938	37096	53	158	0
scaffold_190	40947	4840	4955	-	CP052046.1	3277645	36985	37096	66	115	0
scaffold_83	140534	20481	20565	-	CP052046.1	3277645	37012	37096	59	84	0
scaffold_169	51120	36627	36667	-	CP052046.1	3277645	37056	37096	40	40	0
scaffold_112	88048	13440	17260	-	CP052046.1	3277645	37106	40852	128	3820	0
scaffold_40	392173	160472	170115	-	CP052046.1	3277645	37124	46764	8956	9643	0
scaffold_112	88048	7010	8228	-	CP052046.1	3277645	46127	47328	177	1218	0
scaffold_37	420435	315778	316531	+	CP052046.1	3277645	47279	48032	49	753	0
scaffold_112	88048	2306	3989	-	CP052046.1	3277645	47475	49158	352	1708	0
scaffold_112	88048	1524	1707	-	CP052046.1	3277645	51171	51342	58	183	0
scaffold_137	72425	13023	13188	+	CP052046.1	3277645	63439	63604	96	165	0
scaffold_104	98169	91547	91691	-	CP052046.1	3277645	63501	63644	88	144	0
scaffold_111	88385	12075	19541	+	CP052046.1	3277645	63501	71289	708	7789	0
scaffold_48	348853	152	3863	-	CP052046.1	3277645	63501	67337	440	3837	0
scaffold_30	507731	17259	17458	+	CP052046.1	3277645	63501	63699	100	199	0
scaffold_67	184376	69102	76747	+	CP052046.1	3277645	63501	71195	729	7697	0
scaffold_59	256653	52811	60189	-	CP052046.1	3277645	63501	71193	681	7702	0
scaffold_45	358384	118937	126440	-	CP052046.1	3277645	63501	71193	684	7697	0
scaffold_431	11085	7800	9722	+	CP052046.1	3277645	63512	65346	163	1922	0
scaffold_145	69505	64476	64721	-	CP052046.1	3277645	63512	63755	138	245	0
scaffold_42	372282	359539	359675	-	CP052046.1	3277645	63521	63657	68	136	0
scaffold_50	298037	158711	166002	-	CP052046.1	3277645	63521	71195	841	7675	0
scaffold_102	100464	92049	96279	+	CP052046.1	3277645	63521	67865	283	4349	0
scaffold_39	398046	147000	154249	-	CP052046.1	3277645	63527	71201	549	7695	0
scaffold_82	143064	136032	137809	-	CP052046.1	3277645	63527	65430	160	1903	0
scaffold_33	455355	419705	419835	-	CP052046.1	3277645	63527	63657	81	130	0
scaffold_97	105629	90774	93112	+	CP052046.1	3277645	63551	65981	114	2431	0
scaffold_30	507731	20338	26530	+	CP052046.1	3277645	64771	71195	703	6425	0
scaffold_66	184824	522	1696	-	CP052046.1	3277645	64771	65935	59	1174	0
scaffold_1	2692756	204398	210552	-	CP052046.1	3277645	64800	71201	597	6402	0
scaffold_129	76929	43556	49710	-	CP052046.1	3277645	64800	71201	736	6402	0
scaffold_1158	759	37	618	-	CP052046.1	3277645	65293	65874	136	581	0
scaffold_1525	546	14	205	-	CP052046.1	3277645	65794	65985	62	191	0
scaffold_45	358384	126393	131062	-	CP052046.1	3277645	66466	71195	597	4782	0
scaffold_50	298037	166408	170095	+	CP052046.1	3277645	67205	71201	524	4016	0
scaffold_1619	521	87	453	+	CP052046.1	3277645	67485	67850	102	366	0
scaffold_10	1239786	1224878	1226472	-	CP052046.1	3277645	67884	69562	236	1678	0
scaffold_32	471417	275399	277607	-	CP052046.1	3277645	68989	71195	330	2209	0
scaffold_1494	559	33	538	-	CP052046.1	3277645	69074	69579	217	505	0
scaffold_2	2503568	2501300	2501662	-	CP052046.1	3277645	69280	69675	65	395	0
scaffold_68	182924	68470	68678	-	CP052046.1	3277645	69737	69945	104	208	0
scaffold_91	120630	106951	107332	-	CP052046.1	3277645	70528	70908	131	381	0
scaffold_22	716055	24994	25110	-	CP052046.1	3277645	71084	71201	61	117	0
scaffold_371	14652	4619	4677	+	CP052046.1	3277645	71137	71195	46	58	0
scaffold_14	908909	21199	21376	-	CP052046.1	3277645	79646	79823	66	177	0
scaffold_122	81337	28967	29063	-	CP052046.1	3277645	79708	79804	92	96	0
scaffold_122	81337	36220	36301	-	CP052046.1	3277645	79714	79795	74	81	0
scaffold_129	76929	1040	1133	+	CP052046.1	3277645	79731	79823	76	93	0
scaffold_367	15003	14045	14087	-	CP052046.1	3277645	79753	79795	42	42	0
scaffold_1563	533	57	99	+	CP052046.1	3277645	79753	79795	42	42	0
scaffold_75	154281	102275	102612	+	CP052046.1	3277645	124826	125151	76	337	0
scaffold_102	100464	74917	75084	+	CP052046.1	3277645	125013	125180	153	167	0
scaffold_343	16140	2921	3061	+	CP052046.1	3277645	125013	125151	85	140	0
scaffold_48	348853	333543	341163	+	CP052046.1	3277645	125013	132821	375	7808	0
scaffold_21	738175	55591	55757	+	CP052046.1	3277645	125015	125180	138	166	0
scaffold_70	181850	173079	180728	-	CP052046.1	3277645	125042	132821	401	7779	0
scaffold_32	471417	2675	10327	-	CP052046.1	3277645	125054	132792	184	7771	0
scaffold_96	109087	78269	78502	+	CP052046.1	3277645	132467	132728	71	261	0
scaffold_102	100464	74917	75086	+	CP052046.1	3277645	132654	132823	155	169	0
scaffold_21	738175	55591	55757	+	CP052046.1	3277645	132656	132821	138	166	0
scaffold_212	35064	7180	7320	+	CP052046.1	3277645	132683	132823	95	140	0
scaffold_144	69844	55537	55635	-	CP052046.1	3277645	132695	132792	59	98	0
scaffold_1610	523	48	138	-	CP052046.1	3277645	133350	133440	48	90	0
scaffold_102	100464	74917	75086	-	CP052046.1	3277645	133625	133794	155	169	0
scaffold_212	35064	7180	7320	-	CP052046.1	3277645	133625	133765	95	140	0
scaffold_21	738175	55591	55757	-	CP052046.1	3277645	133627	133792	138	166	0
scaffold_48	348853	333543	341163	-	CP052046.1	3277645	133627	141435	375	7808	0
scaffold_70	181850	173079	180728	+	CP052046.1	3277645	133627	141406	401	7779	0
scaffold_144	69844	55537	55635	+	CP052046.1	3277645	133656	133753	59	98	0
scaffold_32	471417	2675	10327	+	CP052046.1	3277645	133656	141394	184	7771	0
scaffold_343	16140	2921	3061	-	CP052046.1	3277645	133656	133794	85	140	0
scaffold_70	181850	30507	37993	-	CP052046.1	3277645	133999	141622	152	7633	0
scaffold_129	76929	56613	57397	+	CP052046.1	3277645	140474	141258	97	784	0
scaffold_212	35064	7180	7318	-	CP052046.1	3277645	141268	141406	93	138	0
scaffold_21	738175	55591	55757	-	CP052046.1	3277645	141268	141433	138	166	0
scaffold_343	16140	2921	3061	-	CP052046.1	3277645	141297	141435	85	140	0
scaffold_96	109087	78269	78502	-	CP052046.1	3277645	141361	141622	71	261	0
scaffold_1402	605	250	549	+	CP052046.1	3277645	142589	142896	120	307	0
scaffold_39	398046	145668	146611	+	CP052046.1	3277645	146846	147855	115	1027	0
scaffold_12	1155968	718234	718944	+	CP052046.1	3277645	146846	147559	159	724	0
scaffold_62	231438	229285	230009	+	CP052046.1	3277645	146846	147559	100	724	0
scaffold_220	33416	17030	17755	-	CP052046.1	3277645	146846	147559	90	725	0
scaffold_62	231438	223175	224082	+	CP052046.1	3277645	146846	147752	129	921	0
scaffold_131	76605	60866	61843	-	CP052046.1	3277645	146846	147822	212	977	0
scaffold_35	440808	254597	255504	+	CP052046.1	3277645	146846	147752	143	907	0
scaffold_131	76605	35177	35940	+	CP052046.1	3277645	146846	147609	163	763	0
scaffold_20	777291	781	1566	+	CP052046.1	3277645	146846	147621	147	787	0
scaffold_4	1881388	496934	497828	+	CP052046.1	3277645	146860	147752	177	895	0
scaffold_10	1239786	169697	170670	-	CP052046.1	3277645	146860	147822	202	974	0
scaffold_315	18631	4123	4527	-	CP052046.1	3277645	146928	147322	79	404	0
scaffold_20	777291	21476	21623	-	CP052046.1	3277645	146928	147075	92	147	0
scaffold_44	359581	179544	180266	+	CP052046.1	3277645	146932	147582	109	722	0
scaffold_20	777291	7855	8506	-	CP052046.1	3277645	147026	147677	144	651	0
scaffold_145	69505	52071	52415	-	CP052046.1	3277645	147162	147559	75	397	0
scaffold_283	22139	4263	5884	+	CP052046.1	3277645	148726	150209	190	1624	0
scaffold_111	88385	68710	70099	-	CP052046.1	3277645	149122	150209	174	1390	0
scaffold_62	231438	227873	227927	-	CP052046.1	3277645	149407	149461	40	54	0
scaffold_8	1419871	1225470	1225546	+	CP052046.1	3277645	198167	198243	53	76	0
scaffold_50	298037	261730	265300	+	CP052046.1	3277645	199330	202897	2159	3570	0
scaffold_50	298037	63813	67383	-	CP052046.1	3277645	199330	202897	1964	3570	0
scaffold_37	420435	113469	113522	-	CP052046.1	3277645	372711	372764	45	53	0
scaffold_969	1084	88	377	+	CP052046.1	3277645	918156	918445	130	289	0
scaffold_150	63801	62346	63611	+	CP052046.1	3277645	918302	919567	215	1265	0
scaffold_26	567511	563353	563506	-	CP052046.1	3277645	918302	918455	88	153	0
scaffold_59	256653	38498	38652	+	CP052046.1	3277645	918302	918455	105	154	0
scaffold_219	33473	528	697	+	CP052046.1	3277645	918302	918471	123	169	0
scaffold_45	358384	131284	138962	+	CP052046.1	3277645	918307	925643	717	7751	0
scaffold_9	1406917	460213	460300	+	CP052046.1	3277645	918328	918415	87	87	0
scaffold_22	716055	24903	25021	-	CP052046.1	3277645	918328	918445	65	118	0
scaffold_431	11085	7815	10566	+	CP052046.1	3277645	918328	920932	194	2751	0
scaffold_50	298037	158615	165996	-	CP052046.1	3277645	918328	925643	636	7408	0
scaffold_371	14652	4656	4783	+	CP052046.1	3277645	918328	918455	88	127	0
scaffold_20	777291	20463	20589	+	CP052046.1	3277645	918328	918455	89	127	0
scaffold_102	100464	92055	96044	+	CP052046.1	3277645	918328	922379	303	4058	0
scaffold_97	105629	90774	91841	+	CP052046.1	3277645	918352	919417	91	1067	0
scaffold_30	507731	20074	26636	+	CP052046.1	3277645	919255	925653	717	6638	0
scaffold_82	143064	128963	132942	-	CP052046.1	3277645	921566	925547	469	3985	0
scaffold_67	184376	34007	35801	-	CP052046.1	3277645	923453	925260	152	1807	0
scaffold_1056	881	771	846	+	CP052046.1	3277645	923568	923643	54	75	0
scaffold_1096	830	149	795	-	CP052046.1	3277645	925023	925669	178	646	0
scaffold_149	65637	61313	61440	-	CP052046.1	3277645	925526	925653	49	127	0
scaffold_312	19256	13310	13428	+	CP052046.1	3277645	925526	925643	40	118	0
scaffold_371	14652	4656	4783	+	CP052046.1	3277645	925526	925653	68	127	0
scaffold_1208	716	103	509	+	CP052046.1	3277645	926078	926483	119	406	0
scaffold_122	81337	162	497	+	CP052046.1	3277645	926725	927060	93	335	0
scaffold_32	471417	23993	24141	-	CP052046.1	3277645	927318	927466	86	148	0
scaffold_67	184376	55626	56702	+	CP052046.1	3277645	927351	928427	125	1076	0
scaffold_975	1061	226	296	+	CP052046.1	3277645	928523	928593	51	70	0
scaffold_1234	697	22	448	-	CP052046.1	3277645	928574	929000	120	426	0
scaffold_61	235649	86461	86768	-	CP052046.1	3277645	929391	929698	57	307	0
scaffold_45	358384	48511	50154	+	CP052046.1	3277645	929679	931259	384	1643	0
scaffold_91	120630	113240	113992	+	CP052046.1	3277645	930022	930778	124	756	0
scaffold_82	143064	69770	70187	-	CP052046.1	3277645	930478	930895	125	417	0
scaffold_145	69505	60340	60957	+	CP052046.1	3277645	930643	931259	63	617	0
scaffold_143	70430	66454	67013	+	CP052046.1	3277645	930770	931329	57	559	0
scaffold_212	35064	7180	7327	-	CP052046.1	3277645	931333	931480	102	147	0
scaffold_102	100464	74917	75086	-	CP052046.1	3277645	931340	931509	155	169	0
scaffold_70	181850	173079	180728	+	CP052046.1	3277645	931342	939121	401	7779	0
scaffold_48	348853	333543	341163	-	CP052046.1	3277645	931342	939150	375	7808	0
scaffold_21	738175	55591	55757	-	CP052046.1	3277645	931342	931507	138	166	0
scaffold_32	471417	2675	10327	+	CP052046.1	3277645	931371	939109	184	7771	0
scaffold_343	16140	2921	3061	-	CP052046.1	3277645	931371	931509	85	140	0
scaffold_75	154281	102275	102612	-	CP052046.1	3277645	931371	931696	76	337	0
scaffold_144	69844	55537	55635	+	CP052046.1	3277645	931371	931468	59	98	0
scaffold_96	109087	78269	78502	-	CP052046.1	3277645	931435	931696	71	261	0
scaffold_70	181850	30507	37993	-	CP052046.1	3277645	931714	939337	152	7633	0
scaffold_129	76929	56613	57397	+	CP052046.1	3277645	938189	938973	97	784	0
scaffold_21	738175	55591	55757	-	CP052046.1	3277645	938983	939148	138	166	0
scaffold_102	100464	74917	75084	-	CP052046.1	3277645	938983	939150	153	167	0
scaffold_143	70430	17025	17124	-	CP052046.1	3277645	939012	939109	52	99	0
scaffold_144	69844	55537	55635	+	CP052046.1	3277645	939012	939109	59	98	0
scaffold_343	16140	2921	3061	-	CP052046.1	3277645	939012	939150	85	140	0
scaffold_96	109087	78269	78502	-	CP052046.1	3277645	939076	939337	71	261	0
scaffold_45	358384	79580	82603	+	CP052046.1	3277645	939414	942788	271	3376	0
scaffold_143	70430	67136	67768	+	CP052046.1	3277645	939479	940119	57	640	0
scaffold_82	143064	115381	117432	+	CP052046.1	3277645	939544	941599	100	2055	0
scaffold_67	184376	61165	64218	+	CP052046.1	3277645	939695	942788	138	3093	0
scaffold_1381	613	17	428	-	CP052046.1	3277645	940098	940509	59	411	0
scaffold_9	1406917	468385	470369	+	CP052046.1	3277645	940761	942788	87	2027	0
scaffold_1628	520	95	470	-	CP052046.1	3277645	941414	941789	133	375	0
scaffold_82	143064	119060	119672	+	CP052046.1	3277645	942178	942788	137	612	0
scaffold_59	256653	80081	80693	+	CP052046.1	3277645	942178	942788	115	612	0
scaffold_14	908909	21199	21376	+	CP052046.1	3277645	942718	942895	75	177	0
scaffold_367	15003	14045	14087	+	CP052046.1	3277645	942746	942788	42	42	0
scaffold_336	17138	13470	13681	+	CP052046.1	3277645	1502733	1502947	91	214	0
scaffold_1402	605	73	134	-	CP052046.1	3277645	1503225	1503286	46	61	0
scaffold_1525	546	115	386	+	CP052046.1	3277645	1508509	1508780	74	271	0
scaffold_30	507731	16516	16929	-	CP052046.1	3277645	1509605	1510015	139	413	0
scaffold_145	69505	65618	66218	+	CP052046.1	3277645	1510947	1511538	114	600	0
scaffold_61	235649	96840	97585	-	CP052046.1	3277645	1511345	1512022	110	747	0
scaffold_145	69505	64479	64755	+	CP052046.1	3277645	1511749	1512022	91	276	0
scaffold_77	149510	95028	95253	-	CP052046.1	3277645	1511764	1511989	107	225	0
scaffold_137	72425	13062	13188	-	CP052046.1	3277645	1511897	1512022	77	126	0
scaffold_1402	605	73	116	-	CP052046.1	3277645	1512876	1512919	43	43	0
scaffold_62	231438	229299	231277	+	CP052046.1	3277645	1513239	1515159	138	1978	0
scaffold_111	88385	9066	9458	-	CP052046.1	3277645	1513244	1513637	68	395	0
scaffold_2	2503568	2502015	2502502	-	CP052046.1	3277645	1514714	1515205	62	492	0
scaffold_39	398046	117499	117708	+	CP052046.1	3277645	1514719	1514930	101	211	0
scaffold_44	359581	180014	180469	+	CP052046.1	3277645	1514736	1515191	91	455	0
scaffold_44	359581	207971	210312	+	CP052046.1	3277645	1514969	1517218	102	2345	0
scaffold_25	600164	599591	599684	-	CP052046.1	3277645	1515140	1515238	62	98	0
scaffold_39	398046	143953	146600	+	CP052046.1	3277645	1519403	1522187	124	2789	0
scaffold_10	1239786	169737	170676	-	CP052046.1	3277645	1521185	1522125	222	940	0
scaffold_20	777291	795	1740	+	CP052046.1	3277645	1521191	1522136	128	947	0
scaffold_44	359581	174833	175693	+	CP052046.1	3277645	1521191	1522164	169	973	0
scaffold_62	231438	229299	230272	+	CP052046.1	3277645	1521191	1522164	144	973	0
scaffold_44	359581	185178	186113	+	CP052046.1	3277645	1521191	1522136	143	946	0
scaffold_35	440808	254686	255546	+	CP052046.1	3277645	1521266	1522136	152	871	0
scaffold_12	1155968	714795	715141	-	CP052046.1	3277645	1521302	1521665	96	363	0
scaffold_336	17138	12018	12200	+	CP052046.1	3277645	1521313	1521496	87	183	0
scaffold_35	440808	260516	261253	+	CP052046.1	3277645	1521398	1522136	128	739	0
scaffold_220	33416	12005	12771	-	CP052046.1	3277645	1521398	1522164	143	766	0
scaffold_220	33416	9814	10552	-	CP052046.1	3277645	1521398	1522136	223	738	0
scaffold_111	88385	8800	9260	-	CP052046.1	3277645	1521398	1521860	95	462	0
scaffold_1660	512	263	495	-	CP052046.1	3277645	1521477	1521709	73	232	0
scaffold_145	69505	52071	52404	-	CP052046.1	3277645	1521515	1521901	94	386	0
scaffold_30	507731	480350	480882	-	CP052046.1	3277645	1521571	1522150	144	579	0
scaffold_39	398046	137924	142650	+	CP052046.1	3277645	1521579	1526479	148	4902	0
scaffold_25	600164	598754	599186	+	CP052046.1	3277645	1521592	1522024	76	432	0
scaffold_25	600164	599596	599883	-	CP052046.1	3277645	1521841	1522164	76	323	0
scaffold_1402	605	73	134	+	CP052046.1	3277645	1525525	1525586	61	61	0
scaffold_39	398046	126319	126845	-	CP052046.1	3277645	1525748	1526273	95	526	0
scaffold_44	359581	206825	208231	-	CP052046.1	3277645	1525748	1527129	153	1406	0
scaffold_35	440808	260516	261253	-	CP052046.1	3277645	1525776	1526513	126	739	0
scaffold_131	76605	35387	36126	-	CP052046.1	3277645	1525776	1526513	126	739	0
scaffold_12	1155968	738202	738855	+	CP052046.1	3277645	1525776	1526428	88	654	0
scaffold_9	1406917	474628	475463	-	CP052046.1	3277645	1525776	1526611	87	837	0
scaffold_39	398046	117152	117967	-	CP052046.1	3277645	1525787	1526611	131	825	0
scaffold_25	600164	598754	598933	-	CP052046.1	3277645	1526140	1526319	90	179	0
scaffold_12	1155968	714803	715141	+	CP052046.1	3277645	1526254	1526611	100	357	0
scaffold_131	76605	35208	35848	+	CP052046.1	3277645	1528464	1529113	131	651	0
scaffold_62	231438	223273	223834	+	CP052046.1	3277645	1528530	1529104	100	574	0
scaffold_35	440808	254729	255259	+	CP052046.1	3277645	1528564	1529104	128	541	0
scaffold_20	777291	7996	8495	-	CP052046.1	3277645	1528634	1529132	143	499	0
scaffold_111	88385	9066	9260	-	CP052046.1	3277645	1528653	1528847	76	194	0
scaffold_145	69505	52094	52415	-	CP052046.1	3277645	1528759	1529132	77	373	0
scaffold_5	1863748	14838	17800	-	CP052046.1	3277645	1534166	1537100	65	2963	0
scaffold_44	359581	208107	208213	+	CP052046.1	3277645	1534190	1534296	48	106	0
scaffold_1402	605	73	126	-	CP052046.1	3277645	1534434	1534487	48	53	0
scaffold_5	1863748	8848	9074	+	CP052046.1	3277645	1536936	1537159	101	227	0
scaffold_12	1155968	712217	712407	+	CP052046.1	3277645	1536973	1537163	92	190	0
scaffold_315	18631	6918	7097	-	CP052046.1	3277645	1536980	1537159	71	179	0
scaffold_28	539988	154367	154462	+	CP052046.1	3277645	1587221	1587316	64	95	0
scaffold_33	455355	418910	419190	-	CP052046.1	3277645	3039666	3039980	78	314	0
scaffold_129	76929	20562	20917	+	CP052046.1	3277645	3039675	3040008	126	355	0
scaffold_296	20863	20252	20585	-	CP052046.1	3277645	3039675	3039995	117	333	0
scaffold_283	22139	21846	22082	+	CP052046.1	3277645	3039675	3039889	60	236	0
scaffold_175	46490	9618	9945	-	CP052046.1	3277645	3039675	3039980	98	327	0
scaffold_877	1508	1048	1291	-	CP052046.1	3277645	3039764	3040008	90	244	0
scaffold_133	76283	51018	51207	+	CP052046.1	3277645	3039828	3040017	114	189	0
scaffold_336	17138	17007	17128	+	CP052046.1	3277645	3039828	3039949	80	121	0
scaffold_210	35262	10296	10429	-	CP052046.1	3277645	3039848	3039980	65	133	0
scaffold_133	76283	25	112	+	CP052046.1	3277645	3039930	3040017	75	87	0
scaffold_16	897138	25	112	+	CP052046.1	3277645	3039930	3040017	75	87	0
scaffold_1553	536	454	520	-	CP052046.1	3277645	3039942	3040008	51	66	0
scaffold_11	1212133	110043	111047	-	CP052046.1	3277645	3121844	3122831	191	1004	0
scaffold_75	154281	102275	102612	+	CP052046.1	3277645	3164360	3164685	76	337	0
scaffold_70	181850	30507	37993	+	CP052046.1	3277645	3164360	3171987	152	7637	0
scaffold_48	348853	333543	341163	+	CP052046.1	3277645	3164547	3172359	375	7812	0
scaffold_21	738175	55591	55757	+	CP052046.1	3277645	3164549	3164714	138	166	0
scaffold_70	181850	173079	180728	-	CP052046.1	3277645	3164576	3172359	401	7783	0
scaffold_32	471417	2675	10327	-	CP052046.1	3277645	3164588	3172330	184	7775	0
scaffold_129	76929	56613	57397	-	CP052046.1	3277645	3164724	3165507	97	784	0
scaffold_343	16140	2921	3061	+	CP052046.1	3277645	3172192	3172330	85	140	0
scaffold_21	738175	55591	55757	+	CP052046.1	3277645	3172194	3172359	138	166	0
scaffold_144	69844	55537	55635	-	CP052046.1	3277645	3172233	3172330	59	98	0
scaffold_55	268656	17943	18021	+	CP052046.1	3277645	3227597	3227675	43	78	0
scaffold_1610	523	73	165	+	CP052046.1	3277645	3228437	3228528	57	92	0
scaffold_137	72425	12911	13257	+	CP052046.1	3277645	3229149	3229504	86	356	0
scaffold_61	235649	96840	96991	+	CP052046.1	3277645	3229310	3229461	81	151	0
scaffold_2	2503568	2498671	2498759	-	CP052046.1	3277645	3229416	3229504	55	88	0
scaffold_149	65637	61292	61440	+	CP052046.1	3277645	3231828	3231976	57	148	0
scaffold_104	98169	91534	91714	+	CP052046.1	3277645	3231846	3232025	87	180	0
scaffold_22	716055	24903	25070	+	CP052046.1	3277645	3231859	3232025	71	167	0
scaffold_145	69505	64603	64755	+	CP052046.1	3277645	3231874	3232025	71	152	0
scaffold_10	1239786	1121090	1121207	-	CP052046.1	3277645	3231899	3232016	63	117	0
scaffold_137	72425	12912	13154	-	CP052046.1	3277645	3231933	3232185	76	252	0
scaffold_14	908909	142428	143020	+	CP052046.1	3277645	3241464	3242057	43	593	0
scaffold_63	225848	225753	225825	-	CP052046.1	3277645	3249507	3249579	57	72	0
scaffold_148	65701	23	95	+	CP052046.1	3277645	3249507	3249579	57	72	0
scaffold_122	81337	49629	50126	-	CP052046.1	3277645	3254224	3254704	81	498	0
scaffold_33	455355	419705	419835	-	CP052046.1	3277645	3254545	3254676	85	131	0
scaffold_427	11379	4419	4485	+	CP052046.1	3277645	3254545	3254611	46	66	0
scaffold_42	372282	359539	359669	-	CP052046.1	3277645	3254545	3254676	79	131	0
scaffold_35	440808	270329	270434	+	CP052046.1	3277645	3255198	3255303	59	105	0
scaffold_10	1239786	169640	170676	+	CP052046.1	3277645	3255198	3256236	182	1038	0
scaffold_2	2503568	2501931	2502226	+	CP052046.1	3277645	3255200	3255495	57	295	0
scaffold_20	777291	19402	20446	-	CP052046.1	3277645	3255200	3256246	262	1046	0
scaffold_220	33416	11949	12682	+	CP052046.1	3277645	3255200	3255934	96	734	0
scaffold_35	440808	254788	255582	-	CP052046.1	3277645	3255248	3256042	114	794	0
scaffold_4	1881388	498912	498967	-	CP052046.1	3277645	3255248	3255303	45	55	0
scaffold_220	33416	32706	32850	+	CP052046.1	3277645	3255255	3255400	86	145	0
scaffold_39	398046	132456	132599	+	CP052046.1	3277645	3255255	3255400	95	145	0
scaffold_45	358384	301444	302419	+	CP052046.1	3277645	3255255	3256230	206	976	0
scaffold_10	1239786	165339	166268	+	CP052046.1	3277645	3255284	3256230	189	946	0
scaffold_20	777291	795	1740	-	CP052046.1	3277645	3255284	3256230	116	947	0
scaffold_44	359581	196771	197326	+	CP052046.1	3277645	3255381	3255934	58	555	0
scaffold_62	231438	229299	230016	-	CP052046.1	3277645	3255513	3256230	133	717	0
scaffold_149	65637	61298	61440	+	CP052046.1	3277645	3257077	3257220	57	143	0
scaffold_22	716055	24903	25021	+	CP052046.1	3277645	3257102	3257220	65	118	0
scaffold_9	1406917	460213	460290	-	CP052046.1	3277645	3257143	3257220	77	77	0
scaffold_1085	847	607	834	+	CP052046.1	3277645	3259920	3260135	76	227	0
scaffold_122	81337	28933	29093	+	CP052046.1	3277645	3260654	3260813	91	160	0
scaffold_1085	847	609	700	+	CP052046.1	3277645	3270720	3270811	91	91	0
scaffold_371	14652	4650	4783	-	CP052046.1	3277645	3270873	3271006	93	133	0
scaffold_149	65637	61313	61440	+	CP052046.1	3277645	3270873	3271000	49	127	0
scaffold_26	567511	563353	563506	+	CP052046.1	3277645	3270873	3271026	91	153	0
scaffold_59	256653	38430	38652	-	CP052046.1	3277645	3270873	3271095	132	223	0
scaffold_22	716055	24903	25027	+	CP052046.1	3277645	3270883	3271006	65	124	0
scaffold_82	143064	128906	128984	+	CP052046.1	3277645	3270922	3271000	40	78	0
scaffold_153	61587	9718	10074	-	CP052046.1	3277645	3272127	3272483	129	356	0
scaffold_104	98169	11026	38261	-	CP052047.1	2893631	40249	67478	17469	27264	60
scaffold_283	22139	6793	20466	+	CP052047.1	2893631	70799	85334	8784	14674	60
scaffold_151	63507	2521	3494	+	CP052047.1	2893631	81902	82888	133	986	60
scaffold_16	897138	50239	50561	+	CP052047.1	2893631	85342	85662	92	323	60
scaffold_16	897138	50608	114983	+	CP052047.1	2893631	87572	150528	41029	65584	60
scaffold_16	897138	129148	130535	+	CP052047.1	2893631	151483	152870	893	1387	60
scaffold_16	897138	139128	152018	+	CP052047.1	2893631	169946	179442	4192	12933	60
scaffold_16	897138	155350	233758	+	CP052047.1	2893631	184411	260096	44885	79152	60
scaffold_16	897138	234013	258319	-	CP052047.1	2893631	270971	295682	5701	24756	60
scaffold_16	897138	258983	293905	+	CP052047.1	2893631	296453	330298	18882	35393	60
scaffold_16	897138	296432	405799	+	CP052047.1	2893631	341308	451252	63716	110594	60
scaffold_1685	508	24	495	-	CP052047.1	2893631	373147	373618	463	471	60
scaffold_1488	562	17	548	+	CP052047.1	2893631	385988	386519	328	531	60
scaffold_16	897138	405853	424614	+	CP052047.1	2893631	480481	498932	12790	18802	60
scaffold_16	897138	429415	472691	+	CP052047.1	2893631	502165	544278	28292	43408	60
scaffold_16	897138	473719	480608	-	CP052047.1	2893631	544657	551560	2396	6906	60
scaffold_16	897138	485231	551055	+	CP052047.1	2893631	551668	617620	48441	66044	60
scaffold_16	897138	555207	562772	-	CP052047.1	2893631	620608	628402	978	7796	60
scaffold_16	897138	565291	807204	+	CP052047.1	2893631	633206	870296	162816	243467	60
scaffold_1630	519	0	507	+	CP052047.1	2893631	663856	664363	429	507	60
scaffold_16	897138	807773	809026	+	CP052047.1	2893631	873063	874310	357	1253	60
scaffold_16	897138	812316	896623	+	CP052047.1	2893631	874338	957277	57933	84470	60
scaffold_41	384429	377019	384195	-	CP052047.1	2893631	957786	964958	5261	7181	60
scaffold_41	384429	365649	373900	+	CP052047.1	2893631	967668	975915	5271	8256	60
scaffold_41	384429	356277	362622	-	CP052047.1	2893631	985916	992298	4466	6395	60
scaffold_41	384429	340643	342350	-	CP052047.1	2893631	994464	996179	579	1715	60
scaffold_41	384429	114019	337211	-	CP052047.1	2893631	996726	1216408	159879	224725	60
scaffold_41	384429	130	112488	-	CP052047.1	2893631	1216962	1329334	85731	112708	60
scaffold_27	558155	139	192188	+	CP052047.1	2893631	1329351	1518550	135300	192759	60
scaffold_27	558155	202732	241764	+	CP052047.1	2893631	1522523	1561508	28230	39051	60
scaffold_27	558155	330677	418228	+	CP052047.1	2893631	1561509	1648922	64386	87661	60
scaffold_27	558155	425376	426383	+	CP052047.1	2893631	1653209	1654115	328	1007	60
scaffold_27	558155	429451	558008	+	CP052047.1	2893631	1655248	1788609	93595	133928	60
scaffold_97	105629	200	90827	+	CP052047.1	2893631	1788698	1878236	67456	91103	60
scaffold_1504	556	16	539	+	CP052047.1	2893631	1884708	1885231	477	523	60
scaffold_336	17138	3889	6033	+	CP052047.1	2893631	1886973	1889152	172	2179	60
scaffold_1038	908	18	877	-	CP052047.1	2893631	1892666	1893527	685	861	60
scaffold_1660	512	44	349	+	CP052047.1	2893631	1895416	1895722	201	306	60
scaffold_1098	828	12	828	+	CP052047.1	2893631	1898197	1899013	675	816	60
scaffold_62	231438	106664	207137	-	CP052047.1	2893631	1921248	2021043	70730	101149	60
scaffold_62	231438	142	103257	-	CP052047.1	2893631	2027405	2110703	60233	103713	60
scaffold_37	420435	147	96632	+	CP052047.1	2893631	2110729	2205064	68627	96619	60
scaffold_37	420435	96802	100156	-	CP052047.1	2893631	2205163	2208519	2285	3356	60
scaffold_37	420435	114803	116866	-	CP052047.1	2893631	2208595	2211025	450	2431	60
scaffold_37	420435	100187	109198	+	CP052047.1	2893631	2212166	2221175	5003	9016	60
scaffold_37	420435	117508	309126	+	CP052047.1	2893631	2224176	2417877	108318	194391	60
scaffold_1009	939	8	927	-	CP052047.1	2893631	2385270	2386188	881	919	60
scaffold_37	420435	316933	317786	+	CP052047.1	2893631	2420009	2420862	165	853	60
scaffold_37	420435	327484	329641	+	CP052047.1	2893631	2421525	2423687	102	2162	60
scaffold_51	297976	244753	245834	-	CP052047.1	2893631	2422689	2423771	477	1082	60
scaffold_112	88048	17088	17783	+	CP052047.1	2893631	2423049	2423744	315	695	60
scaffold_40	392173	170064	170666	+	CP052047.1	2893631	2423152	2423754	102	602	60
scaffold_37	420435	318167	318287	+	CP052047.1	2893631	2425022	2425142	99	120	60
scaffold_37	420435	319685	319985	+	CP052047.1	2893631	2425200	2425500	279	300	60
scaffold_37	420435	321871	324499	+	CP052047.1	2893631	2425546	2428176	1434	2637	60
scaffold_82	143064	82290	85689	-	CP052047.1	2893631	2483598	2486619	1440	3402	60
scaffold_37	420435	345320	419668	+	CP052047.1	2893631	2491640	2566000	44195	74504	60
scaffold_40	392173	8	59438	+	CP052047.1	2893631	2565942	2627168	37411	62835	60
scaffold_1317	648	3	640	-	CP052047.1	2893631	2623589	2624228	454	639	60
scaffold_40	392173	66265	70978	+	CP052047.1	2893631	2627807	2632383	2013	4755	60
scaffold_40	392173	81678	86735	+	CP052047.1	2893631	2634280	2639099	2709	5065	60
scaffold_9	1406917	481551	488378	-	CP052047.1	2893631	2641068	2648664	619	7607	60
scaffold_336	17138	10662	13543	-	CP052047.1	2893631	2653185	2656091	158	2906	60
scaffold_149	65637	61753	63056	-	CP052047.1	2893631	2666405	2667708	170	1303	60
scaffold_1436	588	95	477	+	CP052047.1	2893631	2669536	2669918	138	382	60
scaffold_40	392173	87564	96622	+	CP052047.1	2893631	2670719	2679791	5273	9088	60
scaffold_40	392173	98818	99111	+	CP052047.1	2893631	2680432	2680724	97	293	60
scaffold_1527	544	344	521	+	CP052047.1	2893631	2688415	2688592	141	177	60
scaffold_40	392173	99187	103992	+	CP052047.1	2893631	2688734	2692969	1775	4813	60
scaffold_1017	929	45	929	-	CP052047.1	2893631	2691293	2692177	450	884	60
scaffold_10	1239786	1204090	1218105	+	CP052047.1	2893631	2696027	2710359	6333	14351	60
scaffold_129	76929	68561	76406	+	CP052047.1	2893631	2729586	2737436	6066	7855	60
scaffold_50	298037	14465	21164	-	CP052047.1	2893631	2790880	2797486	165	6701	60
scaffold_50	298037	4724	6390	-	CP052047.1	2893631	2806327	2807998	128	1673	60
scaffold_50	298037	178801	185247	-	CP052047.1	2893631	2821716	2827830	370	6446	60
scaffold_10	1239786	1220844	1222378	-	CP052047.1	2893631	2824117	2825651	201	1534	60
scaffold_50	298037	57883	59219	+	CP052047.1	2893631	2824385	2825721	173	1336	60
scaffold_40	392173	145255	146286	+	CP052047.1	2893631	2826835	2827859	117	1031	60
scaffold_249	26889	2532	3482	-	CP052047.1	2893631	2828482	2829438	474	956	60
scaffold_107	93315	91412	92312	-	CP052047.1	2893631	2828482	2829438	377	956	60
scaffold_93	118238	113949	114813	+	CP052047.1	2893631	2829473	2830299	109	864	60
scaffold_51	297976	152243	152491	-	CP052047.1	2893631	2836343	2836595	144	252	60
scaffold_154	60446	15387	16135	+	CP052047.1	2893631	2839558	2840306	106	748	60
scaffold_83	140534	57728	58255	+	CP052047.1	2893631	2851940	2852448	236	527	60
scaffold_106	94230	38615	38961	-	CP052047.1	2893631	2852024	2852351	209	346	60
scaffold_365	15120	10580	12008	+	CP052047.1	2893631	2866254	2867687	353	1434	60
scaffold_50	298037	278733	280683	+	CP052047.1	2893631	2873330	2875303	130	1973	60
scaffold_190	40947	37672	38667	+	CP052047.1	2893631	2874622	2875617	358	995	60
scaffold_321	18170	3487	3830	+	CP052047.1	2893631	2876121	2876450	135	343	60
scaffold_865	1564	60	319	+	CP052047.1	2893631	2883961	2884220	204	259	60
scaffold_51	297976	63651	64193	-	CP052047.1	2893631	2824875	2825417	97	542	59
scaffold_315	18631	11093	11912	+	CP052047.1	2893631	2641896	2642726	139	830	58
scaffold_129	76929	67569	68029	-	CP052047.1	2893631	2825105	2825565	168	460	58
scaffold_39	398046	126319	126890	-	CP052047.1	2893631	1919480	1920051	151	571	56
scaffold_122	81337	36493	36612	+	CP052047.1	2893631	2651475	2651594	92	119	56
scaffold_68	182924	147829	148140	+	CP052047.1	2893631	2634808	2635118	95	311	52
scaffold_50	298037	59308	59716	+	CP052047.1	2893631	1877952	1878369	139	417	51
scaffold_110	91422	69787	70114	-	CP052047.1	2893631	2852017	2852386	105	369	51
scaffold_68	182924	147094	147339	-	CP052047.1	2893631	2881375	2881620	93	245	51
scaffold_107	93315	24308	24556	+	CP052047.1	2893631	1168215	1168463	77	248	50
scaffold_10	1239786	159450	166268	+	CP052047.1	2893631	1913662	1920497	253	6864	47
scaffold_1	2692756	94633	94959	-	CP052047.1	2893631	2641068	2641392	82	326	45
scaffold_50	298037	8133	10082	-	CP052047.1	2893631	2800809	2802705	95	1949	45
scaffold_11	1212133	197540	197635	-	CP052047.1	2893631	54670	54765	84	95	44
scaffold_10	1239786	1152718	1152813	+	CP052047.1	2893631	54670	54765	84	95	44
scaffold_102	100464	52175	52330	-	CP052047.1	2893631	2641125	2641279	112	155	44
scaffold_1550	537	189	535	-	CP052047.1	2893631	2646990	2647336	81	346	44
scaffold_61	235649	77666	78682	-	CP052047.1	2893631	1884927	1885941	96	1016	43
scaffold_1357	626	60	564	-	CP052047.1	2893631	2665088	2665592	169	504	41
scaffold_35	440808	254597	254826	-	CP052047.1	2893631	1897790	1898047	81	257	39
scaffold_50	298037	276947	277525	+	CP052047.1	2893631	2020207	2020783	66	578	39
scaffold_4	1881388	528099	529523	+	CP052047.1	2893631	2641068	2642461	175	1424	39
scaffold_1331	639	226	628	-	CP052047.1	2893631	1914755	1915160	71	405	37
scaffold_42	372282	359626	367519	+	CP052047.1	2893631	2641142	2648590	898	7897	36
scaffold_5	1863748	17368	21606	-	CP052047.1	2893631	1891443	1895690	139	4318	35
scaffold_1	2692756	213588	213901	+	CP052047.1	2893631	2641142	2641392	81	313	35
scaffold_220	33416	22278	24581	+	CP052047.1	2893631	1897790	1900065	90	2331	34
scaffold_62	231438	216047	219333	+	CP052047.1	2893631	2818458	2821883	246	3428	34
scaffold_51	297976	109824	110584	-	CP052047.1	2893631	1896733	1897493	164	760	33
scaffold_20	777291	7855	8495	+	CP052047.1	2893631	1919669	1920310	172	641	33
scaffold_137	72425	133	891	-	CP052047.1	2893631	2720829	2721583	76	759	32
scaffold_102	100464	98014	98182	+	CP052047.1	2893631	2754121	2754289	76	168	32
scaffold_50	298037	79688	79830	-	CP052047.1	2893631	2809352	2809494	75	142	32
scaffold_731	2806	2576	2671	-	CP052047.1	2893631	54670	54765	71	95	31
scaffold_104	98169	63536	63633	-	CP052047.1	2893631	1878122	1878219	74	97	31
scaffold_153	61587	32372	32644	-	CP052047.1	2893631	2852131	2852401	64	272	31
scaffold_85	135051	3614	3757	-	CP052047.1	2893631	2883961	2884104	66	143	30
scaffold_12	1155968	715910	717193	+	CP052047.1	2893631	2824117	2825642	214	1525	29
scaffold_10	1239786	1196344	1196995	-	CP052047.1	2893631	2824993	2825645	69	652	28
scaffold_1615	522	77	476	+	CP052047.1	2893631	2683196	2683595	138	399	27
scaffold_59	256653	38390	38642	+	CP052047.1	2893631	2688052	2688284	112	252	27
scaffold_48	348853	62151	62262	-	CP052047.1	2893631	2761197	2761308	80	111	27
scaffold_979	1052	671	861	-	CP052047.1	2893631	2856148	2856374	87	226	27
scaffold_1386	610	14	599	+	CP052047.1	2893631	2870234	2870819	500	585	27
scaffold_1660	512	353	468	+	CP052047.1	2893631	1897588	1897703	92	115	26
scaffold_1	2692756	203662	203992	-	CP052047.1	2893631	2648212	2648543	81	331	26
scaffold_5	1863748	23780	25795	+	CP052047.1	2893631	2776661	2778467	149	2015	26
scaffold_97	105629	102762	105214	-	CP052047.1	2893631	2815586	2818073	152	2489	26
scaffold_308	19755	2378	2754	-	CP052047.1	2893631	2856134	2856511	85	377	26
scaffold_50	298037	243033	243212	+	CP052047.1	2893631	260195	260374	103	179	25
scaffold_102	100464	95965	96279	+	CP052047.1	2893631	1881268	1881535	75	314	25
scaffold_145	69505	51894	52404	+	CP052047.1	2893631	1919610	1920174	135	564	25
scaffold_97	105629	101508	102477	+	CP052047.1	2893631	2650689	2651581	173	969	25
scaffold_371	14652	4619	4743	+	CP052047.1	2893631	1878122	1878246	76	124	24
scaffold_40	392173	171168	171718	+	CP052047.1	2893631	2426547	2427090	65	550	24
scaffold_55	268656	17082	17290	+	CP052047.1	2893631	1674991	1675204	127	213	23
scaffold_45	358384	131083	138962	-	CP052047.1	2893631	2641068	2648781	833	7951	22
scaffold_5	1863748	22048	23498	-	CP052047.1	2893631	2824117	2825565	96	1450	22
scaffold_40	392173	118877	119034	+	CP052047.1	2893631	1908991	1909160	62	169	21
scaffold_4	1881388	535592	537166	-	CP052047.1	2893631	2682244	2683742	114	1583	21
scaffold_1	2692756	88648	88789	-	CP052047.1	2893631	68663	68803	66	141	20
scaffold_42	372282	370653	370714	+	CP052047.1	2893631	54670	54731	61	61	19
scaffold_1279	668	390	620	+	CP052047.1	2893631	1891443	1891696	63	253	19
scaffold_51	297976	118508	118865	-	CP052047.1	2893631	2760496	2761118	141	622	19
scaffold_45	358384	202104	202784	+	CP052047.1	2893631	2829517	2830241	67	725	19
scaffold_429	11191	5501	5643	-	CP052047.1	2893631	2861506	2861650	61	144	19
scaffold_347	15918	15801	15896	-	CP052047.1	2893631	54670	54765	80	95	18
scaffold_66	184824	21	116	+	CP052047.1	2893631	54670	54765	80	95	18
scaffold_20	777291	23	118	+	CP052047.1	2893631	54670	54765	80	95	18
scaffold_4	1881388	531608	531703	+	CP052047.1	2893631	54670	54765	80	95	18
scaffold_12	1155968	733111	733206	-	CP052047.1	2893631	54670	54765	80	95	18
scaffold_96	109087	21	116	+	CP052047.1	2893631	54670	54765	80	95	18
scaffold_5	1863748	20	115	+	CP052047.1	2893631	54670	54765	80	95	18
scaffold_145	69505	69388	69483	-	CP052047.1	2893631	54670	54765	80	95	18
scaffold_9	1406917	23	118	+	CP052047.1	2893631	54670	54765	80	95	18
scaffold_13	1103368	37174	37269	+	CP052047.1	2893631	54670	54765	80	95	18
scaffold_6	1692318	1549973	1550234	+	CP052047.1	2893631	2651342	2651594	135	265	17
scaffold_40	392173	86829	86991	+	CP052047.1	2893631	2654480	2654642	54	162	16
scaffold_50	298037	256435	256981	+	CP052047.1	2893631	2753719	2754265	60	546	16
scaffold_10	1239786	1185049	1186747	+	CP052047.1	2893631	2823930	2825628	353	1698	16
scaffold_220	33416	30446	30496	+	CP052047.1	2893631	2651661	2651711	50	50	15
scaffold_50	298037	152326	153049	+	CP052047.1	2893631	2818883	2819606	97	723	15
scaffold_5	1863748	14779	14879	+	CP052047.1	2893631	1899624	1899722	57	100	14
scaffold_35	440808	243715	244466	-	CP052047.1	2893631	1918782	1919572	120	817	14
scaffold_336	17138	9181	9444	+	CP052047.1	2893631	2633988	2634251	57	263	14
scaffold_39	398046	146910	154129	-	CP052047.1	2893631	2681091	2688284	546	7332	14
scaffold_137	72425	2970	3097	+	CP052047.1	2893631	2753932	2754059	57	127	14
scaffold_1669	510	101	221	-	CP052047.1	2893631	2787276	2787398	57	123	14
scaffold_50	298037	273834	273972	-	CP052047.1	2893631	2836343	2836481	57	138	14
scaffold_151	63507	44852	45470	-	CP052047.1	2893631	2868980	2869597	57	618	14
scaffold_10	1239786	1120937	1121149	-	CP052047.1	2893631	260303	260514	75	212	13
scaffold_11	1212133	112784	113002	+	CP052047.1	2893631	2651927	2652145	81	218	13
scaffold_71	175185	149560	150952	+	CP052047.1	2893631	2664314	2665700	76	1449	13
scaffold_44	359581	168235	169154	+	CP052047.1	2893631	1891443	1892363	161	950	12
scaffold_48	348853	366	3843	+	CP052047.1	2893631	2645039	2648590	515	3552	12
scaffold_14	908909	141787	142954	+	CP052047.1	2893631	2823956	2825124	154	1168	12
scaffold_371	14652	4972	5585	+	CP052047.1	2893631	2824729	2825329	57	613	12
scaffold_5	1863748	361771	361832	-	CP052047.1	2893631	54670	54731	61	61	11
scaffold_50	298037	228149	228211	-	CP052047.1	2893631	460736	460798	53	62	11
scaffold_30	507731	480278	481024	+	CP052047.1	2893631	1919467	1920260	172	793	11
scaffold_40	392173	87124	87477	+	CP052047.1	2893631	2641036	2641382	76	353	11
scaffold_39	398046	135967	136359	+	CP052047.1	2893631	2651796	2652184	77	392	11
scaffold_175	46490	10202	11157	-	CP052047.1	2893631	2824374	2825329	154	955	11
scaffold_42	372282	370934	372257	-	CP052047.1	2893631	2647237	2648560	238	1323	10
scaffold_10	1239786	1152849	1152907	-	CP052047.1	2893631	2652120	2652178	52	58	10
scaffold_50	298037	261460	261703	+	CP052047.1	2893631	2685046	2685289	52	243	10
scaffold_48	348853	332303	332463	-	CP052047.1	2893631	2685589	2685749	48	160	10
scaffold_32	471417	275399	277670	-	CP052047.1	2893631	2686001	2688188	364	2271	10
scaffold_111	88385	19788	19847	-	CP052047.1	2893631	2752943	2753002	51	59	10
scaffold_9	1406917	476418	477154	-	CP052047.1	2893631	2754333	2755065	57	744	10
scaffold_39	398046	127444	127605	+	CP052047.1	2893631	1899624	1899787	60	163	9
scaffold_4	1881388	518542	521272	-	CP052047.1	2893631	1917973	1920819	103	2846	9
scaffold_1056	881	696	846	-	CP052047.1	2893631	2817528	2817678	66	150	9
scaffold_181	44073	5855	5977	+	CP052047.1	2893631	2881590	2881712	49	122	8
scaffold_35	440808	245795	245905	+	CP052047.1	2893631	261316	261442	57	126	7
scaffold_35	440808	272918	274950	-	CP052047.1	2893631	1917457	1919688	217	2237	7
scaffold_153	61587	36838	37104	+	CP052047.1	2893631	2852024	2852351	60	327	7
scaffold_353	15650	8246	8294	-	CP052047.1	2893631	2861582	2861630	48	48	7
scaffold_104	98169	91183	91470	+	CP052047.1	2893631	2642467	2642799	57	332	6
scaffold_66	184824	3501	3578	+	CP052047.1	2893631	2652107	2652184	57	77	6
scaffold_1	2692756	59221	59268	+	CP052047.1	2893631	2652877	2652924	47	47	6
scaffold_66	184824	198	1667	-	CP052047.1	2893631	2682244	2683682	99	1499	6
scaffold_82	143064	125708	125895	+	CP052047.1	2893631	2852027	2852191	53	187	6
scaffold_41	384429	112875	112920	-	CP052047.1	2893631	1216854	1216899	45	45	5
scaffold_190	40947	39062	39609	-	CP052047.1	2893631	2819784	2820388	57	604	5
scaffold_343	16140	15831	16007	-	CP052047.1	2893631	2876154	2876328	62	176	5
scaffold_4	1881388	502847	502891	+	CP052047.1	2893631	1908863	1908907	44	44	4
scaffold_32	471417	37877	38158	-	CP052047.1	2893631	1908863	1909137	57	293	4
scaffold_431	11085	7015	7063	+	CP052047.1	2893631	1909336	1909384	44	48	4
scaffold_50	298037	235251	235299	+	CP052047.1	2893631	1909336	1909384	44	48	4
scaffold_220	33416	3483	3553	-	CP052047.1	2893631	1919502	1919572	43	70	4
scaffold_67	184376	80826	82089	+	CP052047.1	2893631	2647237	2648560	103	1323	4
scaffold_10	1239786	1121124	1121290	+	CP052047.1	2893631	2655009	2655175	44	166	4
scaffold_61	235649	83773	84518	-	CP052047.1	2893631	2754333	2755065	57	745	4
scaffold_44	359581	185178	186141	-	CP052047.1	2893631	1919525	1920497	175	973	3
scaffold_10	1239786	174777	175485	-	CP052047.1	2893631	2641125	2641831	98	708	3
scaffold_10	1239786	145492	145875	-	CP052047.1	2893631	2684520	2684907	57	387	3
scaffold_40	392173	118857	118952	+	CP052047.1	2893631	2652077	2652184	76	107	2
scaffold_50	298037	63165	63688	+	CP052047.1	2893631	2721126	2721648	42	523	2
scaffold_4	1881388	1692804	1693045	-	CP052047.1	2893631	2760428	2760670	85	242	2
scaffold_50	298037	153802	153953	-	CP052047.1	2893631	2824465	2824616	48	151	2
scaffold_91	120630	115835	116080	+	CP052047.1	2893631	2824946	2825190	42	245	2
scaffold_1675	509	162	485	+	CP052047.1	2893631	2826075	2826398	152	323	2
scaffold_129	76929	30844	30990	+	CP052047.1	2893631	2852498	2852652	49	154	2
scaffold_315	18631	16643	17043	-	CP052047.1	2893631	1880760	1881158	76	400	1
scaffold_122	81337	47660	47701	-	CP052047.1	2893631	1909039	1909080	41	41	1
scaffold_153	61587	9718	10074	+	CP052047.1	2893631	5154	5510	129	356	0
scaffold_1	2692756	4521	4566	+	CP052047.1	2893631	16748	16793	40	45	0
scaffold_336	17138	3889	4587	-	CP052047.1	2893631	35613	36319	95	706	0
scaffold_1041	905	598	638	-	CP052047.1	2893631	68784	68824	40	40	0
scaffold_218	33655	8782	10014	-	CP052047.1	2893631	85732	86964	841	1232	0
scaffold_1281	667	14	117	+	CP052047.1	2893631	87353	87456	91	103	0
scaffold_26	567511	563343	563480	+	CP052047.1	2893631	260185	260322	79	137	0
scaffold_20	777291	20457	20589	-	CP052047.1	2893631	260195	260328	100	133	0
scaffold_371	14652	4650	4783	-	CP052047.1	2893631	260195	260328	75	133	0
scaffold_149	65637	61313	61440	+	CP052047.1	2893631	260195	260322	48	127	0
scaffold_22	716055	24903	25027	+	CP052047.1	2893631	260205	260328	71	124	0
scaffold_10	1239786	175373	175485	-	CP052047.1	2893631	260262	260374	79	112	0
scaffold_9	1406917	460161	460273	-	CP052047.1	2893631	260262	260374	91	112	0
scaffold_10	1239786	1120660	1120730	+	CP052047.1	2893631	261381	261451	61	70	0
scaffold_104	98169	1143	2106	-	CP052047.1	2893631	453122	454083	114	964	0
scaffold_28	539988	193204	193261	+	CP052047.1	2893631	453122	453179	47	57	0
scaffold_40	392173	145313	146001	-	CP052047.1	2893631	453400	454083	117	688	0
scaffold_26	567511	565613	567326	+	CP052047.1	2893631	453427	455255	111	1828	0
scaffold_1523	548	80	498	+	CP052047.1	2893631	454294	454712	146	418	0
scaffold_1700	504	183	370	+	CP052047.1	2893631	460856	461044	90	188	0
scaffold_90	123581	107344	107453	-	CP052047.1	2893631	461372	461481	88	109	0
scaffold_243	28230	22456	22565	-	CP052047.1	2893631	461372	461481	88	109	0
scaffold_371	14652	13759	13868	+	CP052047.1	2893631	461372	461481	85	109	0
scaffold_61	235649	105784	105893	+	CP052047.1	2893631	461372	461481	81	109	0
scaffold_154	60446	37671	37780	+	CP052047.1	2893631	461372	461481	59	109	0
scaffold_243	28230	26122	26231	+	CP052047.1	2893631	461372	461481	88	109	0
scaffold_336	17138	14072	14181	-	CP052047.1	2893631	461372	461481	88	109	0
scaffold_287	21903	4069	4156	+	CP052047.1	2893631	461394	461481	45	87	0
scaffold_427	11379	3299	3386	+	CP052047.1	2893631	461394	461481	66	87	0
scaffold_347	15918	9977	10064	+	CP052047.1	2893631	461394	461481	66	87	0
scaffold_22	716055	655847	655912	+	CP052047.1	2893631	504541	504606	65	65	0
scaffold_37	420435	113469	113534	-	CP052047.1	2893631	504541	504606	65	65	0
scaffold_8	1419871	1225470	1225533	+	CP052047.1	2893631	640284	640347	51	63	0
scaffold_2	2503568	190278	190341	+	CP052047.1	2893631	640284	640347	51	63	0
scaffold_46	353283	198929	198985	+	CP052047.1	2893631	1118272	1118328	56	56	0
scaffold_28	539988	154367	154462	-	CP052047.1	2893631	1461648	1461743	64	95	0
scaffold_28	539988	154364	154462	-	CP052047.1	2893631	1561433	1561531	87	98	0
scaffold_1547	538	224	309	-	CP052047.1	2893631	1597663	1597748	85	85	0
scaffold_1588	528	3	94	+	CP052047.1	2893631	1661817	1661899	48	91	0
scaffold_2	2503568	190278	190341	+	CP052047.1	2893631	1719476	1719539	63	63	0
scaffold_37	420435	113488	113551	+	CP052047.1	2893631	1719476	1719539	53	63	0
scaffold_8	1419871	1225470	1225533	+	CP052047.1	2893631	1719476	1719539	63	63	0
scaffold_22	716055	655700	655912	-	CP052047.1	2893631	1735756	1735965	64	212	0
scaffold_37	420435	113469	113551	+	CP052047.1	2893631	1735756	1735838	45	82	0
scaffold_46	353283	198929	198985	-	CP052047.1	2893631	1807594	1807650	56	56	0
scaffold_137	72425	12913	13198	+	CP052047.1	2893631	1877952	1878246	86	294	0
scaffold_91	120630	106599	106690	-	CP052047.1	2893631	1878155	1878246	76	91	0
scaffold_4	1881388	546700	547042	-	CP052047.1	2893631	1878164	1878476	125	342	0
scaffold_20	777291	831	1671	+	CP052047.1	2893631	1880277	1881114	101	840	0
scaffold_12	1155968	714795	715214	-	CP052047.1	2893631	1880279	1880714	103	435	0
scaffold_111	88385	9066	9355	-	CP052047.1	2893631	1880349	1880641	76	292	0
scaffold_35	440808	254719	255504	+	CP052047.1	2893631	1880349	1881141	124	795	0
scaffold_62	231438	229417	230116	+	CP052047.1	2893631	1880359	1881054	138	699	0
scaffold_104	98169	2389	2924	-	CP052047.1	2893631	1880536	1881066	58	535	0
scaffold_4	1881388	532318	533148	-	CP052047.1	2893631	1881516	1882347	134	832	0
scaffold_1610	523	73	165	-	CP052047.1	2893631	1886973	1887064	57	92	0
scaffold_336	17138	13470	13673	-	CP052047.1	2893631	1886973	1887168	102	203	0
scaffold_336	17138	3953	6033	-	CP052047.1	2893631	1887020	1889135	96	2115	0
scaffold_6	1692318	1603481	1603830	-	CP052047.1	2893631	1887093	1887529	67	436	0
scaffold_1417	596	299	525	-	CP052047.1	2893631	1888420	1888646	161	226	0
scaffold_145	69505	66678	66897	+	CP052047.1	2893631	1888451	1888679	72	228	0
scaffold_145	69505	66678	67631	-	CP052047.1	2893631	1891393	1892332	91	953	0
scaffold_12	1155968	736445	737372	-	CP052047.1	2893631	1891443	1892368	89	927	0
scaffold_104	98169	44551	45446	+	CP052047.1	2893631	1891443	1892368	91	925	0
scaffold_44	359581	200370	201286	+	CP052047.1	2893631	1891443	1892332	87	916	0
scaffold_122	81337	47753	48512	+	CP052047.1	2893631	1891495	1892317	83	822	0
scaffold_39	398046	136491	137219	-	CP052047.1	2893631	1891644	1892368	111	728	0
scaffold_1417	596	140	530	+	CP052047.1	2893631	1891991	1892368	172	390	0
scaffold_131	76605	33429	33594	-	CP052047.1	2893631	1892198	1892363	60	165	0
scaffold_1711	501	192	326	+	CP052047.1	2893631	1892198	1892332	81	134	0
scaffold_1402	605	279	555	-	CP052047.1	2893631	1893937	1894287	141	350	0
scaffold_104	98169	57135	57611	-	CP052047.1	2893631	1895860	1896336	80	476	0
scaffold_5	1863748	18832	20020	-	CP052047.1	2893631	1895867	1897066	133	1200	0
scaffold_12	1155968	740943	742558	-	CP052047.1	2893631	1895867	1897499	284	1632	0
scaffold_220	33416	28083	29374	-	CP052047.1	2893631	1896030	1897344	76	1314	0
scaffold_51	297976	158289	159578	+	CP052047.1	2893631	1896205	1897493	199	1289	0
scaffold_62	231438	223175	223580	-	CP052047.1	2893631	1897625	1898047	100	422	0
scaffold_1525	546	37	390	+	CP052047.1	2893631	1898711	1899062	69	353	0
scaffold_175	46490	9044	9177	+	CP052047.1	2893631	1898861	1898990	41	133	0
scaffold_315	18631	12769	13289	-	CP052047.1	2893631	1899624	1900145	104	521	0
scaffold_90	123581	30977	31445	-	CP052047.1	2893631	1899725	1900191	66	468	0
scaffold_6	1692318	274178	274752	-	CP052047.1	2893631	1899725	1900260	104	574	0
scaffold_1262	679	137	462	-	CP052047.1	2893631	1899734	1900065	47	331	0
scaffold_32	471417	2675	6934	-	CP052047.1	2893631	1904562	1908823	146	4294	0
scaffold_75	154281	102275	102612	+	CP052047.1	2893631	1908498	1908823	76	337	0
scaffold_343	16140	2921	3061	+	CP052047.1	2893631	1908685	1908823	85	140	0
scaffold_143	70430	17025	17124	+	CP052047.1	2893631	1908726	1908823	52	99	0
scaffold_12	1155968	702798	703075	-	CP052047.1	2893631	1908863	1909160	107	297	0
scaffold_336	17138	450	637	+	CP052047.1	2893631	1908961	1909160	57	199	0
scaffold_336	17138	3953	4587	-	CP052047.1	2893631	1910042	1910707	108	665	0
scaffold_427	11379	4377	4446	+	CP052047.1	2893631	1910930	1910999	46	69	0
scaffold_145	69505	64588	64721	-	CP052047.1	2893631	1910957	1911089	88	133	0
scaffold_91	120630	109603	112975	-	CP052047.1	2893631	1910966	1914475	132	3524	0
scaffold_336	17138	13396	13681	-	CP052047.1	2893631	1913135	1913408	95	285	0
scaffold_59	256653	66686	69540	+	CP052047.1	2893631	1914452	1917333	132	2884	0
scaffold_32	471417	276718	277612	-	CP052047.1	2893631	1916512	1917404	258	894	0
scaffold_336	17138	3889	4599	-	CP052047.1	2893631	1917764	1918467	95	710	0
scaffold_336	17138	13470	13673	+	CP052047.1	2893631	1918268	1918467	83	203	0
scaffold_1279	668	278	337	-	CP052047.1	2893631	1919267	1919326	59	59	0
scaffold_62	231438	223215	224213	-	CP052047.1	2893631	1919467	1920471	102	1012	0
scaffold_35	440808	269102	269943	+	CP052047.1	2893631	1919467	1920310	173	843	0
scaffold_44	359581	180041	180562	-	CP052047.1	2893631	1919469	1919990	99	521	0
scaffold_220	33416	32721	32811	+	CP052047.1	2893631	1919539	1919629	69	90	0
scaffold_220	33416	30519	31464	-	CP052047.1	2893631	1919553	1920497	237	945	0
scaffold_35	440808	254719	255546	-	CP052047.1	2893631	1919553	1920389	152	837	0
scaffold_44	359581	174833	175665	-	CP052047.1	2893631	1919553	1920497	153	944	0
scaffold_20	777291	795	1740	-	CP052047.1	2893631	1919553	1920497	145	947	0
scaffold_220	33416	9814	10651	+	CP052047.1	2893631	1919553	1920389	216	837	0
scaffold_12	1155968	715315	715553	+	CP052047.1	2893631	1919610	1919848	59	238	0
scaffold_62	231438	229299	230152	-	CP052047.1	2893631	1919645	1920497	134	853	0
scaffold_220	33416	21652	22316	+	CP052047.1	2893631	1919645	1920310	76	665	0
scaffold_12	1155968	700844	701498	-	CP052047.1	2893631	1919669	1920291	115	654	0
scaffold_336	17138	12763	13030	+	CP052047.1	2893631	1919724	1920008	84	284	0
scaffold_25	600164	598800	599086	-	CP052047.1	2893631	1919765	1920051	87	286	0
scaffold_12	1155968	714795	715214	+	CP052047.1	2893631	1920024	1920459	103	435	0
scaffold_8	1419871	1291751	1291834	+	CP052047.1	2893631	1920748	1920831	69	83	0
scaffold_9	1406917	460173	460290	+	CP052047.1	2893631	1921106	1921223	81	117	0
scaffold_1553	536	430	473	+	CP052047.1	2893631	2633884	2633927	43	43	0
scaffold_14	908909	32677	32727	-	CP052047.1	2893631	2633891	2633941	50	50	0
scaffold_133	76283	51080	51198	-	CP052047.1	2893631	2633908	2634026	57	118	0
scaffold_30	507731	451447	451618	+	CP052047.1	2893631	2633908	2634079	71	171	0
scaffold_1610	523	104	165	-	CP052047.1	2893631	2640951	2641011	53	61	0
scaffold_22	716055	24903	25077	+	CP052047.1	2893631	2641068	2641241	97	174	0
scaffold_39	398046	146910	154249	+	CP052047.1	2893631	2641068	2648584	553	7647	0
scaffold_48	348853	329479	331405	+	CP052047.1	2893631	2641068	2642997	415	1930	0
scaffold_45	358384	126297	130710	+	CP052047.1	2893631	2641068	2645344	527	4414	0
scaffold_371	14652	4650	4773	-	CP052047.1	2893631	2641068	2641191	65	123	0
scaffold_1	2692756	217348	224644	-	CP052047.1	2893631	2641068	2648584	609	7631	0
scaffold_50	298037	158615	166002	+	CP052047.1	2893631	2641068	2648590	734	7560	0
scaffold_20	777291	20457	20579	-	CP052047.1	2893631	2641068	2641191	90	123	0
scaffold_431	11085	857	7457	+	CP052047.1	2893631	2641125	2647788	637	6845	0
scaffold_104	98169	91605	91714	+	CP052047.1	2893631	2641125	2641234	85	109	0
scaffold_50	298037	229384	235358	+	CP052047.1	2893631	2641125	2647453	523	6330	0
scaffold_50	298037	166652	170128	-	CP052047.1	2893631	2641125	2644714	462	3720	0
scaffold_1	2692756	204365	210914	+	CP052047.1	2893631	2641125	2647727	617	6604	0
scaffold_91	120630	112926	113176	+	CP052047.1	2893631	2641142	2641382	87	250	0
scaffold_2	2503568	2498790	2500154	+	CP052047.1	2893631	2641158	2642486	57	1364	0
scaffold_59	256653	52811	60163	+	CP052047.1	2893631	2641166	2648584	557	7422	0
scaffold_1355	627	72	610	+	CP052047.1	2893631	2642041	2642579	162	538	0
scaffold_2	2503568	2501266	2501662	+	CP052047.1	2893631	2642538	2642967	76	429	0
scaffold_1143	774	13	679	+	CP052047.1	2893631	2644293	2644959	183	666	0
scaffold_102	100464	91966	96133	-	CP052047.1	2893631	2644443	2648673	297	4238	0
scaffold_59	256653	63739	67649	-	CP052047.1	2893631	2644575	2648590	171	4016	0
scaffold_1357	626	76	592	+	CP052047.1	2893631	2646104	2646620	135	516	0
scaffold_1432	589	191	517	+	CP052047.1	2893631	2646230	2646556	62	326	0
scaffold_66	184824	522	1726	+	CP052047.1	2893631	2646230	2647424	57	1204	0
scaffold_82	143064	135810	137809	+	CP052047.1	2893631	2646513	2648584	265	2071	0
scaffold_1265	675	5	657	-	CP052047.1	2893631	2646532	2647256	64	724	0
scaffold_150	63801	62372	63720	-	CP052047.1	2893631	2647237	2648584	195	1348	0
scaffold_40	392173	391327	392115	-	CP052047.1	2893631	2647797	2648584	103	788	0
scaffold_1	2692756	212874	213908	+	CP052047.1	2893631	2647825	2648798	164	1036	0
scaffold_77	149510	95037	95350	-	CP052047.1	2893631	2648277	2648590	106	313	0
scaffold_61	235649	96808	97096	-	CP052047.1	2893631	2648374	2648664	94	290	0
scaffold_145	69505	64494	64712	+	CP052047.1	2893631	2648374	2648590	71	218	0
scaffold_137	72425	13105	13271	-	CP052047.1	2893631	2648424	2648590	90	166	0
scaffold_2	2503568	2498671	2498809	+	CP052047.1	2893631	2648438	2648576	57	138	0
scaffold_42	372282	359523	359675	+	CP052047.1	2893631	2648438	2648590	84	152	0
scaffold_33	455355	419705	419835	+	CP052047.1	2893631	2648454	2648584	81	130	0
scaffold_26	567511	563363	563526	+	CP052047.1	2893631	2648467	2648630	78	163	0
scaffold_20	777291	20457	20579	-	CP052047.1	2893631	2648467	2648590	85	123	0
scaffold_371	14652	4650	4773	-	CP052047.1	2893631	2648467	2648590	65	123	0
scaffold_22	716055	24903	25027	+	CP052047.1	2893631	2648467	2648590	71	124	0
scaffold_91	120630	112861	113176	+	CP052047.1	2893631	2648476	2648781	87	315	0
scaffold_9	1406917	460213	460290	-	CP052047.1	2893631	2648507	2648584	77	77	0
scaffold_1527	544	15	80	+	CP052047.1	2893631	2648565	2648630	44	65	0
scaffold_336	17138	3973	4587	+	CP052047.1	2893631	2648811	2649413	101	614	0
scaffold_35	440808	274059	274917	+	CP052047.1	2893631	2648811	2649640	152	888	0
scaffold_1402	605	338	585	-	CP052047.1	2893631	2649284	2649544	107	263	0
scaffold_122	81337	48291	48541	-	CP052047.1	2893631	2650199	2650422	86	250	0
scaffold_1255	684	176	309	+	CP052047.1	2893631	2650199	2650332	84	133	0
scaffold_28	539988	186844	186959	+	CP052047.1	2893631	2650217	2650332	60	115	0
scaffold_1262	679	429	522	-	CP052047.1	2893631	2650229	2650322	56	93	0
scaffold_39	398046	136547	136682	+	CP052047.1	2893631	2650233	2650368	94	135	0
scaffold_220	33416	1735	1946	-	CP052047.1	2893631	2650233	2650466	76	233	0
scaffold_4	1881388	495065	495163	+	CP052047.1	2893631	2650233	2650332	62	99	0
scaffold_30	507731	476754	477723	+	CP052047.1	2893631	2650583	2651581	169	1009	0
scaffold_71	175185	148451	149345	-	CP052047.1	2893631	2650649	2651616	225	967	0
scaffold_104	98169	42935	43639	+	CP052047.1	2893631	2650932	2651616	124	704	0
scaffold_6	1692318	1655034	1655255	-	CP052047.1	2893631	2651230	2651456	107	228	0
scaffold_5	1863748	8848	9074	+	CP052047.1	2893631	2651393	2651616	121	227	0
scaffold_5	1863748	4665	5153	+	CP052047.1	2893631	2651666	2652145	95	488	0
scaffold_1279	668	351	458	-	CP052047.1	2893631	2652077	2652184	82	107	0
scaffold_39	398046	144233	144395	-	CP052047.1	2893631	2652107	2652259	76	162	0
scaffold_1527	544	15	80	-	CP052047.1	2893631	2654969	2655034	44	65	0
scaffold_137	72425	13105	13271	+	CP052047.1	2893631	2655009	2655175	76	166	0
scaffold_145	69505	64494	64712	-	CP052047.1	2893631	2655009	2655225	79	218	0
scaffold_1020	926	436	890	-	CP052047.1	2893631	2655015	2655469	178	454	0
scaffold_61	235649	96946	97266	+	CP052047.1	2893631	2655073	2655404	90	331	0
scaffold_212	35064	7180	7320	-	CP052047.1	2893631	2655924	2656064	95	140	0
scaffold_102	100464	74917	75086	-	CP052047.1	2893631	2655924	2656093	155	169	0
scaffold_70	181850	173079	180728	+	CP052047.1	2893631	2655926	2663704	401	7779	0
scaffold_21	738175	55591	55757	-	CP052047.1	2893631	2655926	2656091	138	166	0
scaffold_48	348853	333543	341163	-	CP052047.1	2893631	2655926	2663733	375	7808	0
scaffold_143	70430	17025	17124	-	CP052047.1	2893631	2655955	2656052	52	99	0
scaffold_32	471417	2675	10327	+	CP052047.1	2893631	2655955	2663692	184	7771	0
scaffold_70	181850	30507	37993	-	CP052047.1	2893631	2656298	2663920	152	7632	0
scaffold_21	738175	55591	55757	-	CP052047.1	2893631	2663566	2663731	138	166	0
scaffold_343	16140	2921	3061	-	CP052047.1	2893631	2663595	2663733	85	140	0
scaffold_96	109087	78269	78502	-	CP052047.1	2893631	2663659	2663920	71	261	0
scaffold_50	298037	158615	164804	-	CP052047.1	2893631	2664285	2670636	870	6365	0
scaffold_129	76929	43466	49710	-	CP052047.1	2893631	2664314	2670636	751	6365	0
scaffold_1	2692756	204348	210552	-	CP052047.1	2893631	2664314	2670596	673	6282	0
scaffold_50	298037	229367	235270	-	CP052047.1	2893631	2664314	2670596	443	6282	0
scaffold_1158	759	365	690	-	CP052047.1	2893631	2664736	2665061	80	325	0
scaffold_14	908909	26924	32721	+	CP052047.1	2893631	2664887	2670667	635	5798	0
scaffold_431	11085	896	5957	-	CP052047.1	2893631	2665254	2670540	607	5307	0
scaffold_50	298037	166285	170145	+	CP052047.1	2893631	2666600	2670596	343	4105	0
scaffold_1143	774	120	679	-	CP052047.1	2893631	2666722	2667281	204	559	0
scaffold_1619	521	24	384	+	CP052047.1	2893631	2666940	2667300	96	360	0
scaffold_682	3492	210	2772	+	CP052047.1	2893631	2666947	2669510	481	2563	0
scaffold_10	1239786	1224841	1226377	-	CP052047.1	2893631	2667498	2669034	233	1536	0
scaffold_1398	606	230	303	+	CP052047.1	2893631	2667648	2667721	51	73	0
scaffold_30	507731	444074	446504	-	CP052047.1	2893631	2668250	2670667	133	2431	0
scaffold_1170	745	629	730	-	CP052047.1	2893631	2668509	2668610	50	101	0
scaffold_336	17138	14668	16761	+	CP052047.1	2893631	2668509	2670596	329	2094	0
scaffold_1096	830	175	795	-	CP052047.1	2893631	2670016	2670636	186	620	0
scaffold_219	33473	304	671	+	CP052047.1	2893631	2670273	2670636	96	367	0
scaffold_969	1084	51	377	+	CP052047.1	2893631	2670310	2670636	135	326	0
scaffold_137	72425	12912	13188	+	CP052047.1	2893631	2670310	2670596	76	286	0
scaffold_145	69505	64629	64755	-	CP052047.1	2893631	2670470	2670596	76	126	0
scaffold_22	716055	24903	25070	-	CP052047.1	2893631	2670470	2670636	92	167	0
scaffold_427	11379	4419	4485	+	CP052047.1	2893631	2670519	2670585	40	66	0
scaffold_9	1406917	460047	460273	+	CP052047.1	2893631	2680804	2681031	87	227	0
scaffold_42	372282	359626	367641	-	CP052047.1	2893631	2680843	2688210	833	8034	0
scaffold_137	72425	60451	68046	-	CP052047.1	2893631	2680956	2688227	650	7603	0
scaffold_50	298037	158615	166002	-	CP052047.1	2893631	2680965	2688284	675	7446	0
scaffold_97	105629	90774	92560	+	CP052047.1	2893631	2680995	2682823	94	1858	0
scaffold_82	143064	136032	137768	-	CP052047.1	2893631	2681012	2682823	157	1811	0
scaffold_4	1881388	538534	539335	-	CP052047.1	2893631	2681334	2682124	185	801	0
scaffold_1265	675	5	454	+	CP052047.1	2893631	2682353	2682823	59	470	0
scaffold_431	11085	857	5996	-	CP052047.1	2893631	2683093	2688227	571	5148	0
scaffold_1525	546	37	143	-	CP052047.1	2893631	2683249	2683355	59	106	0
scaffold_185	43118	889	6175	+	CP052047.1	2893631	2683249	2688284	606	5297	0
scaffold_82	143064	128957	133400	-	CP052047.1	2893631	2683753	2688194	555	4448	0
scaffold_67	184376	86001	87106	+	CP052047.1	2893631	2684441	2685547	140	1106	0
scaffold_50	298037	166408	170128	+	CP052047.1	2893631	2684601	2688227	424	3727	0
scaffold_122	81337	30361	32380	+	CP052047.1	2893631	2685046	2687138	98	2092	0
scaffold_97	105629	102739	105164	+	CP052047.1	2893631	2685723	2688194	124	2471	0
scaffold_48	348853	329479	331729	-	CP052047.1	2893631	2686001	2688284	387	2287	0
scaffold_67	184376	78835	79327	-	CP052047.1	2893631	2686059	2686546	120	492	0
scaffold_1170	745	629	730	-	CP052047.1	2893631	2686149	2686246	44	101	0
scaffold_82	143064	119186	119390	+	CP052047.1	2893631	2687716	2687919	93	204	0
scaffold_1096	830	141	677	-	CP052047.1	2893631	2687782	2688318	167	536	0
scaffold_219	33473	304	671	+	CP052047.1	2893631	2687921	2688284	97	367	0
scaffold_30	507731	17259	17402	+	CP052047.1	2893631	2688141	2688284	105	143	0
scaffold_26	567511	563363	563506	-	CP052047.1	2893631	2688141	2688284	78	143	0
scaffold_22	716055	24903	25021	-	CP052047.1	2893631	2688167	2688284	65	118	0
scaffold_20	777291	20463	20579	+	CP052047.1	2893631	2688167	2688284	84	117	0
scaffold_1610	523	73	165	-	CP052047.1	2893631	2693387	2693479	57	92	0
scaffold_6	1692318	259888	260453	-	CP052047.1	2893631	2693387	2693940	100	565	0
scaffold_1402	605	73	134	-	CP052047.1	2893631	2719776	2719838	46	62	0
scaffold_1610	523	65	165	-	CP052047.1	2893631	2719784	2719884	58	100	0
scaffold_68	182924	172222	173741	-	CP052047.1	2893631	2720796	2722292	106	1525	0
scaffold_1402	605	73	134	-	CP052047.1	2893631	2724298	2724360	46	62	0
scaffold_71	175185	148502	149371	-	CP052047.1	2893631	2726605	2727548	207	943	0
scaffold_283	22139	682	1583	+	CP052047.1	2893631	2726666	2727548	147	901	0
scaffold_97	105629	101524	102439	+	CP052047.1	2893631	2726675	2727526	146	915	0
scaffold_6	1692318	272754	273309	-	CP052047.1	2893631	2727092	2727617	213	584	0
scaffold_315	18631	6991	7158	-	CP052047.1	2893631	2727350	2727526	71	176	0
scaffold_30	507731	498733	498931	-	CP052047.1	2893631	2727350	2727548	127	202	0
scaffold_104	98169	54853	55034	-	CP052047.1	2893631	2727367	2727548	138	181	0
scaffold_1657	513	440	513	+	CP052047.1	2893631	2727402	2727475	45	73	0
scaffold_111	88385	71800	71985	+	CP052047.1	2893631	2727432	2727617	110	185	0
scaffold_44	359581	195873	195956	+	CP052047.1	2893631	2728494	2728577	49	83	0
scaffold_156	59460	43513	43554	-	CP052047.1	2893631	2758463	2758504	41	41	0
scaffold_283	22139	21842	21987	-	CP052047.1	2893631	2761399	2761545	42	146	0
scaffold_6	1692318	259888	262223	+	CP052047.1	2893631	2776045	2778193	159	2335	0
scaffold_1402	605	73	134	+	CP052047.1	2893631	2776520	2776582	46	62	0
scaffold_9	1406917	474503	475463	-	CP052047.1	2893631	2776689	2777564	87	960	0
scaffold_336	17138	12018	12200	-	CP052047.1	2893631	2777246	2777429	76	183	0
scaffold_220	33416	17496	17755	+	CP052047.1	2893631	2777306	2777564	76	259	0
scaffold_35	440808	268026	268825	+	CP052047.1	2893631	2777670	2778467	113	799	0
scaffold_116	84153	22307	22663	+	CP052047.1	2893631	2777837	2778193	57	356	0
scaffold_35	440808	274140	274950	+	CP052047.1	2893631	2787205	2788006	186	855	0
scaffold_1401	605	115	596	+	CP052047.1	2893631	2787612	2788048	105	481	0
scaffold_50	298037	23203	23302	-	CP052047.1	2893631	2789376	2789475	40	99	0
scaffold_1402	605	73	134	-	CP052047.1	2893631	2815252	2815313	56	61	0
scaffold_1610	523	73	165	-	CP052047.1	2893631	2815260	2815351	57	92	0
scaffold_149	65637	61292	61342	+	CP052047.1	2893631	2815515	2815565	50	50	0
scaffold_1096	830	165	795	+	CP052047.1	2893631	2815536	2816166	159	630	0
scaffold_137	72425	12912	13188	-	CP052047.1	2893631	2815586	2815872	95	286	0
scaffold_336	17138	14668	16761	-	CP052047.1	2893631	2815586	2817669	309	2093	0
scaffold_2	2503568	2498740	2500154	+	CP052047.1	2893631	2815586	2816984	57	1414	0
scaffold_61	235649	96840	96965	-	CP052047.1	2893631	2815586	2815712	55	126	0
scaffold_91	120630	112054	112377	-	CP052047.1	2893631	2818592	2818915	104	323	0
scaffold_40	392173	109301	109840	-	CP052047.1	2893631	2818592	2819128	98	539	0
scaffold_1088	845	27	672	+	CP052047.1	2893631	2821534	2822179	172	645	0
scaffold_1092	837	488	723	-	CP052047.1	2893631	2822673	2822908	116	235	0
scaffold_91	120630	116653	117291	+	CP052047.1	2893631	2822748	2823386	85	638	0
scaffold_1626	520	17	440	-	CP052047.1	2893631	2823075	2823498	126	423	0
scaffold_50	298037	235678	237294	-	CP052047.1	2893631	2823939	2825565	300	1626	0
scaffold_35	440808	270587	272103	+	CP052047.1	2893631	2823940	2825455	233	1516	0
scaffold_77	149510	98352	99217	-	CP052047.1	2893631	2824465	2825329	135	865	0
scaffold_10	1239786	1199040	1199239	-	CP052047.1	2893631	2824597	2824796	40	199	0
scaffold_67	184376	41858	42025	+	CP052047.1	2893631	2824729	2824896	40	167	0
scaffold_194	39750	33055	33579	+	CP052047.1	2893631	2824804	2825329	131	525	0
scaffold_104	98169	1169	2084	+	CP052047.1	2893631	2826919	2827830	127	916	0
scaffold_96	109087	98231	98352	-	CP052047.1	2893631	2843424	2843545	69	121	0
scaffold_304	20323	16968	17456	+	CP052047.1	2893631	2856148	2856646	57	498	0
scaffold_77	149510	107881	107967	+	CP052047.1	2893631	2856148	2856234	41	86	0
scaffold_181	44073	25683	25826	-	CP052047.1	2893631	2861506	2861650	80	144	0
scaffold_429	11191	9704	9847	+	CP052047.1	2893631	2861506	2861650	43	144	0
scaffold_353	15650	15342	15513	+	CP052047.1	2893631	2875887	2876057	57	171	0
scaffold_33	455355	437579	437703	-	CP052047.1	2893631	2875922	2876046	69	124	0
scaffold_110	91422	4359	4641	-	CP052047.1	2893631	2876154	2876434	80	283	0
scaffold_153	61587	9718	10074	-	CP052047.1	2893631	2888105	2888461	129	356	0
scaffold_50	298037	224367	224789	-	CP052048.1	2853886	58806	59229	96	423	60
scaffold_66	184824	166609	167288	+	CP052048.1	2853886	60269	60948	354	679	60
scaffold_850	1688	41	1068	+	CP052048.1	2853886	63359	64437	632	1078	60
scaffold_93	118238	13	1124	+	CP052048.1	2853886	63501	64628	713	1127	60
scaffold_431	11085	17	214	-	CP052048.1	2853886	63836	64033	148	197	60
scaffold_1270	673	206	668	+	CP052048.1	2853886	67066	67528	407	462	60
scaffold_371	14652	0	325	-	CP052048.1	2853886	67956	68281	282	325	60
scaffold_83	140534	16	345	-	CP052048.1	2853886	99119	99446	169	329	60
scaffold_91	120630	102863	104210	-	CP052048.1	2853886	116199	117546	192	1347	60
scaffold_51	297976	124128	125629	-	CP052048.1	2853886	159813	161314	417	1502	60
scaffold_106	94230	50069	51240	-	CP052048.1	2853886	203811	205045	632	1234	60
scaffold_96	109087	69664	70419	+	CP052048.1	2853886	204189	204943	277	755	60
scaffold_68	182924	131934	133117	-	CP052048.1	2853886	218787	219969	733	1183	60
scaffold_85	135051	16491	17825	-	CP052048.1	2853886	222090	223681	296	1592	60
scaffold_110	91422	7841	8382	-	CP052048.1	2853886	223364	223907	197	545	60
scaffold_96	109087	70684	73748	+	CP052048.1	2853886	223390	226070	731	3070	60
scaffold_321	18170	2658	3335	+	CP052048.1	2853886	223435	224113	112	683	60
scaffold_153	61587	33521	34073	-	CP052048.1	2853886	223450	224002	178	556	60
scaffold_194	39750	39065	39356	-	CP052048.1	2853886	226983	227289	107	306	60
scaffold_644	4150	2203	3603	+	CP052048.1	2853886	236343	237746	256	1403	60
scaffold_51	297976	196083	197428	+	CP052048.1	2853886	236395	237740	148	1345	60
scaffold_292	21110	4086	5865	-	CP052048.1	2853886	247441	249220	790	1779	60
scaffold_50	298037	72802	73941	+	CP052048.1	2853886	247727	248866	157	1139	60
scaffold_88	125722	5787	6327	-	CP052048.1	2853886	248750	249273	225	540	60
scaffold_1428	591	143	588	+	CP052048.1	2853886	276926	277371	408	445	60
scaffold_51	297976	179102	180879	+	CP052048.1	2853886	297778	299555	495	1777	60
scaffold_172	48882	4616	5458	+	CP052048.1	2853886	298306	299148	121	842	60
scaffold_10	1239786	1149690	1150420	-	CP052048.1	2853886	310040	310770	106	730	60
scaffold_1593	527	14	525	+	CP052048.1	2853886	329705	330216	498	511	60
scaffold_1634	518	0	514	+	CP052048.1	2853886	330763	331277	514	514	60
scaffold_1454	575	3	395	+	CP052048.1	2853886	331702	332094	357	392	60
scaffold_33	455355	376137	418309	-	CP052048.1	2853886	347494	388934	25707	42513	60
scaffold_218	33655	17612	21692	-	CP052048.1	2853886	347695	351670	2300	4084	60
scaffold_33	455355	259823	372234	-	CP052048.1	2853886	392311	500884	73455	114437	60
scaffold_33	455355	253974	255646	-	CP052048.1	2853886	501083	502478	180	1674	60
scaffold_33	455355	216185	247699	-	CP052048.1	2853886	502798	522948	11172	31630	60
scaffold_33	455355	99965	213206	-	CP052048.1	2853886	527636	637071	62178	114023	60
scaffold_1491	561	13	553	+	CP052048.1	2853886	627705	628263	537	558	60
scaffold_1654	514	13	497	-	CP052048.1	2853886	629547	630031	377	484	60
scaffold_33	455355	194	97498	-	CP052048.1	2853886	640265	739886	55916	100884	60
scaffold_1239	696	17	683	-	CP052048.1	2853886	706675	707342	642	667	60
scaffold_177	45595	113	45437	-	CP052048.1	2853886	739989	780061	22875	46280	60
scaffold_42	372282	4	358725	+	CP052048.1	2853886	780910	1128781	226865	362035	60
scaffold_1611	523	6	464	-	CP052048.1	2853886	860106	860564	410	458	60
scaffold_1150	770	16	754	-	CP052048.1	2853886	860985	861723	701	738	60
scaffold_51	297976	289438	294245	-	CP052048.1	2853886	897273	902124	1322	4860	60
scaffold_1456	575	13	541	+	CP052048.1	2853886	932161	932689	478	528	60
scaffold_1451	577	11	549	-	CP052048.1	2853886	1121391	1121929	404	538	60
scaffold_185	43118	14246	42988	+	CP052048.1	2853886	1128808	1156626	21583	28773	60
scaffold_1512	552	6	543	+	CP052048.1	2853886	1152283	1152820	503	537	60
scaffold_34	442899	180	321892	+	CP052048.1	2853886	1156686	1491107	222424	336239	60
scaffold_34	442899	325869	440688	+	CP052048.1	2853886	1494006	1611178	81237	117450	60
scaffold_904	1345	73	1211	-	CP052048.1	2853886	1611189	1612552	710	1363	60
scaffold_10	1239786	108	143199	+	CP052048.1	2853886	1612410	1753538	99289	144707	60
scaffold_45	358384	22886	30500	-	CP052048.1	2853886	1754461	1761936	1095	7635	60
scaffold_1494	559	144	538	-	CP052048.1	2853886	1759896	1760266	85	394	60
scaffold_10	1239786	176029	213741	+	CP052048.1	2853886	1782947	1819069	26555	37843	60
scaffold_10	1239786	218147	234901	+	CP052048.1	2853886	1821958	1838706	11862	16785	60
scaffold_10	1239786	240353	300992	+	CP052048.1	2853886	1842300	1903150	36300	61185	60
scaffold_1373	619	18	603	-	CP052048.1	2853886	1863232	1863817	461	585	60
scaffold_10	1239786	304249	643068	+	CP052048.1	2853886	1918600	2259388	213634	355409	60
scaffold_101	101313	66705	70147	+	CP052048.1	2853886	1957577	1960915	498	3442	60
scaffold_96	109087	104110	105425	-	CP052048.1	2853886	1961716	1963031	309	1318	60
scaffold_145	69505	647	1675	+	CP052048.1	2853886	1961716	1962741	269	1028	60
scaffold_110	91422	705	1753	+	CP052048.1	2853886	1961726	1962774	380	1050	60
scaffold_85	135051	100990	101913	-	CP052048.1	2853886	1961819	1962741	404	925	60
scaffold_133	76283	74723	75915	-	CP052048.1	2853886	1961936	1963120	358	1192	60
scaffold_533	6969	1217	1824	+	CP052048.1	2853886	1962210	1962817	305	607	60
scaffold_10	1239786	649763	654372	+	CP052048.1	2853886	2268204	2272828	3102	4630	60
scaffold_10	1239786	661859	664907	+	CP052048.1	2853886	2273554	2276344	509	3050	60
scaffold_10	1239786	668620	685668	+	CP052048.1	2853886	2289780	2309489	8697	19774	60
scaffold_10	1239786	685729	787124	+	CP052048.1	2853886	2325532	2440233	48710	122592	60
scaffold_10	1239786	804343	822704	+	CP052048.1	2853886	2442802	2461084	9875	18526	60
scaffold_10	1239786	825739	866206	+	CP052048.1	2853886	2461619	2502236	20022	42404	60
scaffold_1473	566	17	562	-	CP052048.1	2853886	2492528	2493073	507	545	60
scaffold_1081	851	17	841	-	CP052048.1	2853886	2493526	2494350	759	824	60
scaffold_10	1239786	871822	878417	+	CP052048.1	2853886	2511668	2518466	2634	6810	60
scaffold_10	1239786	878774	879622	+	CP052048.1	2853886	2523997	2524848	141	851	60
scaffold_10	1239786	910268	982463	+	CP052048.1	2853886	2529174	2600937	36937	74046	60
scaffold_1329	640	18	590	-	CP052048.1	2853886	2535678	2536250	452	572	60
scaffold_1129	786	18	770	-	CP052048.1	2853886	2600837	2601589	688	752	60
scaffold_10	1239786	996904	997743	+	CP052048.1	2853886	2601939	2602785	202	848	60
scaffold_10	1239786	998577	1024242	+	CP052048.1	2853886	2617811	2643526	11098	28478	60
scaffold_938	1221	12	1210	+	CP052048.1	2853886	2632074	2633270	982	1198	60
scaffold_10	1239786	1037377	1037742	+	CP052048.1	2853886	2656035	2656399	139	365	60
scaffold_10	1239786	1047500	1057621	+	CP052048.1	2853886	2657161	2668396	5396	11266	60
scaffold_10	1239786	1060870	1076277	+	CP052048.1	2853886	2670502	2682712	6368	15420	60
scaffold_10	1239786	1199218	1199914	+	CP052048.1	2853886	2683648	2684344	135	696	60
scaffold_1632	519	7	503	+	CP052048.1	2853886	2683786	2684282	279	496	60
scaffold_10	1239786	1076285	1103663	+	CP052048.1	2853886	2684882	2712249	17581	27740	60
scaffold_10	1239786	1136627	1203899	+	CP052048.1	2853886	2712365	2780160	32498	77436	60
scaffold_50	298037	281141	283567	+	CP052048.1	2853886	2759794	2762268	219	2474	60
scaffold_112	88048	60638	66391	+	CP052048.1	2853886	2769964	2775647	324	5794	60
scaffold_85	135051	72655	72802	-	CP052048.1	2853886	2817243	2817390	97	147	60
scaffold_91	120630	35089	35466	-	CP052048.1	2853886	2818894	2819271	157	377	60
scaffold_51	297976	229050	232956	-	CP052048.1	2853886	2818942	2822847	107	3906	60
scaffold_51	297976	214562	218162	+	CP052048.1	2853886	2819302	2822901	257	3600	60
scaffold_116	84153	33090	39463	-	CP052048.1	2853886	2824361	2830634	600	6388	60
scaffold_988	1021	313	971	+	CP052048.1	2853886	2824361	2825019	179	658	60
scaffold_40	392173	110917	118453	-	CP052048.1	2853886	2824361	2831797	600	7541	60
scaffold_32	471417	13300	19661	-	CP052048.1	2853886	2825366	2831797	536	6479	60
scaffold_48	348853	344144	345599	-	CP052048.1	2853886	2827214	2828669	256	1455	60
scaffold_91	120630	113399	118653	+	CP052048.1	2853886	2827221	2830634	420	5276	60
scaffold_143	70430	66950	68033	+	CP052048.1	2853886	2828302	2829393	187	1091	60
scaffold_994	1008	34	773	-	CP052048.1	2853886	2835679	2836418	153	739	60
scaffold_144	69844	2856	3195	+	CP052048.1	2853886	2839779	2840119	170	340	60
scaffold_249	26889	14087	14382	-	CP052048.1	2853886	2839782	2840078	129	296	60
scaffold_51	297976	142720	143485	-	CP052048.1	2853886	2853103	2853859	138	777	60
scaffold_59	256653	28874	36310	+	CP052048.1	2853886	2824457	2831797	794	7444	59
scaffold_32	471417	277811	279621	-	CP052048.1	2853886	10658	12463	115	1815	57
scaffold_154	60446	55588	57066	+	CP052048.1	2853886	1961936	1963423	268	1490	56
scaffold_59	256653	8320	8525	-	CP052048.1	2853886	203968	204156	89	205	55
scaffold_62	231438	226736	227742	-	CP052048.1	2853886	779552	781031	241	1479	55
scaffold_40	392173	171794	174325	+	CP052048.1	2853886	218811	221326	246	2531	54
scaffold_305	20108	15812	15895	+	CP052048.1	2853886	269702	269785	83	83	54
scaffold_11	1212133	236191	237268	+	CP052048.1	2853886	779561	780974	281	1430	51
scaffold_11	1212133	197589	198523	+	CP052048.1	2853886	779567	780974	257	1407	51
scaffold_143	70430	54905	55205	+	CP052048.1	2853886	223390	223696	171	306	50
scaffold_82	143064	78913	79133	-	CP052048.1	2853886	780811	781031	174	220	49
scaffold_51	297976	64519	65120	-	CP052048.1	2853886	2354181	2354800	95	619	49
scaffold_67	184376	33708	38996	-	CP052048.1	2853886	2826497	2831797	520	5343	49
scaffold_6	1692318	1553161	1559550	+	CP052048.1	2853886	2825184	2831448	638	6401	48
scaffold_101	101313	78459	78577	-	CP052048.1	2853886	780811	780929	94	118	47
scaffold_1	2692756	106127	106858	-	CP052048.1	2853886	2355597	2356316	88	731	47
scaffold_1565	532	107	254	-	CP052048.1	2853886	184754	184902	67	148	45
scaffold_40	392173	185613	186675	+	CP052048.1	2853886	130004	131066	861	1062	44
scaffold_67	184376	54228	54433	+	CP052048.1	2853886	213618	213823	133	205	44
scaffold_110	91422	69263	69625	+	CP052048.1	2853886	223390	223757	178	367	44
scaffold_978	1052	273	949	+	CP052048.1	2853886	247727	248403	186	676	44
scaffold_16	897138	1038	2242	-	CP052048.1	2853886	2357627	2358832	212	1205	44
scaffold_1466	568	2	565	+	CP052048.1	2853886	63988	64595	239	648	43
scaffold_287	21903	9153	9470	+	CP052048.1	2853886	63917	64234	139	317	41
scaffold_50	298037	234338	235270	-	CP052048.1	2853886	1770092	1771001	87	934	40
scaffold_10	1239786	823768	823835	+	CP052048.1	2853886	2461397	2461464	67	67	40
scaffold_85	135051	61383	61752	-	CP052048.1	2853886	213696	214065	170	369	39
scaffold_67	184376	33205	33443	-	CP052048.1	2853886	217772	218010	75	238	39
scaffold_194	39750	32236	32301	+	CP052048.1	2853886	62789	62854	65	65	38
scaffold_99	104861	7070	7405	-	CP052048.1	2853886	86136	86468	92	335	38
scaffold_1432	589	19	513	-	CP052048.1	2853886	1756434	1756928	96	494	38
scaffold_45	358384	242777	243004	-	CP052048.1	2853886	255881	256109	93	229	35
scaffold_115	86240	21256	21398	-	CP052048.1	2853886	67369	67511	111	142	34
scaffold_93	118238	49600	50284	+	CP052048.1	2853886	2758707	2759394	70	690	34
scaffold_21	738175	47541	49227	+	CP052048.1	2853886	2830106	2831797	119	1691	34
scaffold_1628	520	68	408	-	CP052048.1	2853886	2830485	2830825	166	340	34
scaffold_172	48882	32061	32678	-	CP052048.1	2853886	222100	222833	127	735	33
scaffold_128	78074	49958	50090	-	CP052048.1	2853886	310671	310803	80	132	33
scaffold_1099	827	240	823	-	CP052048.1	2853886	64014	64645	208	631	32
scaffold_731	2806	32	507	+	CP052048.1	2853886	64190	64645	144	490	32
scaffold_320	18374	17694	17933	+	CP052048.1	2853886	212802	213014	71	239	32
scaffold_5	1863748	361892	362138	+	CP052048.1	2853886	780672	780974	174	302	32
scaffold_4	1881388	531223	531469	-	CP052048.1	2853886	780672	780974	174	302	32
scaffold_62	231438	14547	14635	+	CP052048.1	2853886	806231	806319	72	88	32
scaffold_101	101313	65652	65852	+	CP052048.1	2853886	1957346	1957545	65	201	32
scaffold_93	118238	28909	29209	+	CP052048.1	2853886	2790177	2790479	110	302	32
scaffold_110	91422	39705	39871	+	CP052048.1	2853886	89069	89235	65	166	30
scaffold_61	235649	60478	60616	-	CP052048.1	2853886	155266	155409	103	143	29
scaffold_112	88048	81728	83132	+	CP052048.1	2853886	84588	85855	516	1405	28
scaffold_315	18631	18	181	+	CP052048.1	2853886	780811	780974	131	163	28
scaffold_13	1103368	394210	394753	+	CP052048.1	2853886	2816381	2816924	61	543	28
scaffold_112	88048	1524	1732	-	CP052048.1	2853886	59477	59673	78	208	27
scaffold_1	2692756	77435	77536	-	CP052048.1	2853886	62678	62779	63	101	27
scaffold_3	2381582	22	185	+	CP052048.1	2853886	780811	780974	137	163	27
scaffold_51	297976	110520	110752	-	CP052048.1	2853886	125032	125264	61	232	26
scaffold_75	154281	154118	154281	-	CP052048.1	2853886	780811	780974	140	163	26
scaffold_82	143064	72212	73105	-	CP052048.1	2853886	2355407	2356316	84	909	26
scaffold_45	358384	75512	82668	+	CP052048.1	2853886	2824347	2831862	569	7517	26
scaffold_45	358384	48327	53704	+	CP052048.1	2853886	2826471	2831862	571	5395	26
scaffold_122	81337	28976	29198	+	CP052048.1	2853886	2355384	2355605	115	222	25
scaffold_30	507731	220999	221188	-	CP052048.1	2853886	86285	86473	110	189	24
scaffold_48	348853	343747	345215	-	CP052048.1	2853886	2357117	2358584	291	1468	24
scaffold_67	184376	55588	64218	+	CP052048.1	2853886	2823155	2831797	489	8670	24
scaffold_48	348853	155251	157669	+	CP052048.1	2853886	2836154	2838568	316	2418	24
scaffold_82	143064	138466	139007	-	CP052048.1	2853886	116339	116880	115	541	23
scaffold_46	353283	198929	199019	+	CP052048.1	2853886	1659134	1659224	90	90	23
scaffold_75	154281	151793	153548	+	CP052048.1	2853886	62857	64628	821	1771	22
scaffold_50	298037	205124	205449	-	CP052048.1	2853886	160897	161223	61	326	22
scaffold_173	47066	38894	39646	+	CP052048.1	2853886	1961991	1962741	218	752	22
scaffold_9	1406917	460213	461081	-	CP052048.1	2853886	2810022	2810715	117	868	22
scaffold_45	358384	238956	239888	-	CP052048.1	2853886	124858	125790	95	932	21
scaffold_40	392173	138135	138335	+	CP052048.1	2853886	255711	255908	59	200	21
scaffold_71	175185	97199	101172	-	CP052048.1	2853886	2355384	2359375	88	3991	21
scaffold_71	175185	101786	108991	-	CP052048.1	2853886	2824347	2831538	576	7291	21
scaffold_1	2692756	120068	120235	-	CP052048.1	2853886	2824347	2824514	102	167	21
scaffold_1	2692756	81253	86568	-	CP052048.1	2853886	2826471	2831797	409	5330	21
scaffold_1	2692756	275497	275591	+	CP052048.1	2853886	123386	123480	58	94	20
scaffold_731	2806	2619	2755	+	CP052048.1	2853886	779561	779817	86	256	19
scaffold_128	78074	4520	4620	+	CP052048.1	2853886	2790311	2790411	53	100	19
scaffold_48	348853	54646	62170	+	CP052048.1	2853886	2824361	2831797	788	7578	19
scaffold_111	88385	87894	88321	-	CP052048.1	2853886	64201	64645	161	478	18
scaffold_753	2541	4	157	-	CP052048.1	2853886	252044	252197	143	153	18
scaffold_102	100464	65970	66188	+	CP052048.1	2853886	2790177	2790396	75	219	17
scaffold_156	59460	4957	5128	+	CP052048.1	2853886	255711	255900	59	190	16
scaffold_82	143064	114894	117539	+	CP052048.1	2853886	2357584	2360232	238	2649	16
scaffold_4	1881388	531524	531669	-	CP052048.1	2853886	779552	779817	95	265	15
scaffold_45	358384	236965	237914	+	CP052048.1	2853886	779552	780974	274	1422	15
scaffold_874	1526	1412	1477	-	CP052048.1	2853886	2845304	2845369	59	65	15
scaffold_6	1692318	1512847	1512997	+	CP052048.1	2853886	58519	58669	57	150	14
scaffold_51	297976	5240	5889	+	CP052048.1	2853886	58580	59229	57	649	14
scaffold_129	76929	76422	76907	-	CP052048.1	2853886	64133	64645	141	512	14
scaffold_212	35064	7719	7939	-	CP052048.1	2853886	125681	125901	57	220	14
scaffold_45	358384	306407	306507	-	CP052048.1	2853886	125882	125982	57	100	14
scaffold_50	298037	207743	207993	-	CP052048.1	2853886	160256	160506	57	250	14
scaffold_101	101313	88631	88822	+	CP052048.1	2853886	212796	212986	57	191	14
scaffold_30	507731	453178	453889	-	CP052048.1	2853886	217312	218023	57	711	14
scaffold_172	48882	5439	5643	-	CP052048.1	2853886	338832	339036	57	204	14
scaffold_8	1419871	1225470	1225546	-	CP052048.1	2853886	806569	806645	76	76	14
scaffold_10	1239786	237251	237521	+	CP052048.1	2853886	1838840	1839110	57	271	14
scaffold_75	154281	28671	28896	-	CP052048.1	2853886	1957093	1957317	57	225	14
scaffold_181	44073	25457	25702	-	CP052048.1	2853886	1957123	1957365	57	245	14
scaffold_1708	502	50	491	-	CP052048.1	2853886	2358530	2358970	116	441	14
scaffold_323	18080	11606	12347	-	CP052048.1	2853886	2519838	2520579	57	741	14
scaffold_14	908909	130054	130254	-	CP052048.1	2853886	2790177	2790378	57	201	14
scaffold_61	235649	85952	86163	-	CP052048.1	2853886	2824266	2824476	57	211	14
scaffold_9	1406917	478130	478387	-	CP052048.1	2853886	2824266	2824523	57	258	14
scaffold_68	182924	174340	174676	+	CP052048.1	2853886	2837071	2837407	57	336	14
scaffold_50	298037	205009	205345	+	CP052048.1	2853886	116327	116664	55	337	13
scaffold_175	46490	35819	35867	+	CP052048.1	2853886	70477	70525	48	48	12
scaffold_10	1239786	869991	870687	+	CP052048.1	2853886	2504239	2504923	57	696	12
scaffold_51	297976	77961	78010	-	CP052048.1	2853886	64596	64645	49	49	11
scaffold_144	69844	29986	31263	+	CP052048.1	2853886	84573	85855	412	1284	11
scaffold_107	93315	87885	88304	+	CP052048.1	2853886	213618	214065	99	447	11
scaffold_10	1239786	143575	144661	-	CP052048.1	2853886	779819	780984	67	1165	11
scaffold_12	1155968	733344	733590	+	CP052048.1	2853886	780672	780974	107	302	11
scaffold_80	143857	75675	75733	-	CP052048.1	2853886	2845304	2845362	52	58	10
scaffold_50	298037	260428	261559	+	CP052048.1	2853886	2357117	2358248	213	1132	9
scaffold_842	1747	534	656	+	CP052048.1	2853886	252000	252122	87	122	8
scaffold_22	716055	25988	26609	-	CP052048.1	2853886	2683629	2684251	57	622	8
scaffold_51	297976	227663	228927	-	CP052048.1	2853886	2838812	2840078	57	1266	8
scaffold_67	184376	11639	11715	-	CP052048.1	2853886	806569	806645	64	76	7
scaffold_102	100464	92049	96044	+	CP052048.1	2853886	1754398	1758450	316	4065	7
scaffold_315	18631	15115	16096	+	CP052048.1	2853886	1777313	1778433	76	1124	7
scaffold_11	1212133	198626	201431	+	CP052048.1	2853886	2358514	2361264	193	2812	7
scaffold_83	140534	57660	57705	+	CP052048.1	2853886	70434	70479	45	45	6
scaffold_107	93315	76085	79639	-	CP052048.1	2853886	2191194	2194705	57	3554	6
scaffold_13	1103368	35315	35473	+	CP052048.1	2853886	372444	372602	45	158	5
scaffold_22	716055	654933	655004	+	CP052048.1	2853886	806231	806302	44	71	5
scaffold_11	1212133	270711	270825	-	CP052048.1	2853886	806516	806630	70	114	5
scaffold_129	76929	42823	42989	+	CP052048.1	2853886	2600711	2600876	46	166	5
scaffold_243	28230	23696	23741	+	CP052048.1	2853886	2755369	2755414	45	45	5
scaffold_59	256653	80081	80693	+	CP052048.1	2853886	2831187	2831797	122	612	5
scaffold_112	88048	2306	3989	-	CP052048.1	2853886	47592	49275	358	1708	4
scaffold_70	181850	14	225	+	CP052048.1	2853886	64452	64645	82	211	4
scaffold_429	11191	9011	9678	+	CP052048.1	2853886	86713	87383	372	671	4
scaffold_96	109087	39175	41608	-	CP052048.1	2853886	99119	101929	869	2870	4
scaffold_128	78074	50227	50548	+	CP052048.1	2853886	131354	131675	44	321	4
scaffold_1498	558	326	473	-	CP052048.1	2853886	2357578	2357725	44	147	4
scaffold_1206	720	54	654	+	CP052048.1	2853886	2834674	2835274	193	600	4
scaffold_14	908909	8649	8727	+	CP052048.1	2853886	280086	280165	42	79	2
scaffold_68	182924	74440	75126	-	CP052048.1	2853886	298819	299505	77	686	2
scaffold_96	109087	97824	98003	-	CP052048.1	2853886	338729	338908	42	179	2
scaffold_1646	516	107	366	-	CP052048.1	2853886	1595834	1596095	42	261	2
scaffold_670	3704	638	3699	-	CP052048.1	2853886	1755783	1758863	424	3082	2
scaffold_287	21903	8953	10140	-	CP052048.1	2853886	63380	64628	137	1251	1
scaffold_82	143064	118586	118896	-	CP052048.1	2853886	779475	780081	124	606	1
scaffold_769	2378	2282	2323	+	CP052048.1	2853886	779776	779817	41	41	1
scaffold_154	60446	28699	28846	-	CP052048.1	2853886	2817243	2817390	56	147	1
scaffold_153	61587	9718	10074	+	CP052048.1	2853886	5155	5511	129	356	0
scaffold_48	348853	59009	66003	-	CP052048.1	2853886	6985	13773	336	7070	0
scaffold_128	78074	50514	51092	-	CP052048.1	2853886	9172	9750	54	578	0
scaffold_55	268656	19087	19585	-	CP052048.1	2853886	9381	9879	95	498	0
scaffold_60	240913	107357	107506	+	CP052048.1	2853886	9730	9879	67	149	0
scaffold_45	358384	259411	267182	-	CP052048.1	2853886	10546	18380	358	7957	0
scaffold_26	567511	550800	550927	-	CP052048.1	2853886	10550	10677	63	127	0
scaffold_45	358384	308395	312807	-	CP052048.1	2853886	10550	14929	367	4412	0
scaffold_4	1881388	1685196	1692832	+	CP052048.1	2853886	10566	18349	601	7788	0
scaffold_11	1212133	238019	240564	-	CP052048.1	2853886	10568	13116	172	2548	0
scaffold_45	358384	40276	47963	+	CP052048.1	2853886	10575	18325	651	7873	0
scaffold_26	567511	554571	562200	-	CP052048.1	2853886	10575	18349	652	7775	0
scaffold_97	105629	93441	98330	+	CP052048.1	2853886	10590	15474	528	4889	0
scaffold_4	1881388	507330	509268	-	CP052048.1	2853886	10658	12635	135	1978	0
scaffold_129	76929	59468	66975	+	CP052048.1	2853886	10658	18325	616	7669	0
scaffold_67	184376	33708	37709	+	CP052048.1	2853886	10658	14587	171	4001	0
scaffold_102	100464	67961	74729	-	CP052048.1	2853886	10900	17903	429	7003	0
scaffold_48	348853	155456	157466	-	CP052048.1	2853886	10900	12828	171	2010	0
scaffold_70	181850	10352	17015	+	CP052048.1	2853886	11533	18340	413	6807	0
scaffold_61	235649	76512	77630	-	CP052048.1	2853886	11617	12735	81	1118	0
scaffold_48	348853	341693	342865	+	CP052048.1	2853886	11712	12885	141	1173	0
scaffold_272	24052	5889	7775	-	CP052048.1	2853886	11819	13705	180	1886	0
scaffold_122	81337	30078	31886	-	CP052048.1	2853886	12158	14047	95	1889	0
scaffold_10	1239786	146212	151857	-	CP052048.1	2853886	12809	18325	246	5646	0
scaffold_994	1008	315	950	+	CP052048.1	2853886	13050	13685	150	635	0
scaffold_1092	837	521	723	+	CP052048.1	2853886	13637	13839	95	202	0
scaffold_59	256653	78492	79810	+	CP052048.1	2853886	16988	18325	96	1337	0
scaffold_71	175185	148142	148422	-	CP052048.1	2853886	17148	17428	78	280	0
scaffold_28	539988	193114	193261	+	CP052048.1	2853886	18202	18349	76	147	0
scaffold_14	908909	22724	22768	-	CP052048.1	2853886	18305	18349	44	44	0
scaffold_102	100464	100314	100449	+	CP052048.1	2853886	18724	18859	67	135	0
scaffold_48	348853	346818	348842	-	CP052048.1	2853886	18758	20782	1082	2025	0
scaffold_172	48882	37183	38572	-	CP052048.1	2853886	18980	20378	157	1399	0
scaffold_80	143857	28030	28685	-	CP052048.1	2853886	19343	20009	76	666	0
scaffold_1560	534	166	260	+	CP052048.1	2853886	19807	19901	48	94	0
scaffold_82	143064	107131	107309	-	CP052048.1	2853886	26003	26185	57	182	0
scaffold_212	35064	22564	22749	+	CP052048.1	2853886	28727	28912	98	185	0
scaffold_1537	542	7	86	+	CP052048.1	2853886	29031	29110	79	79	0
scaffold_227	31762	10934	11262	+	CP052048.1	2853886	29031	29377	57	346	0
scaffold_312	19256	12745	12902	+	CP052048.1	2853886	29055	29212	41	157	0
scaffold_212	35064	9618	9705	-	CP052048.1	2853886	29055	29143	44	88	0
scaffold_877	1508	791	888	-	CP052048.1	2853886	29124	29220	46	97	0
scaffold_82	143064	141081	141242	-	CP052048.1	2853886	29124	29284	57	161	0
scaffold_91	120630	27922	33656	+	CP052048.1	2853886	31123	36871	698	5756	0
scaffold_83	140534	14289	14447	-	CP052048.1	2853886	37055	37213	100	158	0
scaffold_106	94230	45234	45383	+	CP052048.1	2853886	37055	37213	53	158	0
scaffold_429	11191	9683	9842	-	CP052048.1	2853886	37055	37213	59	159	0
scaffold_190	40947	4840	4955	-	CP052048.1	2853886	37102	37213	66	115	0
scaffold_93	118238	108586	108655	-	CP052048.1	2853886	37123	37192	44	69	0
scaffold_112	88048	13440	17260	-	CP052048.1	2853886	37223	40969	128	3820	0
scaffold_40	392173	160472	170115	-	CP052048.1	2853886	37241	46881	8956	9643	0
scaffold_112	88048	7010	8228	-	CP052048.1	2853886	46244	47445	177	1218	0
scaffold_37	420435	315778	316531	+	CP052048.1	2853886	47396	48149	49	753	0
scaffold_218	33655	23933	24037	+	CP052048.1	2853886	49914	50019	92	105	0
scaffold_59	256653	15886	16027	-	CP052048.1	2853886	49914	50057	114	143	0
scaffold_150	63801	53516	53634	+	CP052048.1	2853886	49914	50034	85	120	0
scaffold_63	225848	34653	34711	+	CP052048.1	2853886	49914	49974	53	60	0
scaffold_99	104861	93199	93317	-	CP052048.1	2853886	49914	50034	91	120	0
scaffold_151	63507	20435	20528	-	CP052048.1	2853886	49914	50009	51	95	0
scaffold_107	93315	59551	59697	-	CP052048.1	2853886	49914	50062	100	148	0
scaffold_175	46490	3837	3965	+	CP052048.1	2853886	49929	50057	86	128	0
scaffold_99	104861	84858	84989	+	CP052048.1	2853886	49929	50062	85	133	0
scaffold_128	78074	37003	37129	+	CP052048.1	2853886	49929	50057	121	128	0
scaffold_63	225848	112756	112859	+	CP052048.1	2853886	49929	50034	98	105	0
scaffold_101	101313	79114	79202	-	CP052048.1	2853886	49929	50019	48	90	0
scaffold_13	1103368	10031	10157	-	CP052048.1	2853886	49929	50057	86	128	0
scaffold_169	51120	16857	16983	-	CP052048.1	2853886	49929	50057	121	128	0
scaffold_210	35262	33163	33266	-	CP052048.1	2853886	49929	50034	98	105	0
scaffold_128	78074	8588	8645	+	CP052048.1	2853886	49977	50034	57	57	0
scaffold_187	42170	1348	1420	-	CP052048.1	2853886	49990	50062	54	72	0
scaffold_1454	575	470	537	-	CP052048.1	2853886	49990	50057	67	67	0
scaffold_1117	806	102	169	-	CP052048.1	2853886	49990	50057	61	67	0
scaffold_102	100464	74917	75086	-	CP052048.1	2853886	50460	50629	155	169	0
scaffold_212	35064	7180	7320	-	CP052048.1	2853886	50460	50600	95	140	0
scaffold_70	181850	173079	180728	+	CP052048.1	2853886	50462	58241	401	7779	0
scaffold_21	738175	55591	55757	-	CP052048.1	2853886	50462	50627	138	166	0
scaffold_48	348853	333543	341163	-	CP052048.1	2853886	50462	58270	375	7808	0
scaffold_32	471417	2675	10327	+	CP052048.1	2853886	50491	58229	184	7771	0
scaffold_144	69844	55537	55635	+	CP052048.1	2853886	50491	50588	59	98	0
scaffold_143	70430	17025	17124	-	CP052048.1	2853886	50491	50588	52	99	0
scaffold_343	16140	2921	3061	-	CP052048.1	2853886	50491	50629	85	140	0
scaffold_70	181850	30507	37993	-	CP052048.1	2853886	50834	58457	152	7633	0
scaffold_129	76929	56613	57397	+	CP052048.1	2853886	57309	58093	97	784	0
scaffold_21	738175	55591	55757	-	CP052048.1	2853886	58103	58268	138	166	0
scaffold_102	100464	74917	75084	-	CP052048.1	2853886	58103	58270	153	167	0
scaffold_343	16140	2921	3061	-	CP052048.1	2853886	58132	58270	85	140	0
scaffold_144	69844	55537	55635	+	CP052048.1	2853886	58132	58229	59	98	0
scaffold_305	20108	3	576	+	CP052048.1	2853886	64058	64645	198	587	0
scaffold_68	182924	7	488	+	CP052048.1	2853886	64133	64645	132	548	0
scaffold_115	86240	26	473	+	CP052048.1	2853886	64201	64628	76	447	0
scaffold_297	20811	20257	20663	-	CP052048.1	2853886	64235	64645	79	423	0
scaffold_297	20811	20689	20758	-	CP052048.1	2853886	64576	64645	60	69	0
scaffold_101	101313	101139	101208	-	CP052048.1	2853886	64576	64645	55	69	0
scaffold_175	46490	6494	6641	-	CP052048.1	2853886	67363	67511	94	148	0
scaffold_387	13657	10887	11036	+	CP052048.1	2853886	67363	67511	82	149	0
scaffold_169	51120	10464	10611	+	CP052048.1	2853886	67363	67511	101	148	0
scaffold_148	65701	44043	44190	+	CP052048.1	2853886	67363	67511	94	148	0
scaffold_63	225848	201358	201507	-	CP052048.1	2853886	67363	67511	82	149	0
scaffold_88	125722	73918	74062	-	CP052048.1	2853886	67369	67511	82	144	0
scaffold_115	86240	35229	35372	-	CP052048.1	2853886	67369	67511	57	143	0
scaffold_1411	599	487	585	+	CP052048.1	2853886	67369	67467	57	99	0
scaffold_194	39750	31892	31986	-	CP052048.1	2853886	67417	67511	57	94	0
scaffold_80	143857	77649	77743	-	CP052048.1	2853886	67417	67511	82	94	0
scaffold_258	25314	22896	22959	-	CP052048.1	2853886	67448	67511	57	63	0
scaffold_112	88048	270	1158	-	CP052048.1	2853886	84617	85497	336	891	0
scaffold_66	184824	184475	184687	-	CP052048.1	2853886	85656	85867	110	213	0
scaffold_169	51120	5226	5996	-	CP052048.1	2853886	87767	88549	202	782	0
scaffold_51	297976	82069	83753	+	CP052048.1	2853886	93329	95017	352	1688	0
scaffold_60	240913	106229	107585	+	CP052048.1	2853886	93329	94689	76	1360	0
scaffold_104	98169	57165	57721	+	CP052048.1	2853886	94457	95017	87	560	0
scaffold_16	897138	307	458	-	CP052048.1	2853886	94756	94907	40	151	0
scaffold_155	60202	60083	60198	+	CP052048.1	2853886	99119	99234	76	115	0
scaffold_150	63801	34	1770	-	CP052048.1	2853886	99119	100812	769	1736	0
scaffold_6	1692318	1503458	1506122	-	CP052048.1	2853886	99119	101739	430	2664	0
scaffold_11	1212133	93116	93570	+	CP052048.1	2853886	99119	99594	294	475	0
scaffold_16	897138	17909	20773	-	CP052048.1	2853886	99119	101922	495	2864	0
scaffold_66	184824	154755	157619	+	CP052048.1	2853886	99126	101929	1489	2864	0
scaffold_194	39750	15117	17822	+	CP052048.1	2853886	99168	101832	1046	2707	0
scaffold_44	359581	188312	190868	+	CP052048.1	2853886	99401	101929	163	2556	0
scaffold_1175	743	80	678	-	CP052048.1	2853886	99618	100216	214	598	0
scaffold_1536	542	12	446	-	CP052048.1	2853886	100342	100776	142	434	0
scaffold_99	104861	104253	104773	-	CP052048.1	2853886	101471	101922	165	520	0
scaffold_138	72333	33	414	+	CP052048.1	2853886	101566	101929	305	381	0
scaffold_155	60202	60083	60139	-	CP052048.1	2853886	101873	101929	56	56	0
scaffold_133	76283	40121	40874	-	CP052048.1	2853886	102055	102938	320	883	0
scaffold_272	24052	15389	16154	+	CP052048.1	2853886	102055	102956	388	907	0
scaffold_133	76283	54505	54723	-	CP052048.1	2853886	102689	102907	163	218	0
scaffold_156	59460	47414	47546	-	CP052048.1	2853886	103739	103871	57	132	0
scaffold_110	91422	35875	35982	-	CP052048.1	2853886	104214	104321	49	107	0
scaffold_110	91422	33872	34068	-	CP052048.1	2853886	104334	104530	150	196	0
scaffold_387	13657	3747	4131	+	CP052048.1	2853886	108040	108424	280	384	0
scaffold_115	86240	42134	42504	-	CP052048.1	2853886	108054	108424	239	370	0
scaffold_356	15572	11895	11946	+	CP052048.1	2853886	108434	108485	51	51	0
scaffold_51	297976	270083	270233	-	CP052048.1	2853886	108447	108597	138	150	0
scaffold_107	93315	92492	92596	-	CP052048.1	2853886	108497	108601	76	104	0
scaffold_85	135051	61676	61760	-	CP052048.1	2853886	108517	108601	76	84	0
scaffold_169	51120	16857	17001	-	CP052048.1	2853886	108677	108823	139	146	0
scaffold_101	101313	79114	79220	-	CP052048.1	2853886	108677	108785	66	108	0
scaffold_99	104861	68879	69023	-	CP052048.1	2853886	108677	108823	86	146	0
scaffold_128	78074	8524	8645	+	CP052048.1	2853886	108677	108800	76	123	0
scaffold_128	78074	36985	37129	+	CP052048.1	2853886	108677	108823	139	146	0
scaffold_63	225848	112738	112859	+	CP052048.1	2853886	108677	108800	116	123	0
scaffold_218	33655	23948	24037	+	CP052048.1	2853886	108695	108785	77	90	0
scaffold_210	35262	33163	33266	-	CP052048.1	2853886	108695	108800	98	105	0
scaffold_175	46490	3837	3965	+	CP052048.1	2853886	108695	108823	86	128	0
scaffold_107	93315	59556	59682	-	CP052048.1	2853886	108695	108823	80	128	0
scaffold_59	256653	15886	16012	-	CP052048.1	2853886	108695	108823	99	128	0
scaffold_99	104861	93199	93302	-	CP052048.1	2853886	108695	108800	76	105	0
scaffold_99	104861	84858	84984	+	CP052048.1	2853886	108695	108823	80	128	0
scaffold_150	63801	53531	53634	+	CP052048.1	2853886	108695	108800	70	105	0
scaffold_13	1103368	10031	10157	-	CP052048.1	2853886	108695	108823	86	128	0
scaffold_187	42170	1353	1420	-	CP052048.1	2853886	108756	108823	49	67	0
scaffold_1454	575	470	537	-	CP052048.1	2853886	108756	108823	67	67	0
scaffold_1117	806	102	169	-	CP052048.1	2853886	108756	108823	61	67	0
scaffold_115	86240	18331	21101	+	CP052048.1	2853886	109035	111804	1522	2770	0
scaffold_85	135051	62046	64966	-	CP052048.1	2853886	109053	111976	1290	2923	0
scaffold_101	101313	86145	86434	+	CP052048.1	2853886	109099	109388	214	289	0
scaffold_101	101313	86439	86747	+	CP052048.1	2853886	111678	111989	234	311	0
scaffold_106	94230	45767	46041	+	CP052048.1	2853886	111712	111989	208	277	0
scaffold_258	25314	16703	16888	-	CP052048.1	2853886	115943	116128	57	185	0
scaffold_83	140534	111776	112312	-	CP052048.1	2853886	117322	117858	96	539	0
scaffold_154	60446	21917	26982	-	CP052048.1	2853886	118764	123931	2537	5223	0
scaffold_210	35262	33147	33266	-	CP052048.1	2853886	123375	123494	62	119	0
scaffold_63	225848	34668	34711	+	CP052048.1	2853886	123375	123418	43	43	0
scaffold_312	19256	6207	6481	-	CP052048.1	2853886	123942	124161	57	274	0
scaffold_296	20863	20359	20589	-	CP052048.1	2853886	123946	124170	64	230	0
scaffold_287	21903	21606	21846	+	CP052048.1	2853886	123946	124170	64	240	0
scaffold_51	297976	81933	83769	-	CP052048.1	2853886	124197	126037	326	1840	0
scaffold_60	240913	106229	107880	-	CP052048.1	2853886	124246	125901	100	1655	0
scaffold_104	98169	57061	57595	-	CP052048.1	2853886	124339	124877	99	538	0
scaffold_154	60446	3571	4887	-	CP052048.1	2853886	124450	125770	115	1320	0
scaffold_128	78074	50362	51461	+	CP052048.1	2853886	124601	125700	58	1099	0
scaffold_67	184376	42672	42712	-	CP052048.1	2853886	124752	124792	40	40	0
scaffold_3	2381582	10899	15032	+	CP052048.1	2853886	125296	129168	1943	4144	0
scaffold_143	70430	144	3245	-	CP052048.1	2853886	126039	129168	2026	3130	0
scaffold_1658	512	15	512	+	CP052048.1	2853886	128173	128721	328	554	0
scaffold_88	125722	26230	26418	+	CP052048.1	2853886	128286	128474	175	188	0
scaffold_16	897138	4668	5433	-	CP052048.1	2853886	128369	129168	145	805	0
scaffold_40	392173	195072	195566	-	CP052048.1	2853886	129184	129959	411	775	0
scaffold_68	182924	71254	72890	+	CP052048.1	2853886	131185	132821	205	1636	0
scaffold_99	104861	38748	40298	+	CP052048.1	2853886	131243	132794	186	1551	0
scaffold_172	48882	3096	3584	-	CP052048.1	2853886	131560	132049	57	489	0
scaffold_112	88048	33280	33468	+	CP052048.1	2853886	147404	147588	74	188	0
scaffold_148	65701	34640	36467	-	CP052048.1	2853886	155105	156865	95	1832	0
scaffold_82	143064	95497	95564	+	CP052048.1	2853886	155266	155334	42	68	0
scaffold_133	76283	24592	24735	-	CP052048.1	2853886	155266	155409	57	144	0
scaffold_1636	518	211	273	-	CP052048.1	2853886	155335	155409	53	74	0
scaffold_1650	515	54	494	-	CP052048.1	2853886	158319	158759	50	440	0
scaffold_842	1747	1451	1731	-	CP052048.1	2853886	159457	159737	180	280	0
scaffold_358	15501	6792	8312	+	CP052048.1	2853886	159786	161306	281	1520	0
scaffold_143	70430	27148	28692	-	CP052048.1	2853886	159852	161396	172	1544	0
scaffold_91	120630	102920	104210	+	CP052048.1	2853886	160176	161466	114	1290	0
scaffold_82	143064	138699	139085	+	CP052048.1	2853886	161018	161404	95	386	0
scaffold_172	48882	1664	2078	-	CP052048.1	2853886	166217	166632	97	415	0
scaffold_273	23718	3729	3838	-	CP052048.1	2853886	170329	170438	45	109	0
scaffold_110	91422	27494	27673	-	CP052048.1	2853886	178082	178273	119	192	0
scaffold_194	39750	17909	17982	+	CP052048.1	2853886	178126	178222	68	96	0
scaffold_93	118238	116416	116521	+	CP052048.1	2853886	178156	178273	70	118	0
scaffold_88	125722	8925	9010	-	CP052048.1	2853886	184099	184184	60	85	0
scaffold_1387	609	280	417	-	CP052048.1	2853886	184349	184486	52	137	0
scaffold_128	78074	36985	37106	+	CP052048.1	2853886	184349	184472	57	123	0
scaffold_148	65701	44043	44190	+	CP052048.1	2853886	191359	191509	93	150	0
scaffold_63	225848	201358	201507	-	CP052048.1	2853886	191359	191509	104	152	0
scaffold_387	13657	10887	11036	+	CP052048.1	2853886	191359	191509	104	152	0
scaffold_169	51120	10464	10611	+	CP052048.1	2853886	191359	191509	107	150	0
scaffold_249	26889	989	1121	-	CP052048.1	2853886	191359	191490	79	132	0
scaffold_175	46490	6494	6641	-	CP052048.1	2853886	191359	191509	93	150	0
scaffold_80	143857	61319	61460	-	CP052048.1	2853886	191365	191509	103	144	0
scaffold_83	140534	118798	118939	+	CP052048.1	2853886	191365	191509	98	144	0
scaffold_1411	599	487	588	+	CP052048.1	2853886	191365	191468	65	103	0
scaffold_115	86240	35229	35372	-	CP052048.1	2853886	191365	191509	79	144	0
scaffold_88	125722	73918	74062	-	CP052048.1	2853886	191365	191509	76	144	0
scaffold_854	1662	193	335	-	CP052048.1	2853886	191365	191509	79	144	0
scaffold_115	86240	21256	21398	-	CP052048.1	2853886	191365	191509	76	144	0
scaffold_148	65701	38290	38434	-	CP052048.1	2853886	191365	191509	63	144	0
scaffold_304	20323	7145	7285	+	CP052048.1	2853886	191365	191509	57	144	0
scaffold_80	143857	77649	77754	-	CP052048.1	2853886	191401	191509	87	108	0
scaffold_194	39750	31892	31986	-	CP052048.1	2853886	191412	191509	57	97	0
scaffold_258	25314	22896	22959	-	CP052048.1	2853886	191446	191509	57	63	0
scaffold_194	39750	39498	39557	+	CP052048.1	2853886	191449	191509	44	60	0
scaffold_1565	532	48	132	-	CP052048.1	2853886	191671	191754	68	84	0
scaffold_93	118238	63785	63852	+	CP052048.1	2853886	191716	191783	57	67	0
scaffold_112	88048	17877	18432	+	CP052048.1	2853886	196459	197015	337	557	0
scaffold_1534	543	1	97	-	CP052048.1	2853886	196466	196562	96	96	0
scaffold_427	11379	4412	4537	-	CP052048.1	2853886	207013	207139	56	126	0
scaffold_356	15572	11895	11946	+	CP052048.1	2853886	213605	213656	51	51	0
scaffold_308	19755	4496	4763	-	CP052048.1	2853886	213618	213933	142	315	0
scaffold_99	104861	64947	65356	+	CP052048.1	2853886	213618	214070	149	452	0
scaffold_51	297976	270083	270233	-	CP052048.1	2853886	213618	213768	133	150	0
scaffold_107	93315	92346	92596	-	CP052048.1	2853886	213668	213926	125	258	0
scaffold_144	69844	38487	41433	+	CP052048.1	2853886	214189	217170	2179	2982	0
scaffold_68	182924	29184	32128	+	CP052048.1	2853886	214189	217170	309	2981	0
scaffold_51	297976	85894	87826	-	CP052048.1	2853886	214189	216157	244	1968	0
scaffold_128	78074	38211	39142	+	CP052048.1	2853886	217184	218116	445	932	0
scaffold_328	17820	14339	14414	-	CP052048.1	2853886	218807	218882	46	75	0
scaffold_112	88048	21658	24563	+	CP052048.1	2853886	218868	221752	495	2905	0
scaffold_320	18374	2054	3522	-	CP052048.1	2853886	219042	220495	369	1468	0
scaffold_148	65701	42	117	-	CP052048.1	2853886	222369	222444	60	75	0
scaffold_63	225848	225731	225806	+	CP052048.1	2853886	222369	222444	60	75	0
scaffold_249	26889	25002	25055	-	CP052048.1	2853886	222391	222444	53	53	0
scaffold_328	17820	13947	14153	+	CP052048.1	2853886	222546	222764	53	218	0
scaffold_106	94230	15791	15899	+	CP052048.1	2853886	223387	223495	67	108	0
scaffold_75	154281	35232	35745	+	CP052048.1	2853886	223390	223907	165	517	0
scaffold_33	455355	438605	438875	-	CP052048.1	2853886	223420	223696	127	276	0
scaffold_194	39750	9586	10232	-	CP052048.1	2853886	226126	226779	162	653	0
scaffold_96	109087	42303	42360	+	CP052048.1	2853886	226854	226911	51	57	0
scaffold_28	539988	943	2240	-	CP052048.1	2853886	241552	243138	168	1586	0
scaffold_138	72333	72209	72295	+	CP052048.1	2853886	241552	241638	86	86	0
scaffold_427	11379	11254	11359	+	CP052048.1	2853886	241552	241657	105	105	0
scaffold_192	40101	39990	40081	+	CP052048.1	2853886	241566	241657	66	91	0
scaffold_1063	873	17	852	+	CP052048.1	2853886	241566	242398	405	835	0
scaffold_904	1345	1237	1328	+	CP052048.1	2853886	241566	241657	66	91	0
scaffold_68	182924	111659	116155	-	CP052048.1	2853886	241830	246371	576	4544	0
scaffold_119	82364	42523	43523	+	CP052048.1	2853886	247892	248892	57	1000	0
scaffold_14	908909	9	870	+	CP052048.1	2853886	248384	249245	41	861	0
scaffold_401	12799	12564	12758	+	CP052048.1	2853886	252030	252224	158	194	0
scaffold_1565	532	33	97	-	CP052048.1	2853886	252133	252197	49	64	0
scaffold_1426	591	400	584	+	CP052048.1	2853886	252144	252330	105	186	0
scaffold_86	130972	43	123	-	CP052048.1	2853886	252144	252224	80	80	0
scaffold_262	24986	19911	20065	-	CP052048.1	2853886	252703	252855	40	154	0
scaffold_93	118238	106836	106919	+	CP052048.1	2853886	252778	252861	46	83	0
scaffold_1227	701	12	194	-	CP052048.1	2853886	255718	255900	113	182	0
scaffold_173	47066	14725	14767	-	CP052048.1	2853886	269702	269744	42	42	0
scaffold_16	897138	27498	27563	+	CP052048.1	2853886	269702	269767	49	65	0
scaffold_187	42170	1348	1420	+	CP052048.1	2853886	270186	270258	43	72	0
scaffold_1454	575	470	537	+	CP052048.1	2853886	270191	270258	48	67	0
scaffold_210	35262	33178	33266	+	CP052048.1	2853886	270229	270318	48	89	0
scaffold_16	897138	27786	27859	+	CP052048.1	2853886	270564	270637	51	73	0
scaffold_1387	609	294	392	+	CP052048.1	2853886	280068	280165	56	98	0
scaffold_1117	806	125	221	+	CP052048.1	2853886	280068	280165	56	97	0
scaffold_128	78074	27729	30758	-	CP052048.1	2853886	292874	295874	1520	3031	0
scaffold_974	1065	440	480	-	CP052048.1	2853886	292877	292917	40	40	0
scaffold_465	9291	9166	9273	+	CP052048.1	2853886	294782	294889	107	107	0
scaffold_353	15650	59	211	+	CP052048.1	2853886	295711	295864	108	153	0
scaffold_155	60202	66	110	+	CP052048.1	2853886	295830	295874	44	44	0
scaffold_1301	656	498	656	+	CP052048.1	2853886	298085	298243	44	158	0
scaffold_5	1863748	317589	318887	-	CP052048.1	2853886	298186	299496	186	1310	0
scaffold_131	76605	59258	59403	-	CP052048.1	2853886	298204	298349	81	145	0
scaffold_71	175185	145023	146141	+	CP052048.1	2853886	298218	299336	76	1118	0
scaffold_51	297976	158289	159578	+	CP052048.1	2853886	298224	299512	130	1289	0
scaffold_172	48882	3022	3584	-	CP052048.1	2853886	298224	298787	57	563	0
scaffold_61	235649	174299	174663	+	CP052048.1	2853886	312602	312965	151	364	0
scaffold_75	154281	118736	118921	-	CP052048.1	2853886	312602	312787	118	185	0
scaffold_227	31762	10934	11186	-	CP052048.1	2853886	315760	316013	57	253	0
scaffold_1	2692756	40775	40858	-	CP052048.1	2853886	319331	319414	50	83	0
scaffold_1656	513	304	362	-	CP052048.1	2853886	320125	320183	43	58	0
scaffold_877	1508	712	888	-	CP052048.1	2853886	320125	320301	62	176	0
scaffold_83	140534	87656	87849	-	CP052048.1	2853886	320125	320318	134	193	0
scaffold_93	118238	26594	26662	-	CP052048.1	2853886	320259	320327	68	68	0
scaffold_68	182924	46669	48867	-	CP052048.1	2853886	329896	332094	736	2198	0
scaffold_1643	517	46	318	+	CP052048.1	2853886	331532	331804	78	272	0
scaffold_249	26889	3798	3923	+	CP052048.1	2853886	331766	331894	57	128	0
scaffold_365	15120	14631	14810	-	CP052048.1	2853886	338729	338908	42	179	0
scaffold_102	100464	74917	75086	-	CP052048.1	2853886	339440	339609	155	169	0
scaffold_212	35064	7180	7320	-	CP052048.1	2853886	339440	339580	95	140	0
scaffold_48	348853	333543	341163	-	CP052048.1	2853886	339442	347250	375	7808	0
scaffold_70	181850	173079	180728	+	CP052048.1	2853886	339442	347221	401	7779	0
scaffold_144	69844	55537	55635	+	CP052048.1	2853886	339471	339568	59	98	0
scaffold_343	16140	2921	3061	-	CP052048.1	2853886	339471	339609	85	140	0
scaffold_32	471417	2675	10327	+	CP052048.1	2853886	339471	347209	184	7771	0
scaffold_70	181850	30507	37993	-	CP052048.1	2853886	339814	347437	152	7633	0
scaffold_129	76929	56613	57397	+	CP052048.1	2853886	346289	347073	97	784	0
scaffold_212	35064	7180	7318	-	CP052048.1	2853886	347083	347221	93	138	0
scaffold_21	738175	55591	55757	-	CP052048.1	2853886	347083	347248	138	166	0
scaffold_102	100464	74917	75084	-	CP052048.1	2853886	347083	347250	153	167	0
scaffold_343	16140	2921	3061	-	CP052048.1	2853886	347112	347250	85	140	0
scaffold_22	716055	655783	655912	-	CP052048.1	2853886	490512	490641	77	129	0
scaffold_37	420435	113469	113522	+	CP052048.1	2853886	490512	490565	53	53	0
scaffold_8	1419871	1225470	1225520	+	CP052048.1	2853886	490531	490581	50	50	0
scaffold_2	2503568	190278	190328	+	CP052048.1	2853886	490531	490581	50	50	0
scaffold_46	353283	198943	199004	+	CP052048.1	2853886	557481	557542	61	61	0
scaffold_1188	733	248	321	-	CP052048.1	2853886	562982	563056	40	74	0
scaffold_347	15918	15835	15889	+	CP052048.1	2853886	779552	779606	54	54	0
scaffold_66	184824	28	82	-	CP052048.1	2853886	779552	779606	54	54	0
scaffold_13	1103368	37090	37235	-	CP052048.1	2853886	779552	779817	95	265	0
scaffold_10	1239786	1151830	1152764	-	CP052048.1	2853886	779567	780974	244	1407	0
scaffold_39	398046	132762	132886	-	CP052048.1	2853886	779583	779838	93	255	0
scaffold_11	1212133	1059907	1060255	+	CP052048.1	2853886	780518	780984	128	467	0
scaffold_37	420435	333303	333523	+	CP052048.1	2853886	780723	780999	145	276	0
scaffold_11	1212133	196034	196251	-	CP052048.1	2853886	780814	781031	152	217	0
scaffold_11	1212133	1059504	1059721	-	CP052048.1	2853886	780814	781031	137	217	0
scaffold_116	84153	84000	84135	-	CP052048.1	2853886	780838	780974	124	136	0
scaffold_5	1863748	16955	17085	-	CP052048.1	2853886	780844	780974	130	130	0
scaffold_111	88385	69433	69552	-	CP052048.1	2853886	780844	780963	77	119	0
scaffold_315	18631	18561	18625	-	CP052048.1	2853886	780910	780974	64	64	0
scaffold_2	2503568	2503500	2503564	-	CP052048.1	2853886	780910	780974	64	64	0
scaffold_149	65637	4	68	+	CP052048.1	2853886	780910	780974	64	64	0
scaffold_1588	528	3	94	-	CP052048.1	2853886	791454	791541	48	91	0
scaffold_21	738175	571549	571678	-	CP052048.1	2853886	806516	806645	57	129	0
scaffold_37	420435	113488	113551	-	CP052048.1	2853886	806582	806645	53	63	0
scaffold_2	2503568	190278	190341	-	CP052048.1	2853886	806582	806645	63	63	0
scaffold_46	353283	198929	199004	+	CP052048.1	2853886	1109965	1110040	75	75	0
scaffold_46	353283	198929	198985	+	CP052048.1	2853886	1549786	1549842	56	56	0
scaffold_1588	528	3	94	-	CP052048.1	2853886	1574060	1574154	48	94	0
scaffold_28	539988	154367	154462	+	CP052048.1	2853886	1658799	1658894	64	95	0
scaffold_1547	538	224	309	+	CP052048.1	2853886	1699966	1700051	85	85	0
scaffold_44	359581	210258	210312	+	CP052048.1	2853886	1754101	1754155	54	54	0
scaffold_371	14652	4650	4773	+	CP052048.1	2853886	1754398	1754520	63	123	0
scaffold_22	716055	24903	25027	-	CP052048.1	2853886	1754398	1754520	63	124	0
scaffold_50	298037	158615	166002	-	CP052048.1	2853886	1754398	1761936	817	7676	0
scaffold_48	348853	233	3843	-	CP052048.1	2853886	1754398	1758075	480	3683	0
scaffold_67	184376	69128	76843	+	CP052048.1	2853886	1754404	1761936	718	7717	0
scaffold_97	105629	90791	93015	+	CP052048.1	2853886	1754444	1756706	93	2273	0
scaffold_61	235649	96946	98121	+	CP052048.1	2853886	1754461	1755519	101	1185	0
scaffold_4	1881388	538534	539335	-	CP052048.1	2853886	1754766	1755554	186	802	0
scaffold_129	76929	43466	48928	-	CP052048.1	2853886	1756454	1761936	667	5551	0
scaffold_30	507731	444195	448915	-	CP052048.1	2853886	1757142	1761846	188	4806	0
scaffold_149	65637	61900	63445	-	CP052048.1	2853886	1757317	1758863	269	1546	0
scaffold_1170	745	546	730	-	CP052048.1	2853886	1759896	1760080	52	184	0
scaffold_122	81337	49744	49996	-	CP052048.1	2853886	1761602	1761862	79	260	0
scaffold_20	777291	7855	8476	+	CP052048.1	2853886	1762063	1762684	82	621	0
scaffold_25	600164	598862	598978	-	CP052048.1	2853886	1762267	1762382	62	116	0
scaffold_427	11379	4419	4461	+	CP052048.1	2853886	1762946	1762988	42	42	0
scaffold_59	256653	65236	68122	+	CP052048.1	2853886	1765088	1767945	147	2886	0
scaffold_4	1881388	532642	533294	-	CP052048.1	2853886	1767586	1768238	128	655	0
scaffold_66	184824	757	1667	-	CP052048.1	2853886	1770092	1770921	59	910	0
scaffold_1265	675	5	656	+	CP052048.1	2853886	1770201	1770853	57	652	0
scaffold_1525	546	104	500	-	CP052048.1	2853886	1770720	1771112	76	396	0
scaffold_1432	589	207	513	-	CP052048.1	2853886	1770834	1771136	62	306	0
scaffold_283	22139	2410	2714	-	CP052048.1	2853886	1772690	1772992	57	304	0
scaffold_1092	837	425	691	-	CP052048.1	2853886	1774094	1774360	105	266	0
scaffold_994	1008	362	791	-	CP052048.1	2853886	1774375	1774804	121	429	0
scaffold_2	2503568	2498740	2500129	+	CP052048.1	2853886	1775151	1776510	60	1392	0
scaffold_50	298037	229367	234225	+	CP052048.1	2853886	1775151	1780098	351	4965	0
scaffold_97	105629	102739	105214	-	CP052048.1	2853886	1775151	1777661	118	2510	0
scaffold_48	348853	329536	331200	+	CP052048.1	2853886	1775168	1776841	334	1674	0
scaffold_122	81337	27268	32094	-	CP052048.1	2853886	1776515	1781196	114	4839	0
scaffold_2	2503568	2501266	2501549	+	CP052048.1	2853886	1776587	1776872	65	285	0
scaffold_4	1881388	532700	533925	+	CP052048.1	2853886	1777694	1779103	175	1410	0
scaffold_1143	774	34	727	+	CP052048.1	2853886	1778139	1778832	196	693	0
scaffold_42	372282	372129	372249	-	CP052048.1	2853886	1780744	1780861	41	120	0
scaffold_28	539988	193204	193261	-	CP052048.1	2853886	1781139	1781196	47	57	0
scaffold_1188	733	248	321	+	CP052048.1	2853886	1792072	1792146	40	74	0
scaffold_429	11191	9723	9847	+	CP052048.1	2853886	1957018	1957142	57	124	0
scaffold_37	420435	113469	113522	-	CP052048.1	2853886	2281432	2281485	53	53	0
scaffold_243	28230	22456	22565	-	CP052048.1	2853886	2288943	2289052	73	109	0
scaffold_336	17138	14060	14181	-	CP052048.1	2853886	2288943	2289064	85	121	0
scaffold_61	235649	105784	105905	+	CP052048.1	2853886	2288943	2289064	66	121	0
scaffold_243	28230	26122	26238	+	CP052048.1	2853886	2288943	2289059	80	116	0
scaffold_90	123581	107332	107453	-	CP052048.1	2853886	2288943	2289064	85	121	0
scaffold_154	60446	37671	37780	+	CP052048.1	2853886	2288943	2289052	54	109	0
scaffold_371	14652	13759	13875	+	CP052048.1	2853886	2288943	2289059	80	116	0
scaffold_427	11379	3306	3398	+	CP052048.1	2853886	2288972	2289064	66	92	0
scaffold_347	15918	9984	10064	+	CP052048.1	2853886	2288972	2289052	54	80	0
scaffold_287	21903	4076	4163	+	CP052048.1	2853886	2288972	2289059	45	87	0
scaffold_119	82364	42888	43274	-	CP052048.1	2853886	2354763	2355149	58	386	0
scaffold_1563	533	57	99	-	CP052048.1	2853886	2355384	2355426	42	42	0
scaffold_367	15003	14045	14087	+	CP052048.1	2853886	2355384	2355426	42	42	0
scaffold_122	81337	36220	36309	+	CP052048.1	2853886	2355384	2355473	82	89	0
scaffold_137	72425	12145	12226	-	CP052048.1	2853886	2355384	2355465	81	81	0
scaffold_116	84153	23079	23145	-	CP052048.1	2853886	2355407	2355473	46	66	0
scaffold_82	143064	69050	70122	-	CP052048.1	2853886	2357098	2358191	217	1093	0
scaffold_91	120630	113775	114697	+	CP052048.1	2853886	2357116	2358057	116	941	0
scaffold_68	182924	172222	173547	+	CP052048.1	2853886	2358116	2359442	99	1327	0
scaffold_91	120630	116730	118734	+	CP052048.1	2853886	2358226	2360232	122	2006	0
scaffold_1381	613	180	344	-	CP052048.1	2853886	2358709	2358872	79	164	0
scaffold_9	1406917	468385	470378	+	CP052048.1	2853886	2359287	2361228	93	1993	0
scaffold_1628	520	178	467	-	CP052048.1	2853886	2359943	2360232	131	289	0
scaffold_137	72425	12145	12226	-	CP052048.1	2853886	2361177	2361258	81	81	0
scaffold_367	15003	14045	14087	+	CP052048.1	2853886	2361177	2361219	42	42	0
scaffold_1563	533	57	99	-	CP052048.1	2853886	2361177	2361219	42	42	0
scaffold_122	81337	36220	36301	+	CP052048.1	2853886	2361177	2361258	74	81	0
scaffold_122	81337	28976	29063	+	CP052048.1	2853886	2361177	2361264	83	87	0
scaffold_185	43118	6718	6846	-	CP052048.1	2853886	2362322	2362450	52	128	0
scaffold_45	358384	266973	267150	-	CP052048.1	2853886	2362359	2362536	68	177	0
scaffold_28	539988	193204	193261	+	CP052048.1	2853886	2362417	2362474	57	57	0
scaffold_14	908909	22724	22768	-	CP052048.1	2853886	2362430	2362474	44	44	0
scaffold_77	149510	132324	132470	+	CP052048.1	2853886	2548420	2548561	63	146	0
scaffold_28	539988	154367	154474	+	CP052048.1	2853886	2582206	2582313	96	107	0
scaffold_21	738175	55591	55757	-	CP052048.1	2853886	2603635	2603800	138	166	0
scaffold_48	348853	333543	341163	-	CP052048.1	2853886	2603635	2611443	375	7808	0
scaffold_212	35064	7180	7318	-	CP052048.1	2853886	2603635	2603773	93	138	0
scaffold_102	100464	74917	75084	-	CP052048.1	2853886	2603635	2603802	153	167	0
scaffold_70	181850	173079	180728	+	CP052048.1	2853886	2603635	2611414	401	7779	0
scaffold_343	16140	2921	3061	-	CP052048.1	2853886	2603664	2603802	85	140	0
scaffold_75	154281	102275	102612	-	CP052048.1	2853886	2603664	2603989	76	337	0
scaffold_32	471417	2675	10327	+	CP052048.1	2853886	2603664	2611402	184	7771	0
scaffold_129	76929	56613	57397	+	CP052048.1	2853886	2610482	2611266	97	784	0
scaffold_102	100464	74917	75084	-	CP052048.1	2853886	2611276	2611443	153	167	0
scaffold_21	738175	55591	55757	-	CP052048.1	2853886	2611276	2611441	138	166	0
scaffold_212	35064	7180	7318	-	CP052048.1	2853886	2611276	2611414	93	138	0
scaffold_75	154281	102275	102612	-	CP052048.1	2853886	2611305	2611630	76	337	0
scaffold_343	16140	2921	3061	-	CP052048.1	2853886	2611305	2611443	85	140	0
scaffold_128	78074	37087	37139	-	CP052048.1	2853886	2616596	2616648	50	52	0
scaffold_1117	806	113	212	+	CP052048.1	2853886	2616617	2616711	50	99	0
scaffold_154	60446	37671	37764	-	CP052048.1	2853886	2725927	2726020	53	93	0
scaffold_243	28230	22472	22565	+	CP052048.1	2853886	2725927	2726020	53	93	0
scaffold_1347	631	42	474	+	CP052048.1	2853886	2747892	2748324	106	432	0
scaffold_1347	631	579	619	+	CP052048.1	2853886	2749472	2749512	40	40	0
scaffold_96	109087	78269	78502	+	CP052048.1	2853886	2802193	2802454	71	261	0
scaffold_75	154281	102275	102612	+	CP052048.1	2853886	2802193	2802518	76	337	0
scaffold_70	181850	30507	37993	+	CP052048.1	2853886	2802193	2809817	152	7634	0
scaffold_343	16140	2921	3061	+	CP052048.1	2853886	2802380	2802518	85	140	0
scaffold_102	100464	74917	75084	+	CP052048.1	2853886	2802380	2802547	153	167	0
scaffold_48	348853	333543	341163	+	CP052048.1	2853886	2802380	2810189	375	7809	0
scaffold_21	738175	55591	55757	+	CP052048.1	2853886	2802382	2802547	138	166	0
scaffold_70	181850	173079	180728	-	CP052048.1	2853886	2802409	2810189	401	7780	0
scaffold_32	471417	2675	10327	-	CP052048.1	2853886	2802421	2810160	184	7771	0
scaffold_144	69844	55537	55635	-	CP052048.1	2853886	2802421	2802518	59	98	0
scaffold_129	76929	56613	57397	-	CP052048.1	2853886	2802557	2803341	97	784	0
scaffold_102	100464	74917	75086	+	CP052048.1	2853886	2810022	2810191	155	169	0
scaffold_21	738175	55591	55757	+	CP052048.1	2853886	2810024	2810189	138	166	0
scaffold_212	35064	7180	7320	+	CP052048.1	2853886	2810051	2810191	95	140	0
scaffold_144	69844	55537	55635	-	CP052048.1	2853886	2810063	2810160	59	98	0
scaffold_145	69505	64502	64721	+	CP052048.1	2853886	2810512	2810730	93	219	0
scaffold_59	256653	38498	38697	-	CP052048.1	2853886	2810542	2810741	121	199	0
scaffold_137	72425	13085	13271	-	CP052048.1	2853886	2810554	2810741	96	187	0
scaffold_371	14652	4650	4773	-	CP052048.1	2853886	2810597	2810721	65	124	0
scaffold_22	716055	24903	25027	+	CP052048.1	2853886	2810597	2810721	71	124	0
scaffold_20	777291	20457	20579	-	CP052048.1	2853886	2810597	2810721	85	124	0
scaffold_26	567511	563363	563506	+	CP052048.1	2853886	2810597	2810741	81	144	0
scaffold_104	98169	91605	91691	+	CP052048.1	2853886	2810655	2810741	86	86	0
scaffold_133	76283	50141	50378	+	CP052048.1	2853886	2814971	2815207	163	237	0
scaffold_169	51120	45279	45516	-	CP052048.1	2853886	2814971	2815207	99	237	0
scaffold_175	46490	30943	31180	-	CP052048.1	2853886	2814971	2815207	99	237	0
scaffold_99	104861	38600	40298	-	CP052048.1	2853886	2815352	2817051	179	1699	0
scaffold_68	182924	176651	177594	+	CP052048.1	2853886	2815973	2816916	57	943	0
scaffold_133	76283	27112	28167	+	CP052048.1	2853886	2819812	2820868	59	1056	0
scaffold_48	348853	148440	148863	+	CP052048.1	2853886	2822933	2823354	84	423	0
scaffold_71	175185	100096	100495	-	CP052048.1	2853886	2822933	2823329	112	399	0
scaffold_1700	504	211	432	-	CP052048.1	2853886	2823000	2823221	87	221	0
scaffold_90	123581	49949	50062	+	CP052048.1	2853886	2823160	2823272	66	113	0
scaffold_9	1406917	463136	463987	+	CP052048.1	2853886	2823202	2824053	100	852	0
scaffold_40	392173	109301	109922	-	CP052048.1	2853886	2823253	2823871	98	621	0
scaffold_1	2692756	35094	35205	-	CP052048.1	2853886	2824302	2824411	43	111	0
scaffold_45	358384	38085	38700	+	CP052048.1	2853886	2824335	2824950	120	615	0
scaffold_16	897138	9800	16951	-	CP052048.1	2853886	2824347	2831538	567	7242	0
scaffold_367	15003	14045	14087	+	CP052048.1	2853886	2824347	2824389	42	42	0
scaffold_91	120630	43401	50924	-	CP052048.1	2853886	2824347	2831806	666	7563	0
scaffold_122	81337	28976	29419	+	CP052048.1	2853886	2824347	2824771	98	443	0
scaffold_67	184376	55612	56893	+	CP052048.1	2853886	2824347	2825606	159	1284	0
scaffold_1563	533	57	99	-	CP052048.1	2853886	2824347	2824389	42	42	0
scaffold_272	24052	1455	6499	+	CP052048.1	2853886	2824361	2829300	201	5044	0
scaffold_16	897138	31276	34852	-	CP052048.1	2853886	2824370	2828071	276	3710	0
scaffold_1	2692756	99854	104229	-	CP052048.1	2853886	2827421	2831806	482	4389	0
scaffold_1708	502	148	468	-	CP052048.1	2853886	2829035	2829355	101	320	0
scaffold_1490	561	284	476	-	CP052048.1	2853886	2829158	2829350	115	192	0
scaffold_1381	613	17	344	-	CP052048.1	2853886	2829191	2829518	76	327	0
scaffold_50	298037	61151	63190	-	CP052048.1	2853886	2829752	2831797	253	2048	0
scaffold_68	182924	174673	175825	+	CP052048.1	2853886	2830615	2831776	116	1161	0
scaffold_1549	537	196	450	-	CP052048.1	2853886	2830806	2831060	79	254	0
scaffold_367	15003	14059	14152	+	CP052048.1	2853886	2831769	2831862	47	93	0
scaffold_26	567511	555689	560986	+	CP052048.1	2853886	2832102	2837397	550	5297	0
scaffold_129	76929	59459	65083	-	CP052048.1	2853886	2832900	2838658	595	5761	0
scaffold_10	1239786	1231998	1234837	-	CP052048.1	2853886	2834082	2836922	240	2840	0
scaffold_45	358384	308409	312708	+	CP052048.1	2853886	2834272	2838658	393	4388	0
scaffold_67	184376	60058	64218	+	CP052048.1	2853886	2834416	2838649	183	4260	0
scaffold_1626	520	17	440	-	CP052048.1	2853886	2835750	2836173	147	423	0
scaffold_71	175185	97199	97956	-	CP052048.1	2853886	2835890	2836647	130	757	0
scaffold_137	72425	506	2640	+	CP052048.1	2853886	2836481	2838714	198	2235	0
scaffold_10	1239786	154682	155875	+	CP052048.1	2853886	2837344	2838658	130	1315	0
scaffold_40	392173	144984	145953	+	CP052048.1	2853886	2837378	2838345	114	969	0
scaffold_104	98169	976	2084	+	CP052048.1	2853886	2837540	2838649	114	1111	0
scaffold_71	175185	100096	100480	-	CP052048.1	2853886	2838376	2838757	88	384	0
scaffold_1700	504	211	432	-	CP052048.1	2853886	2838428	2838649	81	221	0
scaffold_1334	638	567	610	-	CP052048.1	2853886	2845248	2845291	43	43	0
scaffold_1334	638	563	606	-	CP052048.1	2853886	2845248	2845291	43	43	0
scaffold_1334	638	559	602	-	CP052048.1	2853886	2845248	2845291	43	43	0
scaffold_1334	638	531	574	-	CP052048.1	2853886	2845248	2845291	43	43	0
scaffold_1334	638	519	562	-	CP052048.1	2853886	2845248	2845291	43	43	0
scaffold_1334	638	535	578	-	CP052048.1	2853886	2845248	2845291	43	43	0
scaffold_1334	638	511	554	-	CP052048.1	2853886	2845248	2845291	43	43	0
scaffold_1334	638	523	566	-	CP052048.1	2853886	2845248	2845291	43	43	0
scaffold_1334	638	543	586	-	CP052048.1	2853886	2845248	2845291	43	43	0
scaffold_1334	638	583	626	-	CP052048.1	2853886	2845248	2845291	43	43	0
scaffold_1334	638	527	570	-	CP052048.1	2853886	2845248	2845291	43	43	0
scaffold_1334	638	587	630	-	CP052048.1	2853886	2845248	2845291	43	43	0
scaffold_1334	638	547	590	-	CP052048.1	2853886	2845248	2845291	43	43	0
scaffold_1334	638	575	618	-	CP052048.1	2853886	2845248	2845291	43	43	0
scaffold_1334	638	579	622	-	CP052048.1	2853886	2845248	2845291	43	43	0
scaffold_1334	638	515	558	-	CP052048.1	2853886	2845248	2845291	43	43	0
scaffold_1334	638	591	634	-	CP052048.1	2853886	2845248	2845291	43	43	0
scaffold_1334	638	551	594	-	CP052048.1	2853886	2845248	2845291	43	43	0
scaffold_1334	638	539	582	-	CP052048.1	2853886	2845248	2845291	43	43	0
scaffold_1334	638	555	598	-	CP052048.1	2853886	2845248	2845291	43	43	0
scaffold_1334	638	571	614	-	CP052048.1	2853886	2845248	2845291	43	43	0
scaffold_1334	638	595	638	-	CP052048.1	2853886	2845248	2845291	43	43	0
scaffold_51	297976	89469	90019	-	CP052049.1	2552985	58575	59162	139	587	60
scaffold_40	392173	226350	312214	+	CP052049.1	2552985	82605	163217	55433	86071	60
scaffold_40	392173	323739	324215	+	CP052049.1	2552985	170134	170610	163	476	60
scaffold_40	392173	328926	350361	+	CP052049.1	2552985	174584	196747	12702	22355	60
scaffold_40	392173	354569	391015	+	CP052049.1	2552985	206313	238076	16590	36513	60
scaffold_35	440808	248329	254205	-	CP052049.1	2552985	238892	243807	291	6057	60
scaffold_149	65637	52807	53208	-	CP052049.1	2552985	244608	245009	107	401	60
scaffold_50	298037	60224	61005	+	CP052049.1	2552985	245201	245980	182	782	60
scaffold_62	231438	207601	215035	+	CP052049.1	2552985	245236	252804	643	7570	60
scaffold_149	65637	29109	52691	-	CP052049.1	2552985	253040	278256	12934	25851	60
scaffold_10	1239786	146204	150830	+	CP052049.1	2552985	281278	285669	328	4752	60
scaffold_1663	511	100	426	-	CP052049.1	2552985	295656	295981	122	326	60
scaffold_122	81337	28999	29427	-	CP052049.1	2552985	301006	301434	79	428	60
scaffold_149	65637	164	28184	-	CP052049.1	2552985	302008	340055	14929	38139	60
scaffold_1180	738	4	738	-	CP052049.1	2552985	308392	309127	649	735	60
scaffold_9	1406917	142	37805	+	CP052049.1	2552985	340099	379074	20118	39667	60
scaffold_9	1406917	37737	53860	+	CP052049.1	2552985	385083	401293	8598	16220	60
scaffold_9	1406917	55943	56872	+	CP052049.1	2552985	401554	402483	652	929	60
scaffold_9	1406917	61553	68074	+	CP052049.1	2552985	411152	417654	1708	6527	60
scaffold_9	1406917	70122	104405	+	CP052049.1	2552985	420245	459546	19054	39337	60
scaffold_1548	537	15	498	-	CP052049.1	2552985	421287	421770	467	483	60
scaffold_144	69844	23946	26092	+	CP052049.1	2552985	429603	431706	179	2152	60
scaffold_1665	511	15	505	+	CP052049.1	2552985	442411	442892	435	490	60
scaffold_1570	531	9	476	+	CP052049.1	2552985	464497	464963	321	467	60
scaffold_145	69505	55494	59049	-	CP052049.1	2552985	476615	480218	201	3605	60
scaffold_1671	509	24	266	-	CP052049.1	2552985	477748	477990	116	242	60
scaffold_59	256653	38524	43249	-	CP052049.1	2552985	482476	487606	481	5147	60
scaffold_67	184376	58941	66951	-	CP052049.1	2552985	485508	493537	437	8065	60
scaffold_61	235649	96946	98121	-	CP052049.1	2552985	486488	487548	133	1196	60
scaffold_4	1881388	507321	509268	-	CP052049.1	2552985	488214	490272	167	2058	60
scaffold_122	81337	30272	32366	-	CP052049.1	2552985	489306	491485	211	2179	60
scaffold_1234	697	151	681	+	CP052049.1	2552985	494173	494703	99	530	60
scaffold_1554	536	221	473	-	CP052049.1	2552985	495025	495277	96	252	60
scaffold_9	1406917	106852	459574	+	CP052049.1	2552985	505199	863478	224836	366659	60
scaffold_1543	539	13	523	-	CP052049.1	2552985	666578	667088	485	510	60
scaffold_1354	627	64	608	+	CP052049.1	2552985	695060	695603	339	545	60
scaffold_1624	520	13	504	-	CP052049.1	2552985	810716	811207	467	491	60
scaffold_1721	500	2	489	+	CP052049.1	2552985	877068	877620	155	552	60
scaffold_5	1863748	2968	3398	-	CP052049.1	2552985	879316	879747	103	432	60
scaffold_1102	825	9	783	+	CP052049.1	2552985	887393	887846	180	775	60
scaffold_50	298037	260150	261091	+	CP052049.1	2552985	891681	892624	134	943	60
scaffold_9	1406917	488909	500673	+	CP052049.1	2552985	898039	909766	8459	11768	60
scaffold_9	1406917	507251	509001	+	CP052049.1	2552985	909980	911526	458	1764	60
scaffold_9	1406917	512161	689326	+	CP052049.1	2552985	911627	1089176	126741	179956	60
scaffold_1635	518	7	473	+	CP052049.1	2552985	938686	939154	314	468	60
scaffold_9	1406917	693352	1004127	+	CP052049.1	2552985	1092034	1400230	223170	313706	60
scaffold_1160	757	9	750	+	CP052049.1	2552985	1240309	1241050	619	741	60
scaffold_9	1406917	1053506	1351218	+	CP052049.1	2552985	1400252	1679408	183415	305483	60
scaffold_1670	510	17	510	+	CP052049.1	2552985	1628311	1628804	480	493	60
scaffold_1514	552	15	541	-	CP052049.1	2552985	1670923	1671449	512	526	60
scaffold_9	1406917	1354996	1397064	-	CP052049.1	2552985	1679416	1728382	31195	49004	60
scaffold_155	60202	1675	3253	+	CP052049.1	2552985	1728525	1730101	745	1578	60
scaffold_155	60202	3382	60072	+	CP052049.1	2552985	1738211	1794386	36325	56894	60
scaffold_138	72333	512	72193	+	CP052049.1	2552985	1794483	1869840	44044	75470	60
scaffold_94	117662	3507	117536	+	CP052049.1	2552985	1869865	1998516	73739	136327	60
scaffold_28	539988	334457	448967	-	CP052049.1	2552985	1998518	2110984	68681	115619	60
scaffold_1107	818	17	801	-	CP052049.1	2552985	2012157	2012941	657	784	60
scaffold_28	539988	298394	318713	-	CP052049.1	2552985	2113250	2134879	9905	21921	60
scaffold_28	539988	275260	285857	-	CP052049.1	2552985	2137676	2148299	4550	10626	60
scaffold_28	539988	263586	266081	-	CP052049.1	2552985	2149240	2151734	1044	2495	60
scaffold_28	539988	258836	259408	-	CP052049.1	2552985	2151847	2152413	185	572	60
scaffold_28	539988	205340	257243	-	CP052049.1	2552985	2155652	2222190	33457	66646	60
scaffold_28	539988	202070	204865	-	CP052049.1	2552985	2236350	2239146	1386	2796	60
scaffold_28	539988	164350	182847	-	CP052049.1	2552985	2247631	2264517	8093	19536	60
scaffold_28	539988	154417	156034	-	CP052049.1	2552985	2264531	2266143	720	1618	60
scaffold_1229	700	8	688	-	CP052049.1	2552985	2278645	2279325	535	680	60
scaffold_45	358384	248789	253062	+	CP052049.1	2552985	2282574	2286911	240	4337	60
scaffold_28	539988	147227	154386	-	CP052049.1	2552985	2286955	2294127	3653	7183	60
scaffold_28	539988	146919	147135	-	CP052049.1	2552985	2295169	2295385	117	216	60
scaffold_28	539988	144075	146684	-	CP052049.1	2552985	2314681	2317290	1244	2609	60
scaffold_28	539988	131689	135280	-	CP052049.1	2552985	2317988	2321651	933	3667	60
scaffold_28	539988	91917	105890	+	CP052049.1	2552985	2321986	2335332	6714	14141	60
scaffold_28	539988	107349	109489	+	CP052049.1	2552985	2342844	2344982	1080	2140	60
scaffold_90	123581	11917	22770	-	CP052049.1	2552985	2345193	2355002	3200	10868	60
scaffold_28	539988	113833	126272	+	CP052049.1	2552985	2356305	2368078	5964	12469	60
scaffold_28	539988	86904	91136	-	CP052049.1	2552985	2380768	2384998	2399	4236	60
scaffold_28	539988	2281	84803	-	CP052049.1	2552985	2407444	2499420	39279	98448	60
scaffold_151	63507	54696	60283	-	CP052049.1	2552985	2475881	2481471	266	5614	60
scaffold_1	2692756	102244	106352	-	CP052049.1	2552985	2501059	2505327	404	4272	60
scaffold_91	120630	105958	106464	+	CP052049.1	2552985	2502367	2502873	106	506	60
scaffold_122	81337	29806	31072	+	CP052049.1	2552985	2503997	2505262	102	1266	60
scaffold_1072	865	26	824	-	CP052049.1	2552985	2507923	2508721	297	798	60
scaffold_59	256653	5511	5698	-	CP052049.1	2552985	2544485	2544621	112	187	60
scaffold_93	118238	7756	8144	-	CP052049.1	2552985	2545493	2545884	114	391	60
scaffold_115	86240	3583	4241	-	CP052049.1	2552985	2545493	2546155	152	662	60
scaffold_45	358384	103487	105418	-	CP052049.1	2552985	238865	240911	120	2046	59
scaffold_20	777291	12765	14270	+	CP052049.1	2552985	240501	241925	105	1505	58
scaffold_50	298037	185194	185442	-	CP052049.1	2552985	284509	284757	105	248	58
scaffold_122	81337	35961	36309	-	CP052049.1	2552985	488167	488485	101	348	58
scaffold_4	1881388	1859621	1863136	+	CP052049.1	2552985	281278	284878	247	3601	57
scaffold_969	1084	260	1076	-	CP052049.1	2552985	486790	487606	373	816	55
scaffold_116	84153	24468	32902	-	CP052049.1	2552985	245173	252776	778	8496	54
scaffold_122	81337	27119	29154	-	CP052049.1	2552985	472976	474967	100	2077	54
scaffold_32	471417	22298	22539	+	CP052049.1	2552985	301194	301434	95	241	52
scaffold_106	94230	88844	90061	-	CP052049.1	2552985	2246213	2247442	95	1229	51
scaffold_60	240913	106406	107880	+	CP052049.1	2552985	2522221	2523695	110	1474	51
scaffold_96	109087	37120	38665	-	CP052049.1	2552985	2184144	2185708	95	1564	49
scaffold_6	1692318	274916	275250	+	CP052049.1	2552985	875923	876286	95	365	48
scaffold_457	9754	3795	4018	+	CP052049.1	2552985	2545493	2545716	88	223	48
scaffold_83	140534	42342	44808	+	CP052049.1	2552985	12023	14503	88	2481	47
scaffold_40	392173	81157	81286	-	CP052049.1	2552985	886648	886794	78	146	46
scaffold_55	268656	17929	18021	+	CP052049.1	2552985	886695	886787	78	92	46
scaffold_45	358384	47900	48033	-	CP052049.1	2552985	2521249	2521382	110	133	46
scaffold_50	298037	229367	233093	+	CP052049.1	2552985	481489	485538	610	4050	44
scaffold_82	143064	118929	119672	-	CP052049.1	2552985	278186	278922	176	744	43
scaffold_16	897138	31533	34852	+	CP052049.1	2552985	492212	495668	359	3462	43
scaffold_91	120630	109586	112975	-	CP052049.1	2552985	238886	242033	182	3390	41
scaffold_1359	625	249	590	-	CP052049.1	2552985	481771	482111	100	341	41
scaffold_68	182924	29364	31985	+	CP052049.1	2552985	54338	56942	368	2621	40
scaffold_1290	662	46	155	+	CP052049.1	2552985	894497	894606	65	109	38
scaffold_55	268656	20896	21181	+	CP052049.1	2552985	245149	245434	127	285	36
scaffold_32	471417	279602	279907	-	CP052049.1	2552985	473488	473728	84	305	35
scaffold_137	72425	12902	13271	+	CP052049.1	2552985	238683	239052	104	369	34
scaffold_90	123581	49949	50097	+	CP052049.1	2552985	474735	474883	101	148	34
scaffold_1065	868	623	856	+	CP052049.1	2552985	189888	190121	66	233	33
scaffold_145	69505	49843	53151	+	CP052049.1	2552985	249626	252943	87	3317	32
scaffold_71	175185	99793	100224	-	CP052049.1	2552985	287989	288417	134	431	32
scaffold_11	1212133	235980	236110	+	CP052049.1	2552985	287997	288127	111	130	32
scaffold_91	120630	43363	50965	+	CP052049.1	2552985	488167	495731	754	7660	32
scaffold_93	118238	116787	116993	+	CP052049.1	2552985	2472388	2472594	65	206	32
scaffold_1	2692756	258718	266300	-	CP052049.1	2552985	245198	252804	661	7631	31
scaffold_50	298037	155919	157622	+	CP052049.1	2552985	245201	246902	208	1703	30
scaffold_185	43118	277	6399	-	CP052049.1	2552985	465159	471435	701	6300	30
scaffold_1	2692756	120154	120438	+	CP052049.1	2552985	488175	488458	119	284	30
scaffold_91	120630	105340	106053	-	CP052049.1	2552985	493518	494183	83	713	30
scaffold_21	738175	48377	49610	+	CP052049.1	2552985	896323	897527	95	1237	30
scaffold_40	392173	209260	210467	-	CP052049.1	2552985	2521401	2522598	80	1207	30
scaffold_1525	546	14	142	-	CP052049.1	2552985	241222	241350	62	128	29
scaffold_4	1881388	508294	509320	+	CP052049.1	2552985	2520324	2521382	155	1058	29
scaffold_50	298037	252756	255394	+	CP052049.1	2552985	238844	241346	160	2638	28
scaffold_145	69505	60340	60957	-	CP052049.1	2552985	297535	298151	101	617	28
scaffold_1234	697	7	502	+	CP052049.1	2552985	299779	300274	143	495	28
scaffold_58	259852	171914	172046	-	CP052049.1	2552985	863868	864000	71	132	28
scaffold_26	567511	562077	562230	+	CP052049.1	2552985	2500689	2500842	67	153	27
scaffold_145	69505	59950	61220	+	CP052049.1	2552985	2503209	2504521	76	1312	27
scaffold_5	1863748	401145	401442	-	CP052049.1	2552985	2277952	2278288	68	336	26
scaffold_1614	522	253	505	-	CP052049.1	2552985	243803	244055	73	252	25
scaffold_50	298037	117419	117563	+	CP052049.1	2552985	252660	252804	95	144	25
scaffold_11	1212133	195602	196512	-	CP052049.1	2552985	281915	282796	71	910	24
scaffold_48	348853	332649	332773	+	CP052049.1	2552985	301309	301434	75	125	24
scaffold_111	88385	19415	19541	+	CP052049.1	2552985	301785	301911	69	126	24
scaffold_59	256653	52811	62036	+	CP052049.1	2552985	465565	474967	717	9412	24
scaffold_1588	528	3	94	+	CP052049.1	2552985	724071	724160	68	91	24
scaffold_61	235649	86461	87801	-	CP052049.1	2552985	2501262	2502634	87	1372	24
scaffold_48	348853	341309	341449	-	CP052049.1	2552985	896310	896450	61	140	22
scaffold_83	140534	39540	40184	+	CP052049.1	2552985	9883	10529	59	646	21
scaffold_14	908909	21208	21376	+	CP052049.1	2552985	475300	475470	96	170	21
scaffold_51	297976	158029	158534	-	CP052049.1	2552985	2526888	2527393	60	505	21
scaffold_68	182924	173767	173936	-	CP052049.1	2552985	2286732	2286900	62	169	20
scaffold_35	440808	276208	276584	+	CP052049.1	2552985	894229	894598	59	376	19
scaffold_61	235649	95748	96429	+	CP052049.1	2552985	494988	495651	73	681	18
scaffold_39	398046	121191	121809	-	CP052049.1	2552985	864355	864988	69	658	16
scaffold_35	440808	263705	265855	-	CP052049.1	2552985	490203	492347	133	2158	15
scaffold_91	120630	114678	114728	+	CP052049.1	2552985	865175	865225	50	50	15
scaffold_682	3492	2806	3338	+	CP052049.1	2552985	896155	896687	70	532	15
scaffold_1700	504	109	432	-	CP052049.1	2552985	2286576	2286900	115	324	15
scaffold_82	143064	111991	112719	+	CP052049.1	2552985	2502853	2503658	115	805	15
scaffold_61	235649	75880	76060	+	CP052049.1	2552985	251348	251528	77	180	14
scaffold_1675	509	44	144	+	CP052049.1	2552985	2511523	2511623	57	100	14
scaffold_51	297976	110806	110940	-	CP052049.1	2552985	2521288	2521420	57	134	14
scaffold_68	182924	69461	70046	+	CP052049.1	2552985	2522640	2523225	57	585	14
scaffold_50	298037	61151	62327	-	CP052049.1	2552985	2523773	2524956	270	1186	14
scaffold_50	298037	24662	25030	-	CP052049.1	2552985	252675	253040	127	368	13
scaffold_21	738175	49591	49705	+	CP052049.1	2552985	474777	474891	83	114	13
scaffold_104	98169	67007	69211	-	CP052049.1	2552985	1683332	1685530	57	2204	13
scaffold_50	298037	256424	258060	+	CP052049.1	2552985	2501279	2502880	57	1636	13
scaffold_1071	865	290	669	-	CP052049.1	2552985	2504887	2505262	57	379	13
scaffold_122	81337	48441	49985	-	CP052049.1	2552985	2526360	2527880	96	1565	13
scaffold_14	908909	21733	22768	-	CP052049.1	2552985	245244	246279	77	1035	12
scaffold_50	298037	251067	253954	-	CP052049.1	2552985	251684	254750	176	3066	12
scaffold_982	1040	71	158	-	CP052049.1	2552985	301778	301865	50	87	12
scaffold_62	231438	214973	216284	+	CP052049.1	2552985	473657	475014	113	1357	11
scaffold_40	392173	71992	72323	-	CP052049.1	2552985	488167	488444	96	331	11
scaffold_82	143064	73039	73177	+	CP052049.1	2552985	488167	488304	66	138	11
scaffold_91	120630	73327	73394	+	CP052049.1	2552985	1661849	1661916	58	67	11
scaffold_68	182924	174657	175825	+	CP052049.1	2552985	2523757	2524935	130	1179	11
scaffold_343	16140	3426	3501	+	CP052049.1	2552985	7852	7927	51	75	10
scaffold_1170	745	549	719	-	CP052049.1	2552985	244689	244859	72	170	10
scaffold_62	231438	228544	229171	-	CP052049.1	2552985	247081	247709	64	628	10
scaffold_1584	529	118	467	+	CP052049.1	2552985	252105	252454	83	349	10
scaffold_431	11085	857	7034	+	CP052049.1	2552985	465524	471876	701	6505	10
scaffold_6	1692318	1563868	1564135	-	CP052049.1	2552985	504693	504980	57	287	10
scaffold_315	18631	9313	9981	+	CP052049.1	2552985	875073	875775	56	702	10
scaffold_45	358384	53620	54070	+	CP052049.1	2552985	2276454	2276921	57	467	10
scaffold_128	78074	36890	36972	-	CP052049.1	2552985	2306376	2306458	57	82	10
scaffold_45	358384	61419	61550	+	CP052049.1	2552985	2474791	2474923	51	132	10
scaffold_51	297976	120281	120332	+	CP052049.1	2552985	2525388	2525439	51	51	10
scaffold_1176	741	167	237	-	CP052049.1	2552985	32546	32616	46	70	9
scaffold_61	235649	88025	95543	+	CP052049.1	2552985	245201	252943	520	7748	9
scaffold_175	46490	12111	12259	+	CP052049.1	2552985	465442	465590	77	148	9
scaffold_77	149510	39896	40421	+	CP052049.1	2552985	2288330	2288882	57	554	9
scaffold_1641	517	213	283	-	CP052049.1	2552985	390771	390841	49	70	8
scaffold_68	182924	166148	170033	-	CP052049.1	2552985	491758	495711	272	3959	8
scaffold_50	298037	255951	256507	-	CP052049.1	2552985	494684	495241	76	557	8
scaffold_9	1406917	478685	478952	-	CP052049.1	2552985	2502367	2502634	57	267	8
scaffold_1625	520	195	386	-	CP052049.1	2552985	250677	250868	73	191	7
scaffold_61	235649	85122	86081	+	CP052049.1	2552985	494748	495691	57	962	7
scaffold_131	76605	60371	60460	+	CP052049.1	2552985	896935	897024	48	89	7
scaffold_137	72425	16281	17104	+	CP052049.1	2552985	2277137	2277835	76	832	7
scaffold_1	2692756	119744	119791	-	CP052049.1	2552985	296669	296716	47	47	6
scaffold_9	1406917	481315	481418	+	CP052049.1	2552985	465695	465798	45	103	6
scaffold_12	1155968	704306	705678	-	CP052049.1	2552985	2519749	2521115	83	1372	6
scaffold_102	100464	26139	27252	+	CP052049.1	2552985	31613	32723	83	1113	5
scaffold_110	91422	30493	31120	-	CP052049.1	2552985	1537314	1537937	535	627	5
scaffold_13	1103368	31167	31251	+	CP052049.1	2552985	2474807	2474892	45	85	5
scaffold_1619	521	81	495	+	CP052049.1	2552985	242844	243259	134	415	4
scaffold_111	88385	71388	71882	+	CP052049.1	2552985	863682	863966	174	494	4
scaffold_220	33416	17252	17630	-	CP052049.1	2552985	894229	894606	92	378	4
scaffold_51	297976	110854	111031	-	CP052049.1	2552985	287875	288050	43	177	3
scaffold_1	2692756	108817	111532	+	CP052049.1	2552985	297899	300543	287	2720	3
scaffold_137	72425	12079	12203	+	CP052049.1	2552985	301309	301434	60	125	3
scaffold_137	72425	18093	18148	-	CP052049.1	2552985	301393	301449	43	56	3
scaffold_145	69505	67966	68223	-	CP052049.1	2552985	489926	490195	46	269	3
scaffold_1490	561	80	520	+	CP052049.1	2552985	490471	490912	124	441	3
scaffold_82	143064	69136	72456	-	CP052049.1	2552985	2501037	2504508	264	3474	3
scaffold_16	897138	34824	34889	-	CP052049.1	2552985	2524900	2524965	47	65	3
scaffold_9	1406917	1402097	1402746	+	CP052049.1	2552985	20640	21296	44	656	2
scaffold_9	1406917	1354081	1354730	-	CP052049.1	2552985	20640	21296	44	656	2
scaffold_148	65701	640	721	+	CP052049.1	2552985	102877	102958	42	81	2
scaffold_51	297976	278759	278863	-	CP052049.1	2552985	238844	238948	59	104	2
scaffold_1092	837	450	830	+	CP052049.1	2552985	248159	248539	132	380	2
scaffold_1427	591	8	94	-	CP052049.1	2552985	873343	873425	43	86	2
scaffold_4	1881388	1859237	1859640	+	CP052049.1	2552985	897124	897527	47	403	2
scaffold_68	182924	83325	83901	+	CP052049.1	2552985	2523119	2523695	89	576	2
scaffold_1498	558	99	141	-	CP052049.1	2552985	2525564	2525606	42	42	2
scaffold_1020	926	436	890	+	CP052049.1	2552985	487152	487606	182	454	1
scaffold_921	1278	1178	1242	-	CP052049.1	2552985	895874	895938	41	64	1
scaffold_51	297976	119022	119346	+	CP052049.1	2552985	2527069	2527393	41	324	1
scaffold_153	61587	9718	10074	+	CP052049.1	2552985	5107	5463	129	356	0
scaffold_194	39750	24839	25929	+	CP052049.1	2552985	8199	9289	100	1090	0
scaffold_14	908909	32677	32727	-	CP052049.1	2552985	29849	29898	44	50	0
scaffold_431	11085	793	917	+	CP052049.1	2552985	29879	30002	40	124	0
scaffold_129	76929	49770	49893	+	CP052049.1	2552985	29879	30002	57	123	0
scaffold_312	19256	13310	13353	-	CP052049.1	2552985	29959	30002	43	43	0
scaffold_371	14652	4650	4743	+	CP052049.1	2552985	31613	31706	64	93	0
scaffold_312	19256	13310	13387	+	CP052049.1	2552985	31619	31696	40	77	0
scaffold_185	43118	6058	6781	+	CP052049.1	2552985	31619	32312	107	723	0
scaffold_212	35064	7180	7320	-	CP052049.1	2552985	60750	60890	95	140	0
scaffold_102	100464	74917	75086	-	CP052049.1	2552985	60750	60919	155	169	0
scaffold_48	348853	333543	341163	-	CP052049.1	2552985	60752	68560	375	7808	0
scaffold_21	738175	55591	55757	-	CP052049.1	2552985	60752	60917	138	166	0
scaffold_70	181850	173079	180728	+	CP052049.1	2552985	60752	68531	401	7779	0
scaffold_343	16140	2921	3061	-	CP052049.1	2552985	60781	60919	85	140	0
scaffold_75	154281	102275	102612	-	CP052049.1	2552985	60781	61106	76	337	0
scaffold_144	69844	55537	55635	+	CP052049.1	2552985	60781	60878	59	98	0
scaffold_32	471417	2675	10327	+	CP052049.1	2552985	60781	68519	184	7771	0
scaffold_70	181850	30507	37993	-	CP052049.1	2552985	61124	68747	152	7633	0
scaffold_129	76929	56613	57397	+	CP052049.1	2552985	67599	68383	97	784	0
scaffold_21	738175	55591	55757	-	CP052049.1	2552985	68393	68558	138	166	0
scaffold_343	16140	2921	3061	-	CP052049.1	2552985	68422	68560	85	140	0
scaffold_144	69844	55537	55635	+	CP052049.1	2552985	68422	68519	59	98	0
scaffold_431	11085	7606	10886	+	CP052049.1	2552985	238683	241869	190	3337	0
scaffold_1527	544	15	257	-	CP052049.1	2552985	238683	238911	53	242	0
scaffold_61	235649	96849	97266	+	CP052049.1	2552985	238852	239281	71	429	0
scaffold_145	69505	64494	64721	-	CP052049.1	2552985	238877	239102	80	227	0
scaffold_77	149510	95028	95253	+	CP052049.1	2552985	238877	239102	124	225	0
scaffold_42	372282	359539	359675	-	CP052049.1	2552985	238886	239022	68	136	0
scaffold_102	100464	92049	96333	+	CP052049.1	2552985	238886	243286	314	4404	0
scaffold_4	1881388	538424	539335	-	CP052049.1	2552985	239255	240155	161	911	0
scaffold_431	11085	3626	7063	-	CP052049.1	2552985	240136	243427	525	3438	0
scaffold_66	184824	198	1667	-	CP052049.1	2552985	240165	241654	57	1499	0
scaffold_1615	522	120	497	+	CP052049.1	2552985	241211	241588	119	377	0
scaffold_2	2503568	2501461	2501561	-	CP052049.1	2552985	245016	245116	50	100	0
scaffold_1578	530	304	403	-	CP052049.1	2552985	245173	245272	82	99	0
scaffold_137	72425	903	2649	-	CP052049.1	2552985	245178	246902	85	1746	0
scaffold_90	123581	49999	50062	-	CP052049.1	2552985	245201	245264	63	63	0
scaffold_129	76929	59416	66974	+	CP052049.1	2552985	245201	252804	674	7606	0
scaffold_50	298037	137146	144424	-	CP052049.1	2552985	245231	252921	376	7690	0
scaffold_1	2692756	112292	119134	+	CP052049.1	2552985	245231	252190	692	6959	0
scaffold_97	105629	93509	101103	+	CP052049.1	2552985	245253	252943	593	7696	0
scaffold_4	1881388	1685350	1692876	+	CP052049.1	2552985	245313	252873	490	7564	0
scaffold_26	567511	554596	561955	-	CP052049.1	2552985	245415	252804	645	7391	0
scaffold_51	297976	111522	118659	+	CP052049.1	2552985	245486	252771	658	7285	0
scaffold_45	358384	245423	251884	-	CP052049.1	2552985	246260	252761	681	6501	0
scaffold_14	908909	14803	20701	-	CP052049.1	2552985	246876	252804	615	5929	0
scaffold_10	1239786	1232823	1237990	+	CP052049.1	2552985	247683	252943	315	5260	0
scaffold_1717	501	57	371	+	CP052049.1	2552985	248866	249180	97	314	0
scaffold_1349	630	107	565	+	CP052049.1	2552985	250717	251175	57	458	0
scaffold_59	256653	77907	79809	+	CP052049.1	2552985	250849	252804	125	1955	0
scaffold_111	88385	68580	70140	-	CP052049.1	2552985	251684	252943	189	1561	0
scaffold_71	175185	148070	148268	-	CP052049.1	2552985	251781	251979	57	198	0
scaffold_62	231438	215986	216688	-	CP052049.1	2552985	252171	252873	122	703	0
scaffold_40	392173	109406	110112	+	CP052049.1	2552985	252247	252951	131	707	0
scaffold_91	120630	112054	112377	+	CP052049.1	2552985	252355	252679	96	324	0
scaffold_71	175185	100015	100215	+	CP052049.1	2552985	252603	252804	112	201	0
scaffold_90	123581	50000	50062	-	CP052049.1	2552985	252742	252804	62	62	0
scaffold_50	298037	168437	170128	+	CP052049.1	2552985	253079	254750	296	1693	0
scaffold_26	567511	566295	566788	-	CP052049.1	2552985	253136	253629	77	493	0
scaffold_427	11379	4377	4440	+	CP052049.1	2552985	254648	254711	40	63	0
scaffold_150	63801	62346	62393	+	CP052049.1	2552985	254664	254711	40	47	0
scaffold_26	567511	563343	563506	-	CP052049.1	2552985	254664	254827	81	163	0
scaffold_371	14652	4650	4716	+	CP052049.1	2552985	254684	254750	64	66	0
scaffold_1553	536	437	486	-	CP052049.1	2552985	254795	254844	49	49	0
scaffold_358	15501	6792	8992	-	CP052049.1	2552985	270945	273144	282	2200	0
scaffold_143	70430	26692	28692	+	CP052049.1	2552985	271078	273078	172	2000	0
scaffold_1449	577	18	517	-	CP052049.1	2552985	271290	271789	448	499	0
scaffold_258	25314	15369	16667	-	CP052049.1	2552985	271398	272697	336	1299	0
scaffold_181	44073	22990	23039	+	CP052049.1	2552985	272380	272429	49	49	0
scaffold_6	1692318	1563774	1563938	+	CP052049.1	2552985	278092	278256	57	164	0
scaffold_14	908909	21199	21363	-	CP052049.1	2552985	278092	278256	75	164	0
scaffold_137	72425	133	2668	-	CP052049.1	2552985	278092	280657	200	2611	0
scaffold_122	81337	35961	36345	-	CP052049.1	2552985	278103	278464	95	384	0
scaffold_11	1212133	198726	201408	-	CP052049.1	2552985	278164	280877	159	2714	0
scaffold_137	72425	12162	12255	+	CP052049.1	2552985	278164	278256	83	93	0
scaffold_9	1406917	467933	470378	-	CP052049.1	2552985	278177	280657	95	2480	0
scaffold_67	184376	61736	64218	-	CP052049.1	2552985	278186	280698	159	2512	0
scaffold_367	15003	14045	14087	-	CP052049.1	2552985	278186	278228	42	42	0
scaffold_59	256653	80207	80693	-	CP052049.1	2552985	278186	278671	95	487	0
scaffold_1563	533	57	114	+	CP052049.1	2552985	278186	278243	57	57	0
scaffold_67	184376	33708	35686	+	CP052049.1	2552985	278186	280167	141	1982	0
scaffold_40	392173	144493	145974	-	CP052049.1	2552985	278445	279876	115	1481	0
scaffold_82	143064	116103	117539	-	CP052049.1	2552985	279259	280698	115	1439	0
scaffold_1718	501	27	293	+	CP052049.1	2552985	280174	280439	60	266	0
scaffold_62	231438	215986	218623	+	CP052049.1	2552985	281218	283886	127	2669	0
scaffold_45	358384	245364	251798	+	CP052049.1	2552985	281271	287757	607	6490	0
scaffold_9	1406917	463136	466766	+	CP052049.1	2552985	281278	285159	130	3882	0
scaffold_10	1239786	1233296	1237860	-	CP052049.1	2552985	281278	285947	330	4669	0
scaffold_1584	529	258	467	-	CP052049.1	2552985	281637	281846	59	209	0
scaffold_71	175185	148070	148363	+	CP052049.1	2552985	282112	282405	76	293	0
scaffold_1088	845	80	480	+	CP052049.1	2552985	284575	284975	186	400	0
scaffold_145	69505	68901	69330	-	CP052049.1	2552985	284730	285159	80	429	0
scaffold_1717	501	352	464	-	CP052049.1	2552985	284820	284932	42	112	0
scaffold_1675	509	35	502	+	CP052049.1	2552985	287085	287552	144	467	0
scaffold_111	88385	68580	68771	+	CP052049.1	2552985	287859	288050	102	191	0
scaffold_10	1239786	1232830	1237990	-	CP052049.1	2552985	287859	293042	224	5183	0
scaffold_26	567511	550670	550863	+	CP052049.1	2552985	287859	288052	79	193	0
scaffold_9	1406917	463005	470369	+	CP052049.1	2552985	287859	295480	161	7637	0
scaffold_40	392173	109406	110104	-	CP052049.1	2552985	287859	288554	99	698	0
scaffold_1	2692756	258709	266354	+	CP052049.1	2552985	287989	295589	556	7647	0
scaffold_59	256653	78499	79818	-	CP052049.1	2552985	287989	289327	96	1338	0
scaffold_90	123581	49999	50062	+	CP052049.1	2552985	287997	288060	63	63	0
scaffold_48	348853	157753	157802	+	CP052049.1	2552985	288011	288060	49	49	0
scaffold_1	2692756	112220	119347	-	CP052049.1	2552985	288398	295574	583	7178	0
scaffold_67	184376	33708	37709	-	CP052049.1	2552985	291552	295480	176	4001	0
scaffold_1092	837	450	830	-	CP052049.1	2552985	292193	292573	123	380	0
scaffold_1718	501	14	176	-	CP052049.1	2552985	293392	293554	57	162	0
scaffold_26	567511	565613	567326	-	CP052049.1	2552985	293487	295239	77	1752	0
scaffold_1675	509	95	502	+	CP052049.1	2552985	293774	294181	141	407	0
scaffold_1523	548	36	498	-	CP052049.1	2552985	294030	294492	156	462	0
scaffold_1563	533	36	76	-	CP052049.1	2552985	295461	295501	40	40	0
scaffold_26	567511	561855	562096	+	CP052049.1	2552985	296404	296702	52	298	0
scaffold_67	184376	36504	38270	+	CP052049.1	2552985	296845	298610	155	1766	0
scaffold_82	143064	69050	70280	+	CP052049.1	2552985	297157	298409	196	1252	0
scaffold_68	182924	166208	169903	-	CP052049.1	2552985	297692	301417	251	3725	0
scaffold_323	18080	17975	18064	-	CP052049.1	2552985	301844	301933	40	89	0
scaffold_28	539988	186851	186919	+	CP052049.1	2552985	464704	464772	43	68	0
scaffold_33	455355	421415	421659	+	CP052049.1	2552985	465021	465265	57	244	0
scaffold_149	65637	61292	61440	+	CP052049.1	2552985	465436	465584	44	148	0
scaffold_82	143064	128860	133366	+	CP052049.1	2552985	465460	470281	559	4831	0
scaffold_1096	830	201	817	+	CP052049.1	2552985	465493	466110	148	617	0
scaffold_22	716055	24949	25070	+	CP052049.1	2552985	465512	465633	91	121	0
scaffold_67	184376	69169	76798	-	CP052049.1	2552985	465512	473109	614	7685	0
scaffold_104	98169	91605	91714	+	CP052049.1	2552985	465524	465633	93	109	0
scaffold_50	298037	158672	165938	+	CP052049.1	2552985	465524	473092	705	7579	0
scaffold_1	2692756	204365	210552	+	CP052049.1	2552985	465524	471876	619	6352	0
scaffold_45	358384	126354	134575	+	CP052049.1	2552985	465524	473552	591	8293	0
scaffold_48	348853	329536	332463	+	CP052049.1	2552985	465524	468479	342	2956	0
scaffold_137	72425	60451	67990	+	CP052049.1	2552985	465524	473109	749	7678	0
scaffold_145	69505	64671	64801	+	CP052049.1	2552985	465549	465679	88	130	0
scaffold_336	17138	14668	16711	-	CP052049.1	2552985	465557	467598	296	2043	0
scaffold_137	72425	12912	13124	-	CP052049.1	2552985	465571	465793	74	222	0
scaffold_59	256653	40036	44166	-	CP052049.1	2552985	465660	469775	562	4135	0
scaffold_26	567511	565613	567353	+	CP052049.1	2552985	465811	467620	255	1809	0
scaffold_10	1239786	1224816	1226386	+	CP052049.1	2552985	467048	468701	276	1653	0
scaffold_4	1881388	531896	533837	+	CP052049.1	2552985	467574	469699	163	2126	0
scaffold_1619	521	207	506	-	CP052049.1	2552985	468768	469067	96	299	0
scaffold_1143	774	20	454	+	CP052049.1	2552985	468809	469243	205	434	0
scaffold_66	184824	171	1667	+	CP052049.1	2552985	470359	471876	59	1526	0
scaffold_97	105629	90791	93333	-	CP052049.1	2552985	470473	473109	115	2638	0
scaffold_82	143064	135810	137768	+	CP052049.1	2552985	471023	473109	171	2086	0
scaffold_1265	675	5	652	-	CP052049.1	2552985	471047	471767	76	720	0
scaffold_4	1881388	538524	539335	+	CP052049.1	2552985	471986	472786	160	812	0
scaffold_185	43118	6675	6846	-	CP052049.1	2552985	473592	473763	101	171	0
scaffold_111	88385	68710	70239	+	CP052049.1	2552985	474777	476390	143	1613	0
scaffold_5	1863748	399806	399949	+	CP052049.1	2552985	474777	474920	57	143	0
scaffold_10	1239786	146204	151613	+	CP052049.1	2552985	474777	480179	226	5488	0
scaffold_4	1881388	1859237	1863136	+	CP052049.1	2552985	474777	478610	131	3919	0
scaffold_9	1406917	463136	463449	+	CP052049.1	2552985	474777	475090	101	313	0
scaffold_59	256653	74254	74397	-	CP052049.1	2552985	474777	474920	79	143	0
scaffold_40	392173	109801	109952	-	CP052049.1	2552985	474799	474950	96	151	0
scaffold_71	175185	101038	101216	-	CP052049.1	2552985	475276	475455	81	180	0
scaffold_988	1021	280	341	+	CP052049.1	2552985	475300	475361	61	61	0
scaffold_1563	533	57	114	-	CP052049.1	2552985	475304	475361	47	57	0
scaffold_33	455355	419758	419835	+	CP052049.1	2552985	481489	481566	77	77	0
scaffold_145	69505	64629	64712	+	CP052049.1	2552985	481489	481572	69	83	0
scaffold_427	11379	4419	4485	-	CP052049.1	2552985	481500	481566	46	66	0
scaffold_96	109087	17270	17333	-	CP052049.1	2552985	481500	481558	44	63	0
scaffold_10	1239786	171931	172332	-	CP052049.1	2552985	482783	483254	160	471	0
scaffold_104	98169	91268	91380	+	CP052049.1	2552985	482893	483005	57	112	0
scaffold_2	2503568	2501300	2501662	+	CP052049.1	2552985	482913	483308	65	395	0
scaffold_4	1881388	531890	533708	+	CP052049.1	2552985	483484	485468	177	2004	0
scaffold_1614	522	440	505	+	CP052049.1	2552985	484068	484133	44	65	0
scaffold_1619	521	94	506	-	CP052049.1	2552985	484666	485078	126	412	0
scaffold_4	1881388	546696	547023	+	CP052049.1	2552985	487255	487582	114	327	0
scaffold_145	69505	64494	64706	+	CP052049.1	2552985	487396	487606	84	212	0
scaffold_30	507731	17285	17458	-	CP052049.1	2552985	487434	487606	96	173	0
scaffold_9	1406917	460213	460290	-	CP052049.1	2552985	487529	487606	77	77	0
scaffold_116	84153	23079	23145	+	CP052049.1	2552985	488167	488233	46	66	0
scaffold_122	81337	28976	29057	-	CP052049.1	2552985	488175	488256	77	81	0
scaffold_137	72425	12145	12226	+	CP052049.1	2552985	488175	488256	81	81	0
scaffold_104	98169	648	2106	-	CP052049.1	2552985	488192	489603	144	1458	0
scaffold_28	539988	193204	193304	+	CP052049.1	2552985	488192	488291	52	100	0
scaffold_11	1212133	198626	201408	-	CP052049.1	2552985	488192	491030	180	2838	0
scaffold_1	2692756	99854	106268	+	CP052049.1	2552985	488205	494906	566	6712	0
scaffold_367	15003	14045	14087	-	CP052049.1	2552985	488214	488256	42	42	0
scaffold_40	392173	110917	118453	+	CP052049.1	2552985	488214	495677	438	7556	0
scaffold_1563	533	57	114	+	CP052049.1	2552985	488214	488271	57	57	0
scaffold_988	1021	280	341	-	CP052049.1	2552985	488214	488275	51	61	0
scaffold_1060	877	4	875	+	CP052049.1	2552985	488466	489330	241	871	0
scaffold_40	392173	144476	145974	-	CP052049.1	2552985	488466	489945	100	1498	0
scaffold_71	175185	102522	109032	+	CP052049.1	2552985	489306	495731	510	6514	0
scaffold_82	143064	114894	117544	-	CP052049.1	2552985	489306	491961	218	2655	0
scaffold_1718	501	54	333	+	CP052049.1	2552985	490253	490532	57	279	0
scaffold_45	358384	75512	80651	-	CP052049.1	2552985	490530	495691	412	5181	0
scaffold_1381	613	264	344	+	CP052049.1	2552985	490755	490835	60	80	0
scaffold_48	348853	343756	345593	+	CP052049.1	2552985	490969	492806	260	1837	0
scaffold_145	69505	60340	61157	-	CP052049.1	2552985	491502	492347	82	846	0
scaffold_82	143064	69433	73105	+	CP052049.1	2552985	491758	495668	281	3927	0
scaffold_1	2692756	108817	112311	+	CP052049.1	2552985	492095	495646	308	3618	0
scaffold_32	471417	22366	22603	+	CP052049.1	2552985	495495	495731	123	237	0
scaffold_122	81337	28976	29152	-	CP052049.1	2552985	495515	495691	96	176	0
scaffold_122	81337	36220	36309	-	CP052049.1	2552985	495602	495691	82	89	0
scaffold_116	84153	23079	23145	+	CP052049.1	2552985	495602	495668	46	66	0
scaffold_137	72425	12145	12226	+	CP052049.1	2552985	495610	495691	81	81	0
scaffold_28	539988	193204	193304	+	CP052049.1	2552985	495627	495726	52	100	0
scaffold_367	15003	14045	14087	-	CP052049.1	2552985	495649	495691	42	42	0
scaffold_1563	533	57	99	+	CP052049.1	2552985	495649	495691	42	42	0
scaffold_102	100464	74917	75086	-	CP052049.1	2552985	496562	496731	155	169	0
scaffold_212	35064	7180	7320	-	CP052049.1	2552985	496562	496702	95	140	0
scaffold_48	348853	332662	341163	-	CP052049.1	2552985	496564	505073	422	8690	0
scaffold_70	181850	173079	180728	+	CP052049.1	2552985	496564	504343	401	7779	0
scaffold_21	738175	55591	55757	-	CP052049.1	2552985	496564	496729	138	166	0
scaffold_343	16140	2921	3061	-	CP052049.1	2552985	496593	496731	85	140	0
scaffold_32	471417	2675	10327	+	CP052049.1	2552985	496593	504331	184	7771	0
scaffold_129	76929	56613	57397	+	CP052049.1	2552985	503411	504195	97	784	0
scaffold_21	738175	55591	55757	-	CP052049.1	2552985	504205	504370	138	166	0
scaffold_102	100464	74917	75084	-	CP052049.1	2552985	504205	504372	153	167	0
scaffold_343	16140	2921	3061	-	CP052049.1	2552985	504234	504372	85	140	0
scaffold_144	69844	55537	55635	+	CP052049.1	2552985	504234	504331	59	98	0
scaffold_96	109087	78269	78502	-	CP052049.1	2552985	504298	504559	71	261	0
scaffold_50	298037	153541	153692	+	CP052049.1	2552985	504880	505032	74	152	0
scaffold_10	1239786	155799	155875	+	CP052049.1	2552985	504914	504989	47	76	0
scaffold_90	123581	49949	50062	+	CP052049.1	2552985	504919	505032	66	113	0
scaffold_68	182924	161241	161339	-	CP052049.1	2552985	546076	546174	84	98	0
scaffold_2	2503568	190278	190341	-	CP052049.1	2552985	546092	546155	53	63	0
scaffold_22	716055	655830	655912	+	CP052049.1	2552985	546092	546174	82	82	0
scaffold_8	1419871	1225470	1225533	-	CP052049.1	2552985	546092	546155	53	63	0
scaffold_37	420435	113469	113551	-	CP052049.1	2552985	546092	546174	82	82	0
scaffold_358	15501	6792	8992	-	CP052049.1	2552985	597792	599991	282	2200	0
scaffold_143	70430	26692	28692	+	CP052049.1	2552985	597925	599925	172	2000	0
scaffold_1449	577	18	517	-	CP052049.1	2552985	598137	598636	448	499	0
scaffold_258	25314	15369	16667	-	CP052049.1	2552985	598245	599544	336	1299	0
scaffold_181	44073	22990	23039	+	CP052049.1	2552985	599227	599276	49	49	0
scaffold_82	143064	138098	138217	-	CP052049.1	2552985	599241	599363	47	122	0
scaffold_358	15501	6796	8992	+	CP052049.1	2552985	635218	637413	278	2196	0
scaffold_143	70430	26692	28692	-	CP052049.1	2552985	635280	637280	172	2000	0
scaffold_258	25314	15369	16667	+	CP052049.1	2552985	635661	636960	336	1299	0
scaffold_181	44073	22990	23039	-	CP052049.1	2552985	635929	635978	49	49	0
scaffold_1449	577	18	517	+	CP052049.1	2552985	636569	637068	448	499	0
scaffold_28	539988	154364	154474	+	CP052049.1	2552985	754836	754946	99	110	0
scaffold_358	15501	6792	8992	-	CP052049.1	2552985	766435	768634	282	2200	0
scaffold_143	70430	26692	28692	+	CP052049.1	2552985	766568	768568	172	2000	0
scaffold_1449	577	18	517	-	CP052049.1	2552985	766780	767279	448	499	0
scaffold_258	25314	15369	16667	-	CP052049.1	2552985	766888	768187	336	1299	0
scaffold_181	44073	22990	23039	+	CP052049.1	2552985	767870	767919	49	49	0
scaffold_1	2692756	89948	90074	+	CP052049.1	2552985	863840	863966	110	126	0
scaffold_35	440808	254597	255546	-	CP052049.1	2552985	864259	865166	152	960	0
scaffold_30	507731	480364	481024	+	CP052049.1	2552985	864259	864914	147	660	0
scaffold_20	777291	5748	5999	+	CP052049.1	2552985	864259	864510	89	251	0
scaffold_10	1239786	169737	170670	+	CP052049.1	2552985	864270	865152	245	934	0
scaffold_62	231438	223175	224112	-	CP052049.1	2552985	864270	865166	122	937	0
scaffold_62	231438	229285	230233	-	CP052049.1	2552985	864270	865166	124	948	0
scaffold_20	777291	7973	8506	+	CP052049.1	2552985	864494	864975	106	533	0
scaffold_145	69505	52071	52243	+	CP052049.1	2552985	864494	864667	68	173	0
scaffold_1660	512	176	495	+	CP052049.1	2552985	864547	864866	67	319	0
scaffold_220	33416	19079	19464	-	CP052049.1	2552985	864779	865166	69	387	0
scaffold_1402	605	73	134	-	CP052049.1	2552985	871444	871505	46	61	0
scaffold_44	359581	167573	170241	+	CP052049.1	2552985	873628	876271	76	2669	0
scaffold_315	18631	13315	14750	-	CP052049.1	2552985	873987	875417	76	1436	0
scaffold_6	1692318	260848	262239	-	CP052049.1	2552985	874049	875438	117	1392	0
scaffold_183	43655	758	1603	-	CP052049.1	2552985	874049	874892	118	845	0
scaffold_137	72425	15588	16179	-	CP052049.1	2552985	874827	875417	77	591	0
scaffold_131	76605	59258	59324	+	CP052049.1	2552985	875043	875109	66	66	0
scaffold_1052	884	779	872	-	CP052049.1	2552985	878733	878826	49	93	0
scaffold_9	1406917	474597	475346	-	CP052049.1	2552985	884785	885532	82	749	0
scaffold_67	184376	59368	60967	+	CP052049.1	2552985	891271	892868	122	1600	0
scaffold_48	348853	344133	345599	-	CP052049.1	2552985	891575	893043	147	1468	0
scaffold_91	120630	113399	114671	+	CP052049.1	2552985	891582	892874	135	1292	0
scaffold_82	143064	114783	119672	+	CP052049.1	2552985	892298	897143	219	4923	0
scaffold_4	1881388	496934	498931	+	CP052049.1	2552985	894119	896037	148	2004	0
scaffold_20	777291	795	1041	+	CP052049.1	2552985	894119	894362	83	246	0
scaffold_62	231438	229299	231042	+	CP052049.1	2552985	894119	895762	138	1743	0
scaffold_220	33416	22113	22456	-	CP052049.1	2552985	894156	894508	71	352	0
scaffold_20	777291	21310	21603	-	CP052049.1	2552985	894206	894516	111	310	0
scaffold_220	33416	11949	12776	+	CP052049.1	2552985	894609	895355	169	827	0
scaffold_25	600164	599624	599883	-	CP052049.1	2552985	895743	896037	52	294	0
scaffold_2	2503568	2501931	2502045	-	CP052049.1	2552985	896007	896121	49	114	0
scaffold_91	120630	118962	119030	+	CP052049.1	2552985	896323	896391	40	68	0
scaffold_90	123581	49778	50032	+	CP052049.1	2552985	896945	897165	52	254	0
scaffold_33	455355	421332	421619	+	CP052049.1	2552985	897293	897574	85	287	0
scaffold_336	17138	9640	11892	+	CP052049.1	2552985	1536121	1537937	832	2252	0
scaffold_151	63507	12538	14355	+	CP052049.1	2552985	1536121	1537937	805	1817	0
scaffold_9	1406917	601247	603063	-	CP052049.1	2552985	1536121	1537937	613	1816	0
scaffold_83	140534	84835	86233	+	CP052049.1	2552985	1536233	1537633	98	1400	0
scaffold_110	91422	31510	33194	+	CP052049.1	2552985	1536233	1537914	188	1684	0
scaffold_40	392173	208391	209814	-	CP052049.1	2552985	1536240	1537660	95	1423	0
scaffold_151	63507	14729	16002	+	CP052049.1	2552985	1536360	1537633	138	1273	0
scaffold_67	184376	19560	20749	+	CP052049.1	2552985	1536497	1537686	129	1189	0
scaffold_61	235649	36953	38035	+	CP052049.1	2552985	1536551	1537633	357	1082	0
scaffold_119	82364	42382	43443	-	CP052049.1	2552985	1536572	1537633	77	1061	0
scaffold_57	260754	104139	105200	-	CP052049.1	2552985	1536572	1537633	146	1061	0
scaffold_4	1881388	1602352	1603360	+	CP052049.1	2552985	1536625	1537633	150	1008	0
scaffold_150	63801	13815	13908	+	CP052049.1	2552985	1536740	1536833	43	93	0
scaffold_1652	514	197	413	+	CP052049.1	2552985	1537442	1537658	64	216	0
scaffold_1588	528	3	94	-	CP052049.1	2552985	1583077	1583159	48	91	0
scaffold_122	81337	49744	49996	-	CP052049.1	2552985	2276661	2276921	73	260	0
scaffold_51	297976	278772	279009	-	CP052049.1	2552985	2276684	2276921	41	237	0
scaffold_312	19256	13310	13353	+	CP052049.1	2552985	2276878	2276921	43	43	0
scaffold_102	100464	64892	68924	+	CP052049.1	2552985	2277137	2281212	80	4075	0
scaffold_1700	504	183	432	-	CP052049.1	2552985	2279615	2279865	90	250	0
scaffold_28	539988	193204	193261	-	CP052049.1	2552985	2279802	2279859	57	57	0
scaffold_14	908909	22724	22768	+	CP052049.1	2552985	2279802	2279846	44	44	0
scaffold_185	43118	6718	6846	+	CP052049.1	2552985	2279826	2279954	52	128	0
scaffold_1092	837	450	830	-	CP052049.1	2552985	2283390	2283770	125	380	0
scaffold_40	392173	145165	145659	+	CP052049.1	2552985	2285708	2286199	103	494	0
scaffold_28	539988	193177	193261	-	CP052049.1	2552985	2286763	2286847	47	84	0
scaffold_101	101313	45962	46056	-	CP052049.1	2552985	2375644	2375738	81	94	0
scaffold_144	69844	26294	26446	+	CP052049.1	2552985	2375647	2375796	76	152	0
scaffold_101	101313	56225	56842	+	CP052049.1	2552985	2453056	2453691	58	635	0
scaffold_1117	806	125	169	-	CP052049.1	2552985	2474866	2474910	44	44	0
scaffold_68	182924	166852	170350	+	CP052049.1	2552985	2501037	2504508	242	3514	0
scaffold_91	120630	113233	113992	+	CP052049.1	2552985	2502972	2503735	127	763	0
scaffold_16	897138	1105	2028	-	CP052049.1	2552985	2504243	2505167	96	925	0
scaffold_1490	561	80	536	-	CP052049.1	2552985	2505018	2505475	92	457	0
scaffold_1700	504	128	277	-	CP052049.1	2552985	2507337	2507486	78	149	0
scaffold_90	123581	49949	50062	+	CP052049.1	2552985	2507342	2507455	68	113	0
scaffold_28	539988	193204	193261	-	CP052049.1	2552985	2507368	2507425	47	57	0
scaffold_1578	530	304	389	+	CP052049.1	2552985	2507384	2507469	68	85	0
scaffold_111	88385	68710	69131	+	CP052049.1	2552985	2507384	2507805	122	421	0
scaffold_62	231438	216047	217396	+	CP052049.1	2552985	2507384	2508734	110	1350	0
scaffold_1584	529	20	467	-	CP052049.1	2552985	2507742	2508189	60	447	0
scaffold_994	1008	305	950	-	CP052049.1	2552985	2510254	2510899	137	645	0
scaffold_1626	520	43	472	-	CP052049.1	2552985	2510470	2510899	143	429	0
scaffold_212	35064	7180	7320	-	CP052049.1	2552985	2511681	2511821	95	140	0
scaffold_102	100464	74917	75086	-	CP052049.1	2552985	2511681	2511850	155	169	0
scaffold_70	181850	173079	180728	+	CP052049.1	2552985	2511683	2519462	401	7779	0
scaffold_48	348853	333543	341163	-	CP052049.1	2552985	2511683	2519491	375	7808	0
scaffold_21	738175	55591	55757	-	CP052049.1	2552985	2511683	2511848	138	166	0
scaffold_32	471417	2675	10327	+	CP052049.1	2552985	2511712	2519450	184	7771	0
scaffold_343	16140	2921	3061	-	CP052049.1	2552985	2511712	2511850	85	140	0
scaffold_129	76929	56613	57397	+	CP052049.1	2552985	2518530	2519314	97	784	0
scaffold_102	100464	74917	75084	-	CP052049.1	2552985	2519324	2519491	153	167	0
scaffold_21	738175	55591	55757	-	CP052049.1	2552985	2519324	2519489	138	166	0
scaffold_144	69844	55537	55635	+	CP052049.1	2552985	2519353	2519450	59	98	0
scaffold_343	16140	2921	3061	-	CP052049.1	2552985	2519353	2519491	85	140	0
scaffold_1523	548	86	498	-	CP052049.1	2552985	2519857	2520269	152	412	0
scaffold_90	123581	49949	50062	+	CP052049.1	2552985	2521269	2521382	68	113	0
scaffold_26	567511	550800	550911	+	CP052049.1	2552985	2521311	2521422	61	111	0
scaffold_93	118238	82809	84611	+	CP052049.1	2552985	2521903	2523705	359	1802	0
scaffold_51	297976	81962	83756	+	CP052049.1	2552985	2521937	2523731	396	1794	0
scaffold_212	35064	8037	8934	+	CP052049.1	2552985	2522362	2523259	133	897	0
scaffold_429	11191	143	559	+	CP052049.1	2552985	2522930	2523346	57	416	0
scaffold_71	175185	145526	146403	-	CP052049.1	2552985	2525382	2526275	72	894	0
scaffold_137	72425	12948	13188	+	CP052049.1	2552985	2526394	2526633	77	240	0
scaffold_104	98169	57202	57640	+	CP052049.1	2552985	2527069	2527507	81	438	0
scaffold_137	72425	15504	16133	+	CP052049.1	2552985	2543642	2544272	73	630	0
scaffold_40	392173	211174	211597	+	CP052049.1	2552985	2543818	2544242	84	424	0
scaffold_40	392173	180355	180653	+	CP052049.1	2552985	2545480	2545782	138	302	0
scaffold_153	61587	9718	10074	-	CP052049.1	2552985	2547488	2547844	129	356	0
